{
  "status": "completed",
  "divergence_reason": null,
  "device": "mps",
  "torch_version": "2.11.0",
  "parameter_count": 22696448,
  "max_steps": 160000,
  "completed_steps": 160000,
  "tokens_per_step": 256,
  "micro_batch_size": 1,
  "gradient_accumulation_steps": 1,
  "eval_batch_size": 32,
  "tokens_processed": 40960000,
  "requested_total_tokens": 40960000,
  "initial_validation_loss": 9.251003551483155,
  "final_train_loss": 2.6842074394226074,
  "final_validation_loss": 2.351137864589691,
  "best_validation_loss": 2.351137864589691,
  "elapsed_seconds": 2965.0613037500298,
  "mean_tokens_per_second": 13814.216909510867,
  "learning_rate": 0.003,
  "effective_divergence_threshold": 27.753010654449465,
  "seed": 42
}
