{
  "status": "completed",
  "divergence_reason": null,
  "device": "mps",
  "torch_version": "2.11.0",
  "parameter_count": 22696448,
  "max_steps": 2500,
  "completed_steps": 2500,
  "tokens_per_step": 16384,
  "micro_batch_size": 64,
  "gradient_accumulation_steps": 1,
  "eval_batch_size": 32,
  "tokens_processed": 40960000,
  "requested_total_tokens": 40960000,
  "initial_validation_loss": 9.251003551483155,
  "final_train_loss": 1.6202123165130615,
  "final_validation_loss": 1.60391663312912,
  "best_validation_loss": 1.60391663312912,
  "elapsed_seconds": 1756.8479460000526,
  "mean_tokens_per_second": 23314.482106010768,
  "learning_rate": 0.003,
  "effective_divergence_threshold": 27.753010654449465,
  "seed": 42
}
