{
  "status": "completed",
  "divergence_reason": null,
  "device": "mps",
  "torch_version": "2.11.0",
  "parameter_count": 22696448,
  "max_steps": 1250,
  "completed_steps": 1250,
  "tokens_per_step": 32768,
  "micro_batch_size": 128,
  "gradient_accumulation_steps": 1,
  "eval_batch_size": 32,
  "tokens_processed": 40960000,
  "requested_total_tokens": 40960000,
  "initial_validation_loss": 9.251003551483155,
  "final_train_loss": 1.6119678020477295,
  "final_validation_loss": 1.6191319942474365,
  "best_validation_loss": 1.6191319942474365,
  "elapsed_seconds": 2306.1332695000456,
  "mean_tokens_per_second": 17761.33259153746,
  "learning_rate": 0.003,
  "effective_divergence_threshold": 27.753010654449465,
  "seed": 42
}
