{
  "status": "completed",
  "divergence_reason": null,
  "device": "mps",
  "torch_version": "2.11.0",
  "parameter_count": 22696448,
  "max_steps": 625,
  "completed_steps": 625,
  "tokens_per_step": 65536,
  "micro_batch_size": 128,
  "gradient_accumulation_steps": 2,
  "eval_batch_size": 32,
  "tokens_processed": 40960000,
  "requested_total_tokens": 40960000,
  "initial_validation_loss": 9.251003551483155,
  "final_train_loss": 1.693924069404602,
  "final_validation_loss": 1.685768234729767,
  "best_validation_loss": 1.685768234729767,
  "elapsed_seconds": 1860.6177362499875,
  "mean_tokens_per_second": 22014.1941044556,
  "learning_rate": 0.003,
  "effective_divergence_threshold": 27.753010654449465,
  "seed": 42
}
