{
  "status": "completed",
  "divergence_reason": null,
  "device": "mps",
  "torch_version": "2.11.0",
  "parameter_count": 22696448,
  "max_steps": 10000,
  "completed_steps": 10000,
  "tokens_per_step": 4096,
  "micro_batch_size": 16,
  "gradient_accumulation_steps": 1,
  "eval_batch_size": 32,
  "tokens_processed": 40960000,
  "requested_total_tokens": 40960000,
  "initial_validation_loss": 9.251003551483155,
  "final_train_loss": 1.6707797050476074,
  "final_validation_loss": 1.6650016069412232,
  "best_validation_loss": 1.6650016069412232,
  "elapsed_seconds": 1765.0053170419997,
  "mean_tokens_per_second": 23206.728956854087,
  "learning_rate": 0.003,
  "effective_divergence_threshold": 27.753010654449465,
  "seed": 42
}
