{
  "status": "completed",
  "divergence_reason": null,
  "device": "mps",
  "torch_version": "2.11.0",
  "parameter_count": 22696448,
  "max_steps": 5000,
  "completed_steps": 5000,
  "tokens_per_step": 8192,
  "tokens_processed": 40960000,
  "requested_total_tokens": 40960000,
  "initial_validation_loss": 9.251003551483155,
  "final_train_loss": 1.9852973222732544,
  "final_validation_loss": 1.909123033285141,
  "best_validation_loss": 1.909123033285141,
  "elapsed_seconds": 1822.1643808329827,
  "mean_tokens_per_second": 22478.76230643669,
  "learning_rate": 0.027000000000000003,
  "effective_divergence_threshold": 27.753010654449465,
  "seed": 42
}
