{
  "status": "completed",
  "divergence_reason": null,
  "device": "mps",
  "torch_version": "2.11.0",
  "parameter_count": 22696448,
  "max_steps": 5000,
  "completed_steps": 5000,
  "tokens_per_step": 8192,
  "tokens_processed": 40960000,
  "requested_total_tokens": 40960000,
  "initial_validation_loss": 9.251003551483155,
  "final_train_loss": 1.9364304542541504,
  "final_validation_loss": 1.8589844405651093,
  "best_validation_loss": 1.8589844405651093,
  "elapsed_seconds": 1861.2439500420005,
  "mean_tokens_per_second": 22006.787449369924,
  "learning_rate": 0.0003,
  "effective_divergence_threshold": 27.753010654449465,
  "seed": 42
}
