model_size,batch_size,context_length,mode,dtype,warmup,steps,seed,raw_timings_ms,mean_ms,std_ms,cv,p50_ms,min_ms,max_ms,peak_allocated_mib,peak_reserved_mib,last_loss,status,error
small,4,512,forward,fp32,5,10,2026,"[18.27652007341385, 17.219191417098045, 17.247606068849564, 17.146967351436615, 17.132939770817757, 16.4629016071558, 16.252947971224785, 16.244379803538322, 16.284670680761337, 16.24307595193386]",16.851120069622993,0.6715347709164997,0.039851046585743295,16.79792068898678,16.24307595193386,18.27652007341385,806.8271484375,974.0,,ok,
small,4,512,forward_backward,fp32,5,10,2026,"[81.12647943198681, 65.3744786977768, 64.61602821946144, 66.03856943547726, 62.81556561589241, 62.54868023097515, 62.419068068265915, 62.465572729706764, 62.19783611595631, 62.500182539224625]",65.21024610847235,5.763429369626237,0.08838226679959472,62.68212292343378,62.19783611595631,81.12647943198681,4079.42626953125,4268.0,9.276470184326172,ok,
small,4,512,train_step,fp32,5,10,2026,"[88.0434401333332, 74.03971999883652, 73.9523321390152, 74.28517751395702, 73.77702742815018, 73.88048246502876, 74.59707744419575, 73.6942682415247, 74.21251386404037, 74.46207851171494]",75.49441177397966,4.418941234165049,0.05853335538787663,74.12611693143845,73.6942682415247,88.0434401333332,5066.66650390625,5384.0,4.623225688934326,ok,
small,4,512,train_step,fp32,0,10,2026,"[499.17709827423096, 80.5850476026535, 75.99865645170212, 76.03882439434528, 73.085967451334, 73.7972017377615, 74.32300969958305, 74.24573972821236, 73.35463166236877, 73.50527308881283]",117.41114500910044,134.15724879254313,1.1426278892190747,74.2843747138977,73.085967451334,499.17709827423096,5066.66650390625,5288.0,6.635109901428223,ok,
