{"step":39000,"val_loss":0.7931362617015839,"lr":3.042035078954792e-05,"_step":39000,"train_loss":0.7507197856903076,"tokens_processed":319496192,"wall_clock_s":2020.2091257572174,"_timestamp":1.7843033580150585e+09,"perp":2.2103177018736155,"_runtime":2052.158021345,"_wandb":{"runtime":2052}}