{
  "ablation": {},
  "batch_size": 128,
  "best_val_loss": 3.297750949859619,
  "context_length": 256,
  "final_train_loss": 3.333852767944336,
  "final_val_loss": 3.3071484565734863,
  "max_cuda_memory_bytes": 11739307008,
  "model": {
    "context_length": 256,
    "d_ff": 1344,
    "d_model": 512,
    "num_heads": 16,
    "num_layers": 4,
    "rope_theta": 10000.0,
    "vocab_size": 10000
  },
  "parameter_count": 22696448,
  "processed_tokens": 16384000,
  "run_name": "lr_1e-4",
  "steps": 500,
  "tokens_per_sec": 151002.20807750805,
  "total_training_sec": 108.50172463431954
}