{
  "final_val_loss": 3.4707268953323362,
  "total_train_time_sec": 75.63980007171631,
  "config": {
    "d_model": 512,
    "num_layers": 4,
    "num_heads": 16,
    "context_length": 256,
    "batch_size": 32,
    "total_steps": 3000
  }
}