{
  "ablation": {},
  "batch_size": 128,
  "best_val_loss": 1.3791290521621704,
  "context_length": 256,
  "final_train_loss": 1.3267087936401367,
  "final_val_loss": 1.3813881874084473,
  "max_cuda_memory_bytes": 11739307008,
  "model": {
    "context_length": 256,
    "d_ff": 1344,
    "d_model": 512,
    "num_heads": 16,
    "num_layers": 4,
    "rope_theta": 10000.0,
    "vocab_size": 10000
  },
  "parameter_count": 22696448,
  "processed_tokens": 327680000,
  "run_name": "tinystories_baseline",
  "steps": 10000,
  "tokens_per_sec": 155313.7632682269,
  "total_training_sec": 2109.7937047220767
}