{
  "final_val_loss": 1.5068568646907807,
  "total_train_time_sec": 798.3970258235931,
  "config": {
    "d_model": 512,
    "num_layers": 4,
    "num_heads": 16,
    "context_length": 256,
    "batch_size": 128,
    "total_steps": 10000
  }
}