{"_runtime":216.492608334,"wall_clock_s":198.3873438835144,"val_loss":0.8944918525218963,"perp":2.44609249786732,"lr":0.00037164432518160747,"_wandb":{"runtime":216},"tokens_processed":36880384,"train_loss":0.8845057487487793,"_step":2250,"_timestamp":1.7842871061489272e+09,"step":2250}