{"_runtime":1509.29435351,"train_loss":0.7389423251152039,"perp":2.1610364843778305,"wall_clock_s":1473.5120747089386,"tokens_processed":319496192,"val_loss":0.7705879604816437,"_wandb":{"runtime":1509},"step":39000,"_timestamp":1.7842983917712097e+09,"_step":39000,"lr":3.042035078954792e-05}