{
  "final_val_loss": 1.438652354478836,
  "total_train_time_sec": 955.1648075580597,
  "config": {
    "d_model": 512,
    "num_layers": 4,
    "num_heads": 16,
    "context_length": 256,
    "batch_size": 32,
    "total_steps": 40000
  }
}