step,time_ms
0,15.780863761901855
1,15.906815528869629
2,15.88428783416748
3,15.972352027893066
4,15.976448059082031
5,16.285696029663086
6,15.869952201843262
7,15.870976448059082
8,15.925248146057129
9,16.22425651550293
