step,time_ms
0,214.44505310058594
1,24.041471481323242
2,24.044544219970703
3,24.018943786621094
4,23.819263458251953
5,23.87660789489746
6,23.73017692565918
7,23.7076473236084
8,23.67795181274414
9,23.646207809448242
