{"perp":2.0856908443209026,"lr":0.00010140116929849307,"_runtime":1460.952053873,"_step":19500,"val_loss":0.7351001405715942,"tokens_processed":319504384,"_wandb":{"runtime":1460},"step":19500,"wall_clock_s":1426.8121030330658,"train_loss":0.7136586904525757,"_timestamp":1.784286829350683e+09}