{
  "ablation": {
    "no_rope": true
  },
  "batch_size": 128,
  "best_val_loss": 1.8468475341796875,
  "context_length": 256,
  "final_train_loss": 1.8303320407867432,
  "final_val_loss": 1.8611797094345093,
  "max_cuda_memory_bytes": 11722513408,
  "model": {
    "context_length": 256,
    "d_ff": 1344,
    "d_model": 512,
    "num_heads": 16,
    "num_layers": 4,
    "rope_theta": 10000.0,
    "vocab_size": 10000
  },
  "parameter_count": 22696448,
  "processed_tokens": 49152000,
  "run_name": "ablation_no_rope",
  "steps": 1500,
  "tokens_per_sec": 163557.25499840174,
  "total_training_sec": 300.5186165571213
}