{
  "ablation": {},
  "batch_size": 128,
  "best_val_loss": 2.656311511993408,
  "context_length": 256,
  "final_train_loss": 2.6846070289611816,
  "final_val_loss": 2.668598175048828,
  "max_cuda_memory_bytes": 11739307008,
  "model": {
    "context_length": 256,
    "d_ff": 1344,
    "d_model": 512,
    "num_heads": 16,
    "num_layers": 4,
    "rope_theta": 10000.0,
    "vocab_size": 10000
  },
  "parameter_count": 22696448,
  "processed_tokens": 16384000,
  "run_name": "lr_3e-4",
  "steps": 500,
  "tokens_per_sec": 152945.9659242472,
  "total_training_sec": 107.12279922515154
}