{"_wandb":{"runtime":225},"step":2250,"val_loss":0.9016394650936127,"wall_clock_s":206.0067274570465,"_runtime":225.706416652,"perp":2.4636388519259373,"_step":2250,"_timestamp":1.7842886392137978e+09,"train_loss":0.9285001754760742,"tokens_processed":36880384,"lr":0.00037164432518160747}