{"wall_clock_s":2141.2942423820496,"val_loss":0.8042295825481415,"_step":39000,"step":39000,"_wandb":{"runtime":2218},"lr":3.042035078954792e-05,"tokens_processed":319496192,"train_loss":0.7966862916946411,"_timestamp":1.784302609927524e+09,"perp":2.2349739724201845,"_runtime":2218.277769281}