{"perp":2.4442352670856535,"_step":4500,"tokens_processed":36872192,"step":4500,"_wandb":{"runtime":210},"train_loss":0.8173347115516663,"val_loss":0.8937322998046875,"_runtime":210.974099686,"wall_clock_s":193.63994908332825,"lr":0.00037164432518160747,"_timestamp":1.7842885966225226e+09}