{
  "final_val_loss": 1.549915075302124,
  "total_train_time_sec": 990.7374088764191,
  "config": {
    "d_model": 512,
    "num_layers": 4,
    "num_heads": 16,
    "context_length": 256,
    "batch_size": 32,
    "total_steps": 40000
  }
}