{
  "ablation": {},
  "batch_size": 128,
  "best_val_loss": 3.5705392360687256,
  "context_length": 256,
  "final_train_loss": 3.6152632236480713,
  "final_val_loss": 3.5841877460479736,
  "max_cuda_memory_bytes": 11739307008,
  "model": {
    "context_length": 256,
    "d_ff": 1344,
    "d_model": 512,
    "num_heads": 16,
    "num_layers": 4,
    "rope_theta": 10000.0,
    "vocab_size": 10000
  },
  "parameter_count": 22696448,
  "processed_tokens": 16384000,
  "run_name": "lr_divergent_3e-2",
  "steps": 500,
  "tokens_per_sec": 153324.8348678374,
  "total_training_sec": 106.85809649899602
}