run_name,row_type,name,stage,activity_type,calls,range_duration_us,cpu_time_total_us,cuda_time_total_us,kernel_calls,inclusive,notes
small_ctx256_train_step_fp32,range,profile/measure,profile/measure,,1,76371.139,,,,true,measurement wall-clock CPU range; do not interpret as CUDA time
small_ctx256_train_step_fp32,range,forward,forward,,1,21374.204,,,,true,inclusive CPU annotation range
small_ctx256_train_step_fp32,range,backward,backward,,1,31831.063,,,,true,inclusive CPU annotation range
small_ctx256_train_step_fp32,range,optimizer,optimizer,,1,20988.653,,,,true,inclusive CPU annotation range
small_ctx256_train_step_fp32,range,attention/scores,forward,,12,1664.4859999999999,,,,true,inclusive nested range; do not add to forward
small_ctx256_train_step_fp32,range,attention/softmax,forward,,12,1777.837,,,,true,inclusive nested range; do not add to forward
small_ctx256_train_step_fp32,range,attention/value,forward,,12,1542.601,,,,true,inclusive nested range; do not add to forward
small_ctx256_train_step_fp32,cpu_op,aten::_reshape_alias,forward,,121,,180.392,,,,sum of CPU operation durations; nested operations may overlap
small_ctx256_train_step_fp32,cpu_op,aten::_unsafe_view,forward,,24,,48.884,,,,sum of CPU operation durations; nested operations may overlap
small_ctx256_train_step_fp32,cpu_op,aten::add,forward,,73,,680.238,,,,sum of CPU operation durations; nested operations may overlap
small_ctx256_train_step_fp32,cpu_op,aten::alias,forward,,24,,34.994,,,,sum of CPU operation durations; nested operations may overlap
small_ctx256_train_step_fp32,cpu_op,aten::arange,forward,,24,,319.934,,,,sum of CPU operation durations; nested operations may overlap
small_ctx256_train_step_fp32,cpu_op,aten::as_strided,forward,,1033,,379.479,,,,sum of CPU operation durations; nested operations may overlap
small_ctx256_train_step_fp32,cpu_op,aten::bmm,forward,,109,,2715.58,,,,sum of CPU operation durations; nested operations may overlap
small_ctx256_train_step_fp32,cpu_op,aten::cat,forward,,24,,276.734,,,,sum of CPU operation durations; nested operations may overlap
small_ctx256_train_step_fp32,cpu_op,aten::clone,forward,,24,,407.922,,,,sum of CPU operation durations; nested operations may overlap
small_ctx256_train_step_fp32,cpu_op,aten::concat,forward,,24,,307.383,,,,sum of CPU operation durations; nested operations may overlap
small_ctx256_train_step_fp32,cpu_op,aten::copy_,forward,,24,,226.657,,,,sum of CPU operation durations; nested operations may overlap
small_ctx256_train_step_fp32,cpu_op,aten::div,forward,,24,,281.655,,,,sum of CPU operation durations; nested operations may overlap
small_ctx256_train_step_fp32,cpu_op,aten::einsum,forward,,109,,7379.833,,,,sum of CPU operation durations; nested operations may overlap
small_ctx256_train_step_fp32,cpu_op,aten::empty,forward,,60,,154.201,,,,sum of CPU operation durations; nested operations may overlap
small_ctx256_train_step_fp32,cpu_op,aten::empty_like,forward,,24,,100.046,,,,sum of CPU operation durations; nested operations may overlap
small_ctx256_train_step_fp32,cpu_op,aten::exp,forward,,13,,150.823,,,,sum of CPU operation durations; nested operations may overlap
small_ctx256_train_step_fp32,cpu_op,aten::fill_,forward,,12,,110.459,,,,sum of CPU operation durations; nested operations may overlap
small_ctx256_train_step_fp32,cpu_op,aten::gather,forward,,1,,15.577,,,,sum of CPU operation durations; nested operations may overlap
small_ctx256_train_step_fp32,cpu_op,aten::ge,forward,,12,,137.625,,,,sum of CPU operation durations; nested operations may overlap
small_ctx256_train_step_fp32,cpu_op,aten::index,forward,,1,,53.086,,,,sum of CPU operation durations; nested operations may overlap
small_ctx256_train_step_fp32,cpu_op,aten::log,forward,,1,,9.583,,,,sum of CPU operation durations; nested operations may overlap
small_ctx256_train_step_fp32,cpu_op,aten::max,forward,,13,,220.95,,,,sum of CPU operation durations; nested operations may overlap
small_ctx256_train_step_fp32,cpu_op,aten::mean,forward,,27,,342.864,,,,sum of CPU operation durations; nested operations may overlap
small_ctx256_train_step_fp32,cpu_op,aten::mul,forward,,170,,1565.068,,,,sum of CPU operation durations; nested operations may overlap
small_ctx256_train_step_fp32,cpu_op,aten::neg,forward,,1,,9.926,,,,sum of CPU operation durations; nested operations may overlap
small_ctx256_train_step_fp32,cpu_op,aten::permute,forward,,617,,1545.07,,,,sum of CPU operation durations; nested operations may overlap
small_ctx256_train_step_fp32,cpu_op,aten::pow,forward,,25,,328.3,,,,sum of CPU operation durations; nested operations may overlap
small_ctx256_train_step_fp32,cpu_op,aten::reshape,forward,,315,,1242.883,,,,sum of CPU operation durations; nested operations may overlap
small_ctx256_train_step_fp32,cpu_op,aten::resize_,forward,,24,,57.232,,,,sum of CPU operation durations; nested operations may overlap
small_ctx256_train_step_fp32,cpu_op,aten::result_type,forward,,25,,8.097,,,,sum of CPU operation durations; nested operations may overlap
small_ctx256_train_step_fp32,cpu_op,aten::rsqrt,forward,,25,,236.739,,,,sum of CPU operation durations; nested operations may overlap
small_ctx256_train_step_fp32,cpu_op,aten::scalar_tensor,forward,,12,,185.687,,,,sum of CPU operation durations; nested operations may overlap
small_ctx256_train_step_fp32,cpu_op,aten::select,forward,,96,,169.895,,,,sum of CPU operation durations; nested operations may overlap
small_ctx256_train_step_fp32,cpu_op,aten::sigmoid,forward,,12,,143.022,,,,sum of CPU operation durations; nested operations may overlap
small_ctx256_train_step_fp32,cpu_op,aten::sub,forward,,38,,357.759,,,,sum of CPU operation durations; nested operations may overlap
small_ctx256_train_step_fp32,cpu_op,aten::sum,forward,,13,,170.99,,,,sum of CPU operation durations; nested operations may overlap
small_ctx256_train_step_fp32,cpu_op,aten::to,forward,,87,,21.783,,,,sum of CPU operation durations; nested operations may overlap
small_ctx256_train_step_fp32,cpu_op,aten::unbind,forward,,48,,323.875,,,,sum of CPU operation durations; nested operations may overlap
small_ctx256_train_step_fp32,cpu_op,aten::unsqueeze,forward,,316,,814.398,,,,sum of CPU operation durations; nested operations may overlap
small_ctx256_train_step_fp32,cpu_op,aten::view,forward,,388,,491.056,,,,sum of CPU operation durations; nested operations may overlap
small_ctx256_train_step_fp32,cpu_op,aten::where,forward,,24,,718.799,,,,sum of CPU operation durations; nested operations may overlap
small_ctx256_train_step_fp32,cpu_op,AddBackward0,backward,,73,,24.151,,,,sum of CPU operation durations; nested operations may overlap
small_ctx256_train_step_fp32,cpu_op,BmmBackward0,backward,,109,,4497.965,,,,sum of CPU operation durations; nested operations may overlap
small_ctx256_train_step_fp32,cpu_op,CatBackward0,backward,,24,,218.776,,,,sum of CPU operation durations; nested operations may overlap
small_ctx256_train_step_fp32,cpu_op,CloneBackward0,backward,,24,,4.568,,,,sum of CPU operation durations; nested operations may overlap
small_ctx256_train_step_fp32,cpu_op,DivBackward0,backward,,24,,609.434,,,,sum of CPU operation durations; nested operations may overlap
small_ctx256_train_step_fp32,cpu_op,ExpBackward0,backward,,13,,104.328,,,,sum of CPU operation durations; nested operations may overlap
small_ctx256_train_step_fp32,cpu_op,GatherBackward0,backward,,1,,49.423,,,,sum of CPU operation durations; nested operations may overlap
small_ctx256_train_step_fp32,cpu_op,IndexBackward0,backward,,1,,100.004,,,,sum of CPU operation durations; nested operations may overlap
small_ctx256_train_step_fp32,cpu_op,LogBackward0,backward,,1,,20.078,,,,sum of CPU operation durations; nested operations may overlap
small_ctx256_train_step_fp32,cpu_op,MaxBackward0,backward,,13,,443.02,,,,sum of CPU operation durations; nested operations may overlap
small_ctx256_train_step_fp32,cpu_op,MeanBackward0,backward,,1,,61.17,,,,sum of CPU operation durations; nested operations may overlap
small_ctx256_train_step_fp32,cpu_op,MeanBackward1,backward,,25,,410.927,,,,sum of CPU operation durations; nested operations may overlap
small_ctx256_train_step_fp32,cpu_op,MulBackward0,backward,,170,,1948.98,,,,sum of CPU operation durations; nested operations may overlap
small_ctx256_train_step_fp32,cpu_op,NegBackward0,backward,,1,,10.765,,,,sum of CPU operation durations; nested operations may overlap
small_ctx256_train_step_fp32,cpu_op,PermuteBackward0,backward,,617,,1566.598,,,,sum of CPU operation durations; nested operations may overlap
small_ctx256_train_step_fp32,cpu_op,PowBackward0,backward,,25,,853.553,,,,sum of CPU operation durations; nested operations may overlap
small_ctx256_train_step_fp32,cpu_op,ReshapeAliasBackward0,backward,,121,,647.187,,,,sum of CPU operation durations; nested operations may overlap
small_ctx256_train_step_fp32,cpu_op,RsqrtBackward0,backward,,25,,746.992,,,,sum of CPU operation durations; nested operations may overlap
small_ctx256_train_step_fp32,cpu_op,SigmoidBackward0,backward,,12,,121.544,,,,sum of CPU operation durations; nested operations may overlap
small_ctx256_train_step_fp32,cpu_op,SubBackward0,backward,,38,,284.871,,,,sum of CPU operation durations; nested operations may overlap
small_ctx256_train_step_fp32,cpu_op,SumBackward1,backward,,13,,48.154,,,,sum of CPU operation durations; nested operations may overlap
small_ctx256_train_step_fp32,cpu_op,UnbindBackward0,backward,,24,,333.79,,,,sum of CPU operation durations; nested operations may overlap
small_ctx256_train_step_fp32,cpu_op,UnsafeViewBackward0,backward,,24,,97.266,,,,sum of CPU operation durations; nested operations may overlap
small_ctx256_train_step_fp32,cpu_op,UnsqueezeBackward0,backward,,303,,708.719,,,,sum of CPU operation durations; nested operations may overlap
small_ctx256_train_step_fp32,cpu_op,ViewBackward0,backward,,363,,1376.36,,,,sum of CPU operation durations; nested operations may overlap
small_ctx256_train_step_fp32,cpu_op,WhereBackward0,backward,,12,,434.613,,,,sum of CPU operation durations; nested operations may overlap
small_ctx256_train_step_fp32,cpu_op,aten::_index_put_impl_,backward,,1,,82.627,,,,sum of CPU operation durations; nested operations may overlap
small_ctx256_train_step_fp32,cpu_op,aten::_reshape_alias,backward,,12,,20.382,,,,sum of CPU operation durations; nested operations may overlap
small_ctx256_train_step_fp32,cpu_op,aten::_unsafe_view,backward,,72,,48.327,,,,sum of CPU operation durations; nested operations may overlap
small_ctx256_train_step_fp32,cpu_op,aten::add,backward,,24,,174.269,,,,sum of CPU operation durations; nested operations may overlap
small_ctx256_train_step_fp32,cpu_op,aten::add_,backward,,147,,744.675,,,,sum of CPU operation durations; nested operations may overlap
small_ctx256_train_step_fp32,cpu_op,aten::arange,backward,,2,,23.793,,,,sum of CPU operation durations; nested operations may overlap
small_ctx256_train_step_fp32,cpu_op,aten::as_strided,backward,,1254,,435.716,,,,sum of CPU operation durations; nested operations may overlap
small_ctx256_train_step_fp32,cpu_op,aten::bmm,backward,,218,,3684.191,,,,sum of CPU operation durations; nested operations may overlap
small_ctx256_train_step_fp32,cpu_op,aten::cat,backward,,24,,217.957,,,,sum of CPU operation durations; nested operations may overlap
small_ctx256_train_step_fp32,cpu_op,aten::clone,backward,,72,,755.123,,,,sum of CPU operation durations; nested operations may overlap
small_ctx256_train_step_fp32,cpu_op,aten::copy_,backward,,182,,1280.031,,,,sum of CPU operation durations; nested operations may overlap
small_ctx256_train_step_fp32,cpu_op,aten::detach,backward,,26,,39.522999999999996,,,,sum of CPU operation durations; nested operations may overlap
small_ctx256_train_step_fp32,cpu_op,aten::div,backward,,101,,899.775,,,,sum of CPU operation durations; nested operations may overlap
small_ctx256_train_step_fp32,cpu_op,aten::div_,backward,,2,,19.448999999999998,,,,sum of CPU operation durations; nested operations may overlap
small_ctx256_train_step_fp32,cpu_op,aten::divide_,backward,,1,,12.653,,,,sum of CPU operation durations; nested operations may overlap
small_ctx256_train_step_fp32,cpu_op,aten::empty,backward,,114,,243.138,,,,sum of CPU operation durations; nested operations may overlap
small_ctx256_train_step_fp32,cpu_op,aten::empty_like,backward,,75,,230.33,,,,sum of CPU operation durations; nested operations may overlap
small_ctx256_train_step_fp32,cpu_op,aten::empty_strided,backward,,86,,210.775,,,,sum of CPU operation durations; nested operations may overlap
small_ctx256_train_step_fp32,cpu_op,aten::expand,backward,,40,,109.481,,,,sum of CPU operation durations; nested operations may overlap
small_ctx256_train_step_fp32,cpu_op,aten::fill_,backward,,28,,167.062,,,,sum of CPU operation durations; nested operations may overlap
small_ctx256_train_step_fp32,cpu_op,aten::gather_backward,backward,,1,,46.23,,,,sum of CPU operation durations; nested operations may overlap
small_ctx256_train_step_fp32,cpu_op,aten::mul,backward,,421,,2850.531,,,,sum of CPU operation durations; nested operations may overlap
small_ctx256_train_step_fp32,cpu_op,aten::narrow,backward,,48,,181.148,,,,sum of CPU operation durations; nested operations may overlap
small_ctx256_train_step_fp32,cpu_op,aten::neg,backward,,51,,354.5,,,,sum of CPU operation durations; nested operations may overlap
small_ctx256_train_step_fp32,cpu_op,aten::new_empty,backward,,2,,9.459,,,,sum of CPU operation durations; nested operations may overlap
small_ctx256_train_step_fp32,cpu_op,aten::new_empty_strided,backward,,85,,313.173,,,,sum of CPU operation durations; nested operations may overlap
small_ctx256_train_step_fp32,cpu_op,aten::new_zeros,backward,,2,,33.998,,,,sum of CPU operation durations; nested operations may overlap
small_ctx256_train_step_fp32,cpu_op,aten::ones_like,backward,,1,,17.379,,,,sum of CPU operation durations; nested operations may overlap
small_ctx256_train_step_fp32,cpu_op,aten::permute,backward,,617,,1101.375,,,,sum of CPU operation durations; nested operations may overlap
small_ctx256_train_step_fp32,cpu_op,aten::pow,backward,,50,,687.371,,,,sum of CPU operation durations; nested operations may overlap
small_ctx256_train_step_fp32,cpu_op,aten::remainder,backward,,2,,19.314999999999998,,,,sum of CPU operation durations; nested operations may overlap
small_ctx256_train_step_fp32,cpu_op,aten::reshape,backward,,509,,1725.275,,,,sum of CPU operation durations; nested operations may overlap
small_ctx256_train_step_fp32,cpu_op,aten::resize_,backward,,13,,28.45,,,,sum of CPU operation durations; nested operations may overlap
small_ctx256_train_step_fp32,cpu_op,aten::result_type,backward,,50,,7.7700000000000005,,,,sum of CPU operation durations; nested operations may overlap
small_ctx256_train_step_fp32,cpu_op,aten::scalar_tensor,backward,,12,,170.449,,,,sum of CPU operation durations; nested operations may overlap
small_ctx256_train_step_fp32,cpu_op,aten::scatter_,backward,,13,,208.822,,,,sum of CPU operation durations; nested operations may overlap
small_ctx256_train_step_fp32,cpu_op,aten::scatter_add_,backward,,1,,21.496,,,,sum of CPU operation durations; nested operations may overlap
small_ctx256_train_step_fp32,cpu_op,aten::sigmoid_backward,backward,,12,,99.809,,,,sum of CPU operation durations; nested operations may overlap
small_ctx256_train_step_fp32,cpu_op,aten::slice,backward,,48,,114.791,,,,sum of CPU operation durations; nested operations may overlap
small_ctx256_train_step_fp32,cpu_op,aten::squeeze,backward,,303,,529.234,,,,sum of CPU operation durations; nested operations may overlap
small_ctx256_train_step_fp32,cpu_op,aten::stack,backward,,24,,299.395,,,,sum of CPU operation durations; nested operations may overlap
small_ctx256_train_step_fp32,cpu_op,aten::sum,backward,,76,,836.743,,,,sum of CPU operation durations; nested operations may overlap
small_ctx256_train_step_fp32,cpu_op,aten::to,backward,,63,,9.758,,,,sum of CPU operation durations; nested operations may overlap
small_ctx256_train_step_fp32,cpu_op,aten::transpose,backward,,218,,457.751,,,,sum of CPU operation durations; nested operations may overlap
small_ctx256_train_step_fp32,cpu_op,aten::value_selecting_reduction_backward,backward,,13,,415.353,,,,sum of CPU operation durations; nested operations may overlap
small_ctx256_train_step_fp32,cpu_op,aten::view,backward,,474,,329.855,,,,sum of CPU operation durations; nested operations may overlap
small_ctx256_train_step_fp32,cpu_op,aten::where,backward,,24,,616.6129999999999,,,,sum of CPU operation durations; nested operations may overlap
small_ctx256_train_step_fp32,cpu_op,aten::zero_,backward,,15,,128.715,,,,sum of CPU operation durations; nested operations may overlap
small_ctx256_train_step_fp32,cpu_op,aten::zeros,backward,,13,,172.58,,,,sum of CPU operation durations; nested operations may overlap
small_ctx256_train_step_fp32,cpu_op,autograd::engine::evaluate_function: AddBackward0,backward,,73,,189.932,,,,sum of CPU operation durations; nested operations may overlap
small_ctx256_train_step_fp32,cpu_op,autograd::engine::evaluate_function: BmmBackward0,backward,,109,,4921.85,,,,sum of CPU operation durations; nested operations may overlap
small_ctx256_train_step_fp32,cpu_op,autograd::engine::evaluate_function: CatBackward0,backward,,24,,282.159,,,,sum of CPU operation durations; nested operations may overlap
small_ctx256_train_step_fp32,cpu_op,autograd::engine::evaluate_function: CloneBackward0,backward,,24,,50.928,,,,sum of CPU operation durations; nested operations may overlap
small_ctx256_train_step_fp32,cpu_op,autograd::engine::evaluate_function: DivBackward0,backward,,24,,816.838,,,,sum of CPU operation durations; nested operations may overlap
small_ctx256_train_step_fp32,cpu_op,autograd::engine::evaluate_function: ExpBackward0,backward,,13,,156.161,,,,sum of CPU operation durations; nested operations may overlap
small_ctx256_train_step_fp32,cpu_op,autograd::engine::evaluate_function: GatherBackward0,backward,,1,,59.138,,,,sum of CPU operation durations; nested operations may overlap
small_ctx256_train_step_fp32,cpu_op,autograd::engine::evaluate_function: IndexBackward0,backward,,1,,103.648,,,,sum of CPU operation durations; nested operations may overlap
small_ctx256_train_step_fp32,cpu_op,autograd::engine::evaluate_function: LogBackward0,backward,,1,,23.93,,,,sum of CPU operation durations; nested operations may overlap
small_ctx256_train_step_fp32,cpu_op,autograd::engine::evaluate_function: MaxBackward0,backward,,13,,585.862,,,,sum of CPU operation durations; nested operations may overlap
small_ctx256_train_step_fp32,cpu_op,autograd::engine::evaluate_function: MeanBackward0,backward,,1,,71.485,,,,sum of CPU operation durations; nested operations may overlap
small_ctx256_train_step_fp32,cpu_op,autograd::engine::evaluate_function: MeanBackward1,backward,,25,,475.042,,,,sum of CPU operation durations; nested operations may overlap
small_ctx256_train_step_fp32,cpu_op,autograd::engine::evaluate_function: MulBackward0,backward,,170,,3649.412,,,,sum of CPU operation durations; nested operations may overlap
small_ctx256_train_step_fp32,cpu_op,autograd::engine::evaluate_function: NegBackward0,backward,,1,,13.462,,,,sum of CPU operation durations; nested operations may overlap
small_ctx256_train_step_fp32,cpu_op,autograd::engine::evaluate_function: PermuteBackward0,backward,,617,,2989.853,,,,sum of CPU operation durations; nested operations may overlap
small_ctx256_train_step_fp32,cpu_op,autograd::engine::evaluate_function: PowBackward0,backward,,25,,1103.454,,,,sum of CPU operation durations; nested operations may overlap
small_ctx256_train_step_fp32,cpu_op,autograd::engine::evaluate_function: ReshapeAliasBackward0,backward,,121,,1054.1109999999999,,,,sum of CPU operation durations; nested operations may overlap
small_ctx256_train_step_fp32,cpu_op,autograd::engine::evaluate_function: RsqrtBackward0,backward,,25,,817.108,,,,sum of CPU operation durations; nested operations may overlap
small_ctx256_train_step_fp32,cpu_op,autograd::engine::evaluate_function: SigmoidBackward0,backward,,12,,239.445,,,,sum of CPU operation durations; nested operations may overlap
small_ctx256_train_step_fp32,cpu_op,autograd::engine::evaluate_function: SubBackward0,backward,,38,,509.126,,,,sum of CPU operation durations; nested operations may overlap
small_ctx256_train_step_fp32,cpu_op,autograd::engine::evaluate_function: SumBackward1,backward,,13,,181.418,,,,sum of CPU operation durations; nested operations may overlap
small_ctx256_train_step_fp32,cpu_op,autograd::engine::evaluate_function: UnbindBackward0,backward,,24,,399.0,,,,sum of CPU operation durations; nested operations may overlap
small_ctx256_train_step_fp32,cpu_op,autograd::engine::evaluate_function: UnsafeViewBackward0,backward,,24,,149.35399999999998,,,,sum of CPU operation durations; nested operations may overlap
small_ctx256_train_step_fp32,cpu_op,autograd::engine::evaluate_function: UnsqueezeBackward0,backward,,303,,1735.995,,,,sum of CPU operation durations; nested operations may overlap
small_ctx256_train_step_fp32,cpu_op,autograd::engine::evaluate_function: ViewBackward0,backward,,363,,2164.029,,,,sum of CPU operation durations; nested operations may overlap
small_ctx256_train_step_fp32,cpu_op,autograd::engine::evaluate_function: WhereBackward0,backward,,12,,480.363,,,,sum of CPU operation durations; nested operations may overlap
small_ctx256_train_step_fp32,cpu_op,autograd::engine::evaluate_function: torch::autograd::AccumulateGrad,backward,,111,,1440.858,,,,sum of CPU operation durations; nested operations may overlap
small_ctx256_train_step_fp32,cpu_op,detach,backward,,26,,23.044999999999998,,,,sum of CPU operation durations; nested operations may overlap
small_ctx256_train_step_fp32,cpu_op,torch::autograd::AccumulateGrad,backward,,111,,1232.7160000000001,,,,sum of CPU operation durations; nested operations may overlap
small_ctx256_train_step_fp32,cpu_op,aten::_has_compatible_shallow_copy_type,optimizer,,222,,20.609,,,,sum of CPU operation durations; nested operations may overlap
small_ctx256_train_step_fp32,cpu_op,aten::_local_scalar_dense,optimizer,,1,,22.74,,,,sum of CPU operation durations; nested operations may overlap
small_ctx256_train_step_fp32,cpu_op,aten::_to_copy,optimizer,,1,,50.338,,,,sum of CPU operation durations; nested operations may overlap
small_ctx256_train_step_fp32,cpu_op,aten::add,optimizer,,334,,1995.333,,,,sum of CPU operation durations; nested operations may overlap
small_ctx256_train_step_fp32,cpu_op,aten::add_,optimizer,,111,,548.915,,,,sum of CPU operation durations; nested operations may overlap
small_ctx256_train_step_fp32,cpu_op,aten::as_strided,optimizer,,111,,25.964,,,,sum of CPU operation durations; nested operations may overlap
small_ctx256_train_step_fp32,cpu_op,aten::copy_,optimizer,,1,,32.0,,,,sum of CPU operation durations; nested operations may overlap
small_ctx256_train_step_fp32,cpu_op,aten::detach_,optimizer,,1,,1.736,,,,sum of CPU operation durations; nested operations may overlap
small_ctx256_train_step_fp32,cpu_op,aten::div,optimizer,,111,,664.053,,,,sum of CPU operation durations; nested operations may overlap
small_ctx256_train_step_fp32,cpu_op,aten::empty,optimizer,,1,,5.615,,,,sum of CPU operation durations; nested operations may overlap
small_ctx256_train_step_fp32,cpu_op,aten::empty_like,optimizer,,222,,645.352,,,,sum of CPU operation durations; nested operations may overlap
small_ctx256_train_step_fp32,cpu_op,aten::empty_strided,optimizer,,223,,445.805,,,,sum of CPU operation durations; nested operations may overlap
small_ctx256_train_step_fp32,cpu_op,aten::fill_,optimizer,,222,,913.853,,,,sum of CPU operation durations; nested operations may overlap
small_ctx256_train_step_fp32,cpu_op,aten::is_nonzero,optimizer,,1,,25.771,,,,sum of CPU operation durations; nested operations may overlap
small_ctx256_train_step_fp32,cpu_op,aten::item,optimizer,,1,,24.372,,,,sum of CPU operation durations; nested operations may overlap
small_ctx256_train_step_fp32,cpu_op,aten::lift_fresh,optimizer,,1,,0.246,,,,sum of CPU operation durations; nested operations may overlap
small_ctx256_train_step_fp32,cpu_op,aten::lt,optimizer,,1,,11.412,,,,sum of CPU operation durations; nested operations may overlap
small_ctx256_train_step_fp32,cpu_op,aten::mul,optimizer,,667,,4049.921,,,,sum of CPU operation durations; nested operations may overlap
small_ctx256_train_step_fp32,cpu_op,aten::mul_,optimizer,,111,,524.038,,,,sum of CPU operation durations; nested operations may overlap
small_ctx256_train_step_fp32,cpu_op,aten::pow,optimizer,,222,,1555.329,,,,sum of CPU operation durations; nested operations may overlap
small_ctx256_train_step_fp32,cpu_op,aten::reciprocal,optimizer,,1,,8.381,,,,sum of CPU operation durations; nested operations may overlap
small_ctx256_train_step_fp32,cpu_op,aten::result_type,optimizer,,222,,15.031,,,,sum of CPU operation durations; nested operations may overlap
small_ctx256_train_step_fp32,cpu_op,aten::sqrt,optimizer,,112,,631.73,,,,sum of CPU operation durations; nested operations may overlap
small_ctx256_train_step_fp32,cpu_op,aten::square,optimizer,,111,,834.053,,,,sum of CPU operation durations; nested operations may overlap
small_ctx256_train_step_fp32,cpu_op,aten::sub_,optimizer,,222,,1081.727,,,,sum of CPU operation durations; nested operations may overlap
small_ctx256_train_step_fp32,cpu_op,aten::sum,optimizer,,222,,2509.565,,,,sum of CPU operation durations; nested operations may overlap
small_ctx256_train_step_fp32,cpu_op,aten::to,optimizer,,223,,65.482,,,,sum of CPU operation durations; nested operations may overlap
small_ctx256_train_step_fp32,cpu_op,aten::zero_,optimizer,,222,,1211.229,,,,sum of CPU operation durations; nested operations may overlap
small_ctx256_train_step_fp32,cpu_op,aten::zeros_like,optimizer,,222,,2203.184,,,,sum of CPU operation durations; nested operations may overlap
small_ctx256_train_step_fp32,cpu_op,detach_,optimizer,,1,,0.791,,,,sum of CPU operation durations; nested operations may overlap
small_ctx256_train_step_fp32,cuda_activity,Memset (Device),forward,gpu_memset,1,,,1.12,0,,sum of physical GPU activity durations; not GPU wall-clock time
small_ctx256_train_step_fp32,cuda_activity,sm90_xmma_gemm_f32f32_tf32f32_f32_tn_n_tilesize128x128x32_warpgroupsize1x1x1_execute_segment_k_off_kernel__5x_cublas,forward,kernel,25,,,569.76,25,,sum of physical GPU activity durations; not GPU wall-clock time
small_ctx256_train_step_fp32,cuda_activity,sm90_xmma_gemm_f32f32_tf32f32_f32_tn_n_tilesize64x128x32_warpgroupsize1x1x1_execute_segment_k_off_kernel__5x_cublas,forward,kernel,60,,,728.286,60,,sum of physical GPU activity durations; not GPU wall-clock time
small_ctx256_train_step_fp32,cuda_activity,"void (anonymous namespace)::elementwise_kernel_with_index<int, at::native::arange_cuda_out(c10::Scalar const&, c10::Scalar const&, c10::Scalar const&, at::Tensor&)::{lambda()#1}::operator()() const::{lambda()#4}::operator()() const::{lambda(long)#1}>(int, at::native::arange_cuda_out(c10::Scalar const&, c10::Scalar const&, c10::Scalar const&, at::Tensor&)::{lambda()#1}::operator()() const::{lambda()#4}::operator()() const::{lambda(long)#1}, function_traits<at::native::arange_cuda_out(c10::Scalar const&, c10::Scalar const&, c10::Scalar const&, at::Tensor&)::{lambda()#1}::operator()() const::{lambda()#4}::operator()() const::{lambda(long)#1}>::result_type*)",forward,kernel,12,,,12.319,12,,sum of physical GPU activity durations; not GPU wall-clock time
small_ctx256_train_step_fp32,cuda_activity,"void at::native::(anonymous namespace)::CatArrayBatchedCopy<at::native::(anonymous namespace)::OpaqueType<4u>, unsigned int, 4, 64, 64>(at::native::(anonymous namespace)::OpaqueType<4u>*, at::native::(anonymous namespace)::CatArrInputTensorMetadata<at::native::(anonymous namespace)::OpaqueType<4u>, unsigned int, 64, 64>, at::native::(anonymous namespace)::TensorSizeStride<unsigned int, 4u>, int, unsigned int)",forward,kernel,24,,,167.998,24,,sum of physical GPU activity durations; not GPU wall-clock time
small_ctx256_train_step_fp32,cuda_activity,"void at::native::_scatter_gather_elementwise_kernel<128, 8, at::native::_cuda_scatter_gather_internal_kernel<false, at::native::OpaqueType<4>, long>::operator()<at::native::TensorAssign>(at::TensorIterator&, long, long, long, at::native::TensorAssign const&)::{lambda(int)#1}>(int, at::native::_cuda_scatter_gather_internal_kernel<false, at::native::OpaqueType<4>, long>::operator()<at::native::TensorAssign>(at::TensorIterator&, long, long, long, at::native::TensorAssign const&)::{lambda(int)#1})",forward,kernel,1,,,8.768,1,,sum of physical GPU activity durations; not GPU wall-clock time
small_ctx256_train_step_fp32,cuda_activity,"void at::native::elementwise_kernel<128, 2, at::native::gpu_kernel_impl_nocast<at::native::(anonymous namespace)::where_kernel_impl(at::TensorIterator&)::{lambda()#1}::operator()() const::{lambda()#11}::operator()() const::{lambda(bool, float, float)#1}>(at::TensorIteratorBase&, at::native::(anonymous namespace)::where_kernel_impl(at::TensorIterator&)::{lambda()#1}::operator()() const::{lambda()#11}::operator()() const::{lambda(bool, float, float)#1} const&)::{lambda(int)#1}>(int, at::native::gpu_kernel_impl_nocast<at::native::(anonymous namespace)::where_kernel_impl(at::TensorIterator&)::{lambda()#1}::operator()() const::{lambda()#11}::operator()() const::{lambda(bool, float, float)#1}>(at::TensorIteratorBase&, at::native::(anonymous namespace)::where_kernel_impl(at::TensorIterator&)::{lambda()#1}::operator()() const::{lambda()#11}::operator()() const::{lambda(bool, float, float)#1} const&)::{lambda(int)#1})",forward,kernel,12,,,122.46600000000001,12,,sum of physical GPU activity durations; not GPU wall-clock time
small_ctx256_train_step_fp32,cuda_activity,"void at::native::elementwise_kernel<128, 2, at::native::gpu_kernel_impl_nocast<at::native::BinaryFunctor<float, float, float, at::native::binary_internal::DivFunctor<float> > >(at::TensorIteratorBase&, at::native::BinaryFunctor<float, float, float, at::native::binary_internal::DivFunctor<float> > const&)::{lambda(int)#1}>(int, at::native::gpu_kernel_impl_nocast<at::native::BinaryFunctor<float, float, float, at::native::binary_internal::DivFunctor<float> > >(at::TensorIteratorBase&, at::native::BinaryFunctor<float, float, float, at::native::binary_internal::DivFunctor<float> > const&)::{lambda(int)#1})",forward,kernel,12,,,143.841,12,,sum of physical GPU activity durations; not GPU wall-clock time
small_ctx256_train_step_fp32,cuda_activity,"void at::native::elementwise_kernel<128, 2, at::native::gpu_kernel_impl_nocast<at::native::BinaryFunctor<float, float, float, at::native::binary_internal::MulFunctor<float> > >(at::TensorIteratorBase&, at::native::BinaryFunctor<float, float, float, at::native::binary_internal::MulFunctor<float> > const&)::{lambda(int)#1}>(int, at::native::gpu_kernel_impl_nocast<at::native::BinaryFunctor<float, float, float, at::native::binary_internal::MulFunctor<float> > >(at::TensorIteratorBase&, at::native::BinaryFunctor<float, float, float, at::native::binary_internal::MulFunctor<float> > const&)::{lambda(int)#1})",forward,kernel,146,,,520.7,146,,sum of physical GPU activity durations; not GPU wall-clock time
small_ctx256_train_step_fp32,cuda_activity,"void at::native::elementwise_kernel<128, 2, at::native::gpu_kernel_impl_nocast<at::native::CUDAFunctor_add<float> >(at::TensorIteratorBase&, at::native::CUDAFunctor_add<float> const&)::{lambda(int)#1}>(int, at::native::gpu_kernel_impl_nocast<at::native::CUDAFunctor_add<float> >(at::TensorIteratorBase&, at::native::CUDAFunctor_add<float> const&)::{lambda(int)#1})",forward,kernel,14,,,180.577,14,,sum of physical GPU activity durations; not GPU wall-clock time
small_ctx256_train_step_fp32,cuda_activity,"void at::native::elementwise_kernel<128, 2, at::native::gpu_kernel_impl_nocast<at::native::direct_copy_kernel_cuda(at::TensorIteratorBase&)::{lambda()#3}::operator()() const::{lambda()#7}::operator()() const::{lambda(float)#1}>(at::TensorIteratorBase&, at::native::direct_copy_kernel_cuda(at::TensorIteratorBase&)::{lambda()#3}::operator()() const::{lambda()#7}::operator()() const::{lambda(float)#1} const&)::{lambda(int)#1}>(int, at::native::gpu_kernel_impl_nocast<at::native::direct_copy_kernel_cuda(at::TensorIteratorBase&)::{lambda()#3}::operator()() const::{lambda()#7}::operator()() const::{lambda(float)#1}>(at::TensorIteratorBase&, at::native::direct_copy_kernel_cuda(at::TensorIteratorBase&)::{lambda()#3}::operator()() const::{lambda()#7}::operator()() const::{lambda(float)#1} const&)::{lambda(int)#1})",forward,kernel,24,,,114.336,24,,sum of physical GPU activity durations; not GPU wall-clock time
small_ctx256_train_step_fp32,cuda_activity,"void at::native::elementwise_kernel<128, 4, at::native::gpu_kernel_impl_nocast<at::native::(anonymous namespace)::CompareFunctor<long> >(at::TensorIteratorBase&, at::native::(anonymous namespace)::CompareFunctor<long> const&)::{lambda(int)#1}>(int, at::native::gpu_kernel_impl_nocast<at::native::(anonymous namespace)::CompareFunctor<long> >(at::TensorIteratorBase&, at::native::(anonymous namespace)::CompareFunctor<long> const&)::{lambda(int)#1})",forward,kernel,12,,,34.978,12,,sum of physical GPU activity durations; not GPU wall-clock time
small_ctx256_train_step_fp32,cuda_activity,"void at::native::reduce_kernel<512, 1, at::native::ReduceOp<float, at::native::MaxOps<float>, unsigned int, float, 4, 4> >(at::native::ReduceOp<float, at::native::MaxOps<float>, unsigned int, float, 4, 4>)",forward,kernel,13,,,151.746,13,,sum of physical GPU activity durations; not GPU wall-clock time
small_ctx256_train_step_fp32,cuda_activity,"void at::native::reduce_kernel<512, 1, at::native::ReduceOp<float, at::native::MeanOps<float, float, float, float>, unsigned int, float, 4, 4> >(at::native::ReduceOp<float, at::native::MeanOps<float, float, float, float>, unsigned int, float, 4, 4>)",forward,kernel,26,,,113.346,26,,sum of physical GPU activity durations; not GPU wall-clock time
small_ctx256_train_step_fp32,cuda_activity,"void at::native::reduce_kernel<512, 1, at::native::ReduceOp<float, at::native::func_wrapper_t<float, at::native::sum_functor<float, float, float>::operator()(at::TensorIterator&)::{lambda(float, float)#1}>, unsigned int, float, 4, 4> >(at::native::ReduceOp<float, at::native::func_wrapper_t<float, at::native::sum_functor<float, float, float>::operator()(at::TensorIterator&)::{lambda(float, float)#1}>, unsigned int, float, 4, 4>)",forward,kernel,13,,,91.136,13,,sum of physical GPU activity durations; not GPU wall-clock time
small_ctx256_train_step_fp32,cuda_activity,"void at::native::vectorized_elementwise_kernel<4, at::native::(anonymous namespace)::pow_tensor_scalar_kernel_impl<float, float>(at::TensorIteratorBase&, float)::{lambda(float)#1}, std::array<char*, 2ul> >(int, at::native::(anonymous namespace)::pow_tensor_scalar_kernel_impl<float, float>(at::TensorIteratorBase&, float)::{lambda(float)#1}, std::array<char*, 2ul>)",forward,kernel,25,,,55.202,25,,sum of physical GPU activity durations; not GPU wall-clock time
small_ctx256_train_step_fp32,cuda_activity,"void at::native::vectorized_elementwise_kernel<4, at::native::BUnaryFunctor<float, float, float, at::native::binary_internal::MulFunctor<float> >, std::array<char*, 2ul> >(int, at::native::BUnaryFunctor<float, float, float, at::native::binary_internal::MulFunctor<float> >, std::array<char*, 2ul>)",forward,kernel,12,,,68.831,12,,sum of physical GPU activity durations; not GPU wall-clock time
small_ctx256_train_step_fp32,cuda_activity,"void at::native::vectorized_elementwise_kernel<4, at::native::BinaryFunctor<float, float, float, at::native::binary_internal::MulFunctor<float> >, std::array<char*, 3ul> >(int, at::native::BinaryFunctor<float, float, float, at::native::binary_internal::MulFunctor<float> >, std::array<char*, 3ul>)",forward,kernel,24,,,185.727,24,,sum of physical GPU activity durations; not GPU wall-clock time
small_ctx256_train_step_fp32,cuda_activity,"void at::native::vectorized_elementwise_kernel<4, at::native::CUDAFunctorOnSelf_add<float>, std::array<char*, 2ul> >(int, at::native::CUDAFunctorOnSelf_add<float>, std::array<char*, 2ul>)",forward,kernel,25,,,33.503,25,,sum of physical GPU activity durations; not GPU wall-clock time
small_ctx256_train_step_fp32,cuda_activity,"void at::native::vectorized_elementwise_kernel<4, at::native::CUDAFunctor_add<float>, std::array<char*, 3ul> >(int, at::native::CUDAFunctor_add<float>, std::array<char*, 3ul>)",forward,kernel,72,,,196.038,72,,sum of physical GPU activity durations; not GPU wall-clock time
small_ctx256_train_step_fp32,cuda_activity,"void at::native::vectorized_elementwise_kernel<4, at::native::FillFunctor<float>, std::array<char*, 1ul> >(int, at::native::FillFunctor<float>, std::array<char*, 1ul>)",forward,kernel,12,,,14.336,12,,sum of physical GPU activity durations; not GPU wall-clock time
small_ctx256_train_step_fp32,cuda_activity,"void at::native::vectorized_elementwise_kernel<4, at::native::exp_kernel_cuda(at::TensorIteratorBase&)::{lambda()#2}::operator()() const::{lambda()#2}::operator()() const::{lambda(float)#1}, std::array<char*, 2ul> >(int, at::native::exp_kernel_cuda(at::TensorIteratorBase&)::{lambda()#2}::operator()() const::{lambda()#2}::operator()() const::{lambda(float)#1}, std::array<char*, 2ul>)",forward,kernel,13,,,88.577,13,,sum of physical GPU activity durations; not GPU wall-clock time
small_ctx256_train_step_fp32,cuda_activity,"void at::native::vectorized_elementwise_kernel<4, at::native::log_kernel_cuda(at::TensorIteratorBase&)::{lambda()#2}::operator()() const::{lambda()#2}::operator()() const::{lambda(float)#1}, std::array<char*, 2ul> >(int, at::native::log_kernel_cuda(at::TensorIteratorBase&)::{lambda()#2}::operator()() const::{lambda()#2}::operator()() const::{lambda(float)#1}, std::array<char*, 2ul>)",forward,kernel,1,,,1.6,1,,sum of physical GPU activity durations; not GPU wall-clock time
small_ctx256_train_step_fp32,cuda_activity,"void at::native::vectorized_elementwise_kernel<4, at::native::neg_kernel_cuda(at::TensorIteratorBase&)::{lambda()#2}::operator()() const::{lambda()#7}::operator()() const::{lambda(float)#1}, std::array<char*, 2ul> >(int, at::native::neg_kernel_cuda(at::TensorIteratorBase&)::{lambda()#2}::operator()() const::{lambda()#7}::operator()() const::{lambda(float)#1}, std::array<char*, 2ul>)",forward,kernel,1,,,19.616,1,,sum of physical GPU activity durations; not GPU wall-clock time
small_ctx256_train_step_fp32,cuda_activity,"void at::native::vectorized_elementwise_kernel<4, at::native::rsqrt_kernel_cuda(at::TensorIteratorBase&)::{lambda()#2}::operator()() const::{lambda()#2}::operator()() const::{lambda(float)#1}, std::array<char*, 2ul> >(int, at::native::rsqrt_kernel_cuda(at::TensorIteratorBase&)::{lambda()#2}::operator()() const::{lambda()#2}::operator()() const::{lambda(float)#1}, std::array<char*, 2ul>)",forward,kernel,25,,,35.137,25,,sum of physical GPU activity durations; not GPU wall-clock time
small_ctx256_train_step_fp32,cuda_activity,"void at::native::vectorized_elementwise_kernel<4, at::native::sigmoid_kernel_cuda(at::TensorIteratorBase&)::{lambda()#2}::operator()() const::{lambda()#2}::operator()() const::{lambda(float)#1}, std::array<char*, 2ul> >(int, at::native::sigmoid_kernel_cuda(at::TensorIteratorBase&)::{lambda()#2}::operator()() const::{lambda()#2}::operator()() const::{lambda(float)#1}, std::array<char*, 2ul>)",forward,kernel,12,,,71.456,12,,sum of physical GPU activity durations; not GPU wall-clock time
small_ctx256_train_step_fp32,cuda_activity,"void at::native::vectorized_gather_kernel<16, long>(char*, char*, long*, int, long, long, long, long, bool)",forward,kernel,1,,,3.745,1,,sum of physical GPU activity durations; not GPU wall-clock time
small_ctx256_train_step_fp32,cuda_activity,void cutlass::Kernel2<cutlass_80_tensorop_s1688gemm_128x64_16x6_tn_align4>(cutlass_80_tensorop_s1688gemm_128x64_16x6_tn_align4::Params),forward,kernel,12,,,102.272,12,,sum of physical GPU activity durations; not GPU wall-clock time
small_ctx256_train_step_fp32,cuda_activity,void cutlass::Kernel2<cutlass_80_tensorop_s1688gemm_64x64_16x6_nn_align4>(cutlass_80_tensorop_s1688gemm_64x64_16x6_nn_align4::Params),forward,kernel,12,,,92.864,12,,sum of physical GPU activity durations; not GPU wall-clock time
small_ctx256_train_step_fp32,cuda_activity,Memcpy DtoD (Device -> Device),backward,gpu_memcpy,25,,,59.94,0,,sum of physical GPU activity durations; not GPU wall-clock time
small_ctx256_train_step_fp32,cuda_activity,Memset (Device),backward,gpu_memset,37,,,30.269000000000002,0,,sum of physical GPU activity durations; not GPU wall-clock time
small_ctx256_train_step_fp32,cuda_activity,sm90_xmma_gemm_f32f32_tf32f32_f32_nn_n_tilesize128x128x32_warpgroupsize1x1x1_execute_segment_k_on_kernel__5x_cublas,backward,kernel,12,,,335.584,12,,sum of physical GPU activity durations; not GPU wall-clock time
small_ctx256_train_step_fp32,cuda_activity,sm90_xmma_gemm_f32f32_tf32f32_f32_nn_n_tilesize64x128x32_warpgroupsize1x1x1_execute_segment_k_off_kernel__5x_cublas,backward,kernel,73,,,1293.662,73,,sum of physical GPU activity durations; not GPU wall-clock time
small_ctx256_train_step_fp32,cuda_activity,sm90_xmma_gemm_f32f32_tf32f32_f32_nt_n_tilesize128x256x32_warpgroupsize2x1x1_execute_segment_k_off_kernel__5x_cublas,backward,kernel,1,,,81.088,1,,sum of physical GPU activity durations; not GPU wall-clock time
small_ctx256_train_step_fp32,cuda_activity,sm90_xmma_gemm_f32f32_tf32f32_f32_nt_n_tilesize256x128x32_warpgroupsize2x1x1_execute_segment_k_off_kernel__5x_cublas,backward,kernel,24,,,1002.049,24,,sum of physical GPU activity durations; not GPU wall-clock time
small_ctx256_train_step_fp32,cuda_activity,"void (anonymous namespace)::elementwise_kernel_with_index<int, at::native::arange_cuda_out(c10::Scalar const&, c10::Scalar const&, c10::Scalar const&, at::Tensor&)::{lambda()#1}::operator()() const::{lambda()#4}::operator()() const::{lambda(long)#1}>(int, at::native::arange_cuda_out(c10::Scalar const&, c10::Scalar const&, c10::Scalar const&, at::Tensor&)::{lambda()#1}::operator()() const::{lambda()#4}::operator()() const::{lambda(long)#1}, function_traits<at::native::arange_cuda_out(c10::Scalar const&, c10::Scalar const&, c10::Scalar const&, at::Tensor&)::{lambda()#1}::operator()() const::{lambda()#4}::operator()() const::{lambda(long)#1}>::result_type*)",backward,kernel,1,,,1.12,1,,sum of physical GPU activity durations; not GPU wall-clock time
small_ctx256_train_step_fp32,cuda_activity,"void (anonymous namespace)::indexing_backward_kernel<float, 4>(long const*, long const*, float const*, float*, long, long, long, long, bool)",backward,kernel,1,,,4.704,1,,sum of physical GPU activity durations; not GPU wall-clock time
small_ctx256_train_step_fp32,cuda_activity,"void at::native::(anonymous namespace)::CatArrayBatchedCopy<at::native::(anonymous namespace)::OpaqueType<4u>, unsigned int, 4, 64, 64>(at::native::(anonymous namespace)::OpaqueType<4u>*, at::native::(anonymous namespace)::CatArrInputTensorMetadata<at::native::(anonymous namespace)::OpaqueType<4u>, unsigned int, 64, 64>, at::native::(anonymous namespace)::TensorSizeStride<unsigned int, 4u>, int, unsigned int)",backward,kernel,12,,,90.20700000000001,12,,sum of physical GPU activity durations; not GPU wall-clock time
small_ctx256_train_step_fp32,cuda_activity,"void at::native::(anonymous namespace)::CatArrayBatchedCopy_vectorized<at::native::(anonymous namespace)::OpaqueType<4u>, unsigned int, 1, 128, 1, 16, 4>(char*, at::native::(anonymous namespace)::CatArrInputTensorMetadata<at::native::(anonymous namespace)::OpaqueType<4u>, unsigned int, 128, 1>, at::native::(anonymous namespace)::TensorSizeStride<unsigned int, 4u>, int, unsigned int)",backward,kernel,12,,,38.144,12,,sum of physical GPU activity durations; not GPU wall-clock time
small_ctx256_train_step_fp32,cuda_activity,"void at::native::_scatter_gather_elementwise_kernel<128, 8, at::native::_cuda_scatter_gather_internal_kernel<true, at::native::OpaqueType<4>, long>::operator()<at::native::TensorAssign>(at::TensorIterator&, long, long, long, at::native::TensorAssign const&)::{lambda(int)#1}>(int, at::native::_cuda_scatter_gather_internal_kernel<true, at::native::OpaqueType<4>, long>::operator()<at::native::TensorAssign>(at::TensorIterator&, long, long, long, at::native::TensorAssign const&)::{lambda(int)#1})",backward,kernel,13,,,99.201,13,,sum of physical GPU activity durations; not GPU wall-clock time
small_ctx256_train_step_fp32,cuda_activity,"void at::native::_scatter_gather_elementwise_kernel<128, 8, at::native::_cuda_scatter_gather_internal_kernel<true, float, long>::operator()<at::native::ReduceAdd>(at::TensorIterator&, long, long, long, at::native::ReduceAdd const&)::{lambda(int)#1}>(int, at::native::_cuda_scatter_gather_internal_kernel<true, float, long>::operator()<at::native::ReduceAdd>(at::TensorIterator&, long, long, long, at::native::ReduceAdd const&)::{lambda(int)#1})",backward,kernel,1,,,7.199,1,,sum of physical GPU activity durations; not GPU wall-clock time
small_ctx256_train_step_fp32,cuda_activity,"void at::native::elementwise_kernel<128, 2, at::native::gpu_kernel_impl_nocast<at::native::(anonymous namespace)::where_kernel_impl(at::TensorIterator&)::{lambda()#1}::operator()() const::{lambda()#11}::operator()() const::{lambda(bool, float, float)#1}>(at::TensorIteratorBase&, at::native::(anonymous namespace)::where_kernel_impl(at::TensorIterator&)::{lambda()#1}::operator()() const::{lambda()#11}::operator()() const::{lambda(bool, float, float)#1} const&)::{lambda(int)#1}>(int, at::native::gpu_kernel_impl_nocast<at::native::(anonymous namespace)::where_kernel_impl(at::TensorIterator&)::{lambda()#1}::operator()() const::{lambda()#11}::operator()() const::{lambda(bool, float, float)#1}>(at::TensorIteratorBase&, at::native::(anonymous namespace)::where_kernel_impl(at::TensorIterator&)::{lambda()#1}::operator()() const::{lambda()#11}::operator()() const::{lambda(bool, float, float)#1} const&)::{lambda(int)#1})",backward,kernel,12,,,124.286,12,,sum of physical GPU activity durations; not GPU wall-clock time
small_ctx256_train_step_fp32,cuda_activity,"void at::native::elementwise_kernel<128, 2, at::native::gpu_kernel_impl_nocast<at::native::BUnaryFunctor<float, float, float, at::native::binary_internal::MulFunctor<float> > >(at::TensorIteratorBase&, at::native::BUnaryFunctor<float, float, float, at::native::binary_internal::MulFunctor<float> > const&)::{lambda(int)#1}>(int, at::native::gpu_kernel_impl_nocast<at::native::BUnaryFunctor<float, float, float, at::native::binary_internal::MulFunctor<float> > >(at::TensorIteratorBase&, at::native::BUnaryFunctor<float, float, float, at::native::binary_internal::MulFunctor<float> > const&)::{lambda(int)#1})",backward,kernel,26,,,96.449,26,,sum of physical GPU activity durations; not GPU wall-clock time
small_ctx256_train_step_fp32,cuda_activity,"void at::native::elementwise_kernel<128, 2, at::native::gpu_kernel_impl_nocast<at::native::BinaryFunctor<float, float, float, at::native::binary_internal::DivFunctor<float> > >(at::TensorIteratorBase&, at::native::BinaryFunctor<float, float, float, at::native::binary_internal::DivFunctor<float> > const&)::{lambda(int)#1}>(int, at::native::gpu_kernel_impl_nocast<at::native::BinaryFunctor<float, float, float, at::native::binary_internal::DivFunctor<float> > >(at::TensorIteratorBase&, at::native::BinaryFunctor<float, float, float, at::native::binary_internal::DivFunctor<float> > const&)::{lambda(int)#1})",backward,kernel,36,,,460.576,36,,sum of physical GPU activity durations; not GPU wall-clock time
small_ctx256_train_step_fp32,cuda_activity,"void at::native::elementwise_kernel<128, 2, at::native::gpu_kernel_impl_nocast<at::native::BinaryFunctor<float, float, float, at::native::binary_internal::MulFunctor<float> > >(at::TensorIteratorBase&, at::native::BinaryFunctor<float, float, float, at::native::binary_internal::MulFunctor<float> > const&)::{lambda(int)#1}>(int, at::native::gpu_kernel_impl_nocast<at::native::BinaryFunctor<float, float, float, at::native::binary_internal::MulFunctor<float> > >(at::TensorIteratorBase&, at::native::BinaryFunctor<float, float, float, at::native::binary_internal::MulFunctor<float> > const&)::{lambda(int)#1})",backward,kernel,147,,,631.17,147,,sum of physical GPU activity durations; not GPU wall-clock time
small_ctx256_train_step_fp32,cuda_activity,"void at::native::elementwise_kernel<128, 2, at::native::gpu_kernel_impl_nocast<at::native::CUDAFunctor_add<float> >(at::TensorIteratorBase&, at::native::CUDAFunctor_add<float> const&)::{lambda(int)#1}>(int, at::native::gpu_kernel_impl_nocast<at::native::CUDAFunctor_add<float> >(at::TensorIteratorBase&, at::native::CUDAFunctor_add<float> const&)::{lambda(int)#1})",backward,kernel,12,,,117.6,12,,sum of physical GPU activity durations; not GPU wall-clock time
small_ctx256_train_step_fp32,cuda_activity,"void at::native::elementwise_kernel<128, 2, at::native::gpu_kernel_impl_nocast<at::native::direct_copy_kernel_cuda(at::TensorIteratorBase&)::{lambda()#3}::operator()() const::{lambda()#7}::operator()() const::{lambda(float)#1}>(at::TensorIteratorBase&, at::native::direct_copy_kernel_cuda(at::TensorIteratorBase&)::{lambda()#3}::operator()() const::{lambda()#7}::operator()() const::{lambda(float)#1} const&)::{lambda(int)#1}>(int, at::native::gpu_kernel_impl_nocast<at::native::direct_copy_kernel_cuda(at::TensorIteratorBase&)::{lambda()#3}::operator()() const::{lambda()#7}::operator()() const::{lambda(float)#1}>(at::TensorIteratorBase&, at::native::direct_copy_kernel_cuda(at::TensorIteratorBase&)::{lambda()#3}::operator()() const::{lambda()#7}::operator()() const::{lambda(float)#1} const&)::{lambda(int)#1})",backward,kernel,157,,,1337.2169999999999,157,,sum of physical GPU activity durations; not GPU wall-clock time
small_ctx256_train_step_fp32,cuda_activity,"void at::native::elementwise_kernel<128, 2, at::native::gpu_kernel_impl_nocast<at::native::neg_kernel_cuda(at::TensorIteratorBase&)::{lambda()#2}::operator()() const::{lambda()#7}::operator()() const::{lambda(float)#1}>(at::TensorIteratorBase&, at::native::neg_kernel_cuda(at::TensorIteratorBase&)::{lambda()#2}::operator()() const::{lambda()#7}::operator()() const::{lambda(float)#1} const&)::{lambda(int)#1}>(int, at::native::gpu_kernel_impl_nocast<at::native::neg_kernel_cuda(at::TensorIteratorBase&)::{lambda()#2}::operator()() const::{lambda()#7}::operator()() const::{lambda(float)#1}>(at::TensorIteratorBase&, at::native::neg_kernel_cuda(at::TensorIteratorBase&)::{lambda()#2}::operator()() const::{lambda()#7}::operator()() const::{lambda(float)#1} const&)::{lambda(int)#1})",backward,kernel,24,,,70.531,24,,sum of physical GPU activity durations; not GPU wall-clock time
small_ctx256_train_step_fp32,cuda_activity,"void at::native::reduce_kernel<128, 4, at::native::ReduceOp<float, at::native::func_wrapper_t<float, at::native::sum_functor<float, float, float>::operator()(at::TensorIterator&)::{lambda(float, float)#1}>, unsigned int, float, 4, 4> >(at::native::ReduceOp<float, at::native::func_wrapper_t<float, at::native::sum_functor<float, float, float>::operator()(at::TensorIterator&)::{lambda(float, float)#1}>, unsigned int, float, 4, 4>)",backward,kernel,25,,,238.177,25,,sum of physical GPU activity durations; not GPU wall-clock time
small_ctx256_train_step_fp32,cuda_activity,"void at::native::reduce_kernel<512, 1, at::native::ReduceOp<float, at::native::func_wrapper_t<float, at::native::sum_functor<float, float, float>::operator()(at::TensorIterator&)::{lambda(float, float)#1}>, unsigned int, float, 4, 4> >(at::native::ReduceOp<float, at::native::func_wrapper_t<float, at::native::sum_functor<float, float, float>::operator()(at::TensorIterator&)::{lambda(float, float)#1}>, unsigned int, float, 4, 4>)",backward,kernel,51,,,297.824,51,,sum of physical GPU activity durations; not GPU wall-clock time
small_ctx256_train_step_fp32,cuda_activity,"void at::native::vectorized_elementwise_kernel<2, at::native::AUnaryFunctor<long, long, long, at::native::binary_internal::MulFunctor<long> >, std::array<char*, 2ul> >(int, at::native::AUnaryFunctor<long, long, long, at::native::binary_internal::MulFunctor<long> >, std::array<char*, 2ul>)",backward,kernel,1,,,1.472,1,,sum of physical GPU activity durations; not GPU wall-clock time
small_ctx256_train_step_fp32,cuda_activity,"void at::native::vectorized_elementwise_kernel<2, at::native::BUnaryFunctor<long, long, long, at::native::binary_internal::div_trunc_kernel_cuda(at::TensorIteratorBase&)::{lambda()#1}::operator()() const::{lambda()#4}::operator()() const::{lambda(long, long)#1}>, std::array<char*, 2ul> >(int, at::native::BUnaryFunctor<long, long, long, at::native::binary_internal::div_trunc_kernel_cuda(at::TensorIteratorBase&)::{lambda()#1}::operator()() const::{lambda()#4}::operator()() const::{lambda(long, long)#1}>, std::array<char*, 2ul>)",backward,kernel,1,,,2.208,1,,sum of physical GPU activity durations; not GPU wall-clock time
small_ctx256_train_step_fp32,cuda_activity,"void at::native::vectorized_elementwise_kernel<2, at::native::BUnaryFunctor<long, long, long, at::native::remainder_kernel_cuda(at::TensorIteratorBase&)::{lambda()#1}::operator()() const::{lambda()#4}::operator()() const::{lambda(long, long)#1}>, std::array<char*, 2ul> >(int, at::native::BUnaryFunctor<long, long, long, at::native::remainder_kernel_cuda(at::TensorIteratorBase&)::{lambda()#1}::operator()() const::{lambda()#4}::operator()() const::{lambda(long, long)#1}>, std::array<char*, 2ul>)",backward,kernel,1,,,2.432,1,,sum of physical GPU activity durations; not GPU wall-clock time
small_ctx256_train_step_fp32,cuda_activity,"void at::native::vectorized_elementwise_kernel<4, at::native::(anonymous namespace)::pow_tensor_scalar_kernel_impl<float, float>(at::TensorIteratorBase&, float)::{lambda(float)#2}, std::array<char*, 2ul> >(int, at::native::(anonymous namespace)::pow_tensor_scalar_kernel_impl<float, float>(at::TensorIteratorBase&, float)::{lambda(float)#2}, std::array<char*, 2ul>)",backward,kernel,25,,,30.207,25,,sum of physical GPU activity durations; not GPU wall-clock time
small_ctx256_train_step_fp32,cuda_activity,"void at::native::vectorized_elementwise_kernel<4, at::native::AUnaryFunctor<float, float, float, at::native::binary_internal::MulFunctor<float> >, std::array<char*, 2ul> >(int, at::native::AUnaryFunctor<float, float, float, at::native::binary_internal::MulFunctor<float> >, std::array<char*, 2ul>)",backward,kernel,50,,,85.153,50,,sum of physical GPU activity durations; not GPU wall-clock time
small_ctx256_train_step_fp32,cuda_activity,"void at::native::vectorized_elementwise_kernel<4, at::native::BUnaryFunctor<float, float, float, at::native::binary_internal::MulFunctor<float> >, std::array<char*, 2ul> >(int, at::native::BUnaryFunctor<float, float, float, at::native::binary_internal::MulFunctor<float> >, std::array<char*, 2ul>)",backward,kernel,12,,,68.76899999999999,12,,sum of physical GPU activity durations; not GPU wall-clock time
small_ctx256_train_step_fp32,cuda_activity,"void at::native::vectorized_elementwise_kernel<4, at::native::BinaryFunctor<float, float, float, at::native::binary_internal::DivFunctor<float> >, std::array<char*, 3ul> >(int, at::native::BinaryFunctor<float, float, float, at::native::binary_internal::DivFunctor<float> >, std::array<char*, 3ul>)",backward,kernel,1,,,1.792,1,,sum of physical GPU activity durations; not GPU wall-clock time
small_ctx256_train_step_fp32,cuda_activity,"void at::native::vectorized_elementwise_kernel<4, at::native::BinaryFunctor<float, float, float, at::native::binary_internal::MulFunctor<float> >, std::array<char*, 3ul> >(int, at::native::BinaryFunctor<float, float, float, at::native::binary_internal::MulFunctor<float> >, std::array<char*, 3ul>)",backward,kernel,172,,,925.242,172,,sum of physical GPU activity durations; not GPU wall-clock time
small_ctx256_train_step_fp32,cuda_activity,"void at::native::vectorized_elementwise_kernel<4, at::native::CUDAFunctor_add<float>, std::array<char*, 3ul> >(int, at::native::CUDAFunctor_add<float>, std::array<char*, 3ul>)",backward,kernel,159,,,604.994,159,,sum of physical GPU activity durations; not GPU wall-clock time
small_ctx256_train_step_fp32,cuda_activity,"void at::native::vectorized_elementwise_kernel<4, at::native::FillFunctor<float>, std::array<char*, 1ul> >(int, at::native::FillFunctor<float>, std::array<char*, 1ul>)",backward,kernel,28,,,93.152,28,,sum of physical GPU activity durations; not GPU wall-clock time
small_ctx256_train_step_fp32,cuda_activity,"void at::native::vectorized_elementwise_kernel<4, at::native::neg_kernel_cuda(at::TensorIteratorBase&)::{lambda()#2}::operator()() const::{lambda()#7}::operator()() const::{lambda(float)#1}, std::array<char*, 2ul> >(int, at::native::neg_kernel_cuda(at::TensorIteratorBase&)::{lambda()#2}::operator()() const::{lambda()#7}::operator()() const::{lambda(float)#1}, std::array<char*, 2ul>)",backward,kernel,27,,,219.713,27,,sum of physical GPU activity durations; not GPU wall-clock time
small_ctx256_train_step_fp32,cuda_activity,"void at::native::vectorized_elementwise_kernel<4, at::native::sigmoid_backward_kernel_cuda(at::TensorIteratorBase&)::{lambda()#2}::operator()() const::{lambda()#2}::operator()() const::{lambda(float, float)#1}, std::array<char*, 3ul> >(int, at::native::sigmoid_backward_kernel_cuda(at::TensorIteratorBase&)::{lambda()#2}::operator()() const::{lambda()#2}::operator()() const::{lambda(float, float)#1}, std::array<char*, 3ul>)",backward,kernel,12,,,108.898,12,,sum of physical GPU activity durations; not GPU wall-clock time
small_ctx256_train_step_fp32,cuda_activity,"void at_cuda_detail::cub::DeviceRadixSortSingleTileKernel<at_cuda_detail::cub::DeviceRadixSortPolicy<long, at::cuda::cub::detail::OpaqueType<8>, unsigned long long>::Policy900, false, long, at::cuda::cub::detail::OpaqueType<8>, unsigned long long, at_cuda_detail::cub::detail::identity_decomposer_t>(long const*, long*, at::cuda::cub::detail::OpaqueType<8> const*, at::cuda::cub::detail::OpaqueType<8>*, unsigned long long, int, int, at_cuda_detail::cub::detail::identity_decomposer_t)",backward,kernel,1,,,5.472,1,,sum of physical GPU activity durations; not GPU wall-clock time
small_ctx256_train_step_fp32,cuda_activity,"void cublasLt::splitKreduce_kernel<32, 16, int, float, float, float, float, false, float, float, float, true, false, false>(cublasLt::cublasSplitKParams<float>, float const*, float const*, float*, float*, float const*, float const*, float const*, float const*, float*, void*, long, float*, int*, float*, float*, float const*, float const*, float const*, float const*, float const*)",backward,kernel,48,,,226.751,48,,sum of physical GPU activity durations; not GPU wall-clock time
small_ctx256_train_step_fp32,cuda_activity,void cutlass::Kernel2<cutlass_80_tensorop_s1688gemm_128x256_16x3_nt_align4>(cutlass_80_tensorop_s1688gemm_128x256_16x3_nt_align4::Params),backward,kernel,12,,,587.2,12,,sum of physical GPU activity durations; not GPU wall-clock time
small_ctx256_train_step_fp32,cuda_activity,void cutlass::Kernel2<cutlass_80_tensorop_s1688gemm_128x64_16x6_tn_align4>(cutlass_80_tensorop_s1688gemm_128x64_16x6_tn_align4::Params),backward,kernel,12,,,106.399,12,,sum of physical GPU activity durations; not GPU wall-clock time
small_ctx256_train_step_fp32,cuda_activity,void cutlass::Kernel2<cutlass_80_tensorop_s1688gemm_128x64_32x6_nt_align4>(cutlass_80_tensorop_s1688gemm_128x64_32x6_nt_align4::Params),backward,kernel,12,,,93.759,12,,sum of physical GPU activity durations; not GPU wall-clock time
small_ctx256_train_step_fp32,cuda_activity,void cutlass::Kernel2<cutlass_80_tensorop_s1688gemm_64x256_32x4_nt_align4>(cutlass_80_tensorop_s1688gemm_64x256_32x4_nt_align4::Params),backward,kernel,48,,,626.722,48,,sum of physical GPU activity durations; not GPU wall-clock time
small_ctx256_train_step_fp32,cuda_activity,void cutlass::Kernel2<cutlass_80_tensorop_s1688gemm_64x64_16x6_nn_align4>(cutlass_80_tensorop_s1688gemm_64x64_16x6_nn_align4::Params),backward,kernel,12,,,98.654,12,,sum of physical GPU activity durations; not GPU wall-clock time
small_ctx256_train_step_fp32,cuda_activity,void cutlass::Kernel2<cutlass_80_tensorop_s1688gemm_64x64_16x6_nt_align4>(cutlass_80_tensorop_s1688gemm_64x64_16x6_nt_align4::Params),backward,kernel,12,,,109.983,12,,sum of physical GPU activity durations; not GPU wall-clock time
small_ctx256_train_step_fp32,cuda_activity,Memcpy DtoH (Device -> Pinned),optimizer,gpu_memcpy,1,,,3.008,0,,sum of physical GPU activity durations; not GPU wall-clock time
small_ctx256_train_step_fp32,cuda_activity,Memcpy HtoD (Pageable -> Device),optimizer,gpu_memcpy,1,,,0.736,0,,sum of physical GPU activity durations; not GPU wall-clock time
small_ctx256_train_step_fp32,cuda_activity,Memset (Device),optimizer,gpu_memset,86,,,66.593,0,,sum of physical GPU activity durations; not GPU wall-clock time
small_ctx256_train_step_fp32,cuda_activity,"void at::native::elementwise_kernel<128, 2, at::native::gpu_kernel_impl_nocast<at::native::BinaryFunctor<float, float, float, at::native::binary_internal::MulFunctor<float> > >(at::TensorIteratorBase&, at::native::BinaryFunctor<float, float, float, at::native::binary_internal::MulFunctor<float> > const&)::{lambda(int)#1}>(int, at::native::gpu_kernel_impl_nocast<at::native::BinaryFunctor<float, float, float, at::native::binary_internal::MulFunctor<float> > >(at::TensorIteratorBase&, at::native::BinaryFunctor<float, float, float, at::native::binary_internal::MulFunctor<float> > const&)::{lambda(int)#1})",optimizer,kernel,111,,,641.311,111,,sum of physical GPU activity durations; not GPU wall-clock time
small_ctx256_train_step_fp32,cuda_activity,"void at::native::reduce_kernel<512, 1, at::native::ReduceOp<float, at::native::func_wrapper_t<float, at::native::sum_functor<float, float, float>::operator()(at::TensorIterator&)::{lambda(float, float)#1}>, unsigned int, float, 4, 4> >(at::native::ReduceOp<float, at::native::func_wrapper_t<float, at::native::sum_functor<float, float, float>::operator()(at::TensorIterator&)::{lambda(float, float)#1}>, unsigned int, float, 4, 4>)",optimizer,kernel,111,,,587.397,111,,sum of physical GPU activity durations; not GPU wall-clock time
small_ctx256_train_step_fp32,cuda_activity,"void at::native::vectorized_elementwise_kernel<4, at::native::(anonymous namespace)::pow_tensor_scalar_kernel_impl<float, float>(at::TensorIteratorBase&, float)::{lambda(float)#1}, std::array<char*, 2ul> >(int, at::native::(anonymous namespace)::pow_tensor_scalar_kernel_impl<float, float>(at::TensorIteratorBase&, float)::{lambda(float)#1}, std::array<char*, 2ul>)",optimizer,kernel,222,,,778.878,222,,sum of physical GPU activity durations; not GPU wall-clock time
small_ctx256_train_step_fp32,cuda_activity,"void at::native::vectorized_elementwise_kernel<4, at::native::AUnaryFunctor<float, float, float, at::native::binary_internal::MulFunctor<float> >, std::array<char*, 2ul> >(int, at::native::AUnaryFunctor<float, float, float, at::native::binary_internal::MulFunctor<float> >, std::array<char*, 2ul>)",optimizer,kernel,667,,,2418.956,667,,sum of physical GPU activity durations; not GPU wall-clock time
small_ctx256_train_step_fp32,cuda_activity,"void at::native::vectorized_elementwise_kernel<4, at::native::BinaryFunctor<float, float, float, at::native::binary_internal::DivFunctor<float> >, std::array<char*, 3ul> >(int, at::native::BinaryFunctor<float, float, float, at::native::binary_internal::DivFunctor<float> >, std::array<char*, 3ul>)",optimizer,kernel,111,,,426.234,111,,sum of physical GPU activity durations; not GPU wall-clock time
small_ctx256_train_step_fp32,cuda_activity,"void at::native::vectorized_elementwise_kernel<4, at::native::CUDAFunctorOnSelf_add<float>, std::array<char*, 2ul> >(int, at::native::CUDAFunctorOnSelf_add<float>, std::array<char*, 2ul>)",optimizer,kernel,112,,,326.593,112,,sum of physical GPU activity durations; not GPU wall-clock time
small_ctx256_train_step_fp32,cuda_activity,"void at::native::vectorized_elementwise_kernel<4, at::native::CUDAFunctor_add<float>, std::array<char*, 3ul> >(int, at::native::CUDAFunctor_add<float>, std::array<char*, 3ul>)",optimizer,kernel,555,,,1762.016,555,,sum of physical GPU activity durations; not GPU wall-clock time
small_ctx256_train_step_fp32,cuda_activity,"void at::native::vectorized_elementwise_kernel<4, at::native::FillFunctor<float>, std::array<char*, 1ul> >(int, at::native::FillFunctor<float>, std::array<char*, 1ul>)",optimizer,kernel,222,,,490.212,222,,sum of physical GPU activity durations; not GPU wall-clock time
small_ctx256_train_step_fp32,cuda_activity,"void at::native::vectorized_elementwise_kernel<4, at::native::compare_scalar_kernel<float>(at::TensorIteratorBase&, at::native::(anonymous namespace)::OpType, float)::{lambda(float)#1}, std::array<char*, 2ul> >(int, at::native::compare_scalar_kernel<float>(at::TensorIteratorBase&, at::native::(anonymous namespace)::OpType, float)::{lambda(float)#1}, std::array<char*, 2ul>)",optimizer,kernel,1,,,1.6,1,,sum of physical GPU activity durations; not GPU wall-clock time
small_ctx256_train_step_fp32,cuda_activity,"void at::native::vectorized_elementwise_kernel<4, at::native::reciprocal_kernel_cuda(at::TensorIteratorBase&)::{lambda()#1}::operator()() const::{lambda()#2}::operator()() const::{lambda(float)#1}, std::array<char*, 2ul> >(int, at::native::reciprocal_kernel_cuda(at::TensorIteratorBase&)::{lambda()#1}::operator()() const::{lambda()#2}::operator()() const::{lambda(float)#1}, std::array<char*, 2ul>)",optimizer,kernel,1,,,1.76,1,,sum of physical GPU activity durations; not GPU wall-clock time
small_ctx256_train_step_fp32,cuda_activity,"void at::native::vectorized_elementwise_kernel<4, at::native::sqrt_kernel_cuda(at::TensorIteratorBase&)::{lambda()#2}::operator()() const::{lambda()#2}::operator()() const::{lambda(float)#1}, std::array<char*, 2ul> >(int, at::native::sqrt_kernel_cuda(at::TensorIteratorBase&)::{lambda()#2}::operator()() const::{lambda()#2}::operator()() const::{lambda(float)#1}, std::array<char*, 2ul>)",optimizer,kernel,112,,,354.628,112,,sum of physical GPU activity durations; not GPU wall-clock time
small_ctx512_train_step_fp32,range,profile/measure,profile/measure,,1,74234.041,,,,true,measurement wall-clock CPU range; do not interpret as CUDA time
small_ctx512_train_step_fp32,range,forward,forward,,1,20819.895,,,,true,inclusive CPU annotation range
small_ctx512_train_step_fp32,range,backward,backward,,1,31283.619,,,,true,inclusive CPU annotation range
small_ctx512_train_step_fp32,range,optimizer,optimizer,,1,20335.367,,,,true,inclusive CPU annotation range
small_ctx512_train_step_fp32,range,attention/scores,forward,,12,1590.263,,,,true,inclusive nested range; do not add to forward
small_ctx512_train_step_fp32,range,attention/softmax,forward,,12,1714.972,,,,true,inclusive nested range; do not add to forward
small_ctx512_train_step_fp32,range,attention/value,forward,,12,1667.549,,,,true,inclusive nested range; do not add to forward
small_ctx512_train_step_fp32,cpu_op,aten::_reshape_alias,forward,,121,,191.298,,,,sum of CPU operation durations; nested operations may overlap
small_ctx512_train_step_fp32,cpu_op,aten::_unsafe_view,forward,,24,,46.057,,,,sum of CPU operation durations; nested operations may overlap
small_ctx512_train_step_fp32,cpu_op,aten::add,forward,,73,,631.317,,,,sum of CPU operation durations; nested operations may overlap
small_ctx512_train_step_fp32,cpu_op,aten::alias,forward,,24,,31.936,,,,sum of CPU operation durations; nested operations may overlap
small_ctx512_train_step_fp32,cpu_op,aten::arange,forward,,24,,306.72,,,,sum of CPU operation durations; nested operations may overlap
small_ctx512_train_step_fp32,cpu_op,aten::as_strided,forward,,1033,,368.525,,,,sum of CPU operation durations; nested operations may overlap
small_ctx512_train_step_fp32,cpu_op,aten::bmm,forward,,109,,2775.277,,,,sum of CPU operation durations; nested operations may overlap
small_ctx512_train_step_fp32,cpu_op,aten::cat,forward,,24,,275.991,,,,sum of CPU operation durations; nested operations may overlap
small_ctx512_train_step_fp32,cpu_op,aten::clone,forward,,24,,421.747,,,,sum of CPU operation durations; nested operations may overlap
small_ctx512_train_step_fp32,cpu_op,aten::concat,forward,,24,,307.26800000000003,,,,sum of CPU operation durations; nested operations may overlap
small_ctx512_train_step_fp32,cpu_op,aten::copy_,forward,,24,,234.842,,,,sum of CPU operation durations; nested operations may overlap
small_ctx512_train_step_fp32,cpu_op,aten::div,forward,,24,,280.754,,,,sum of CPU operation durations; nested operations may overlap
small_ctx512_train_step_fp32,cpu_op,aten::einsum,forward,,109,,7253.007,,,,sum of CPU operation durations; nested operations may overlap
small_ctx512_train_step_fp32,cpu_op,aten::empty,forward,,60,,151.141,,,,sum of CPU operation durations; nested operations may overlap
small_ctx512_train_step_fp32,cpu_op,aten::empty_like,forward,,24,,103.84700000000001,,,,sum of CPU operation durations; nested operations may overlap
small_ctx512_train_step_fp32,cpu_op,aten::exp,forward,,13,,148.093,,,,sum of CPU operation durations; nested operations may overlap
small_ctx512_train_step_fp32,cpu_op,aten::fill_,forward,,12,,102.813,,,,sum of CPU operation durations; nested operations may overlap
small_ctx512_train_step_fp32,cpu_op,aten::gather,forward,,1,,14.077,,,,sum of CPU operation durations; nested operations may overlap
small_ctx512_train_step_fp32,cpu_op,aten::ge,forward,,12,,124.568,,,,sum of CPU operation durations; nested operations may overlap
small_ctx512_train_step_fp32,cpu_op,aten::index,forward,,1,,44.22,,,,sum of CPU operation durations; nested operations may overlap
small_ctx512_train_step_fp32,cpu_op,aten::log,forward,,1,,8.95,,,,sum of CPU operation durations; nested operations may overlap
small_ctx512_train_step_fp32,cpu_op,aten::max,forward,,13,,223.231,,,,sum of CPU operation durations; nested operations may overlap
small_ctx512_train_step_fp32,cpu_op,aten::mean,forward,,27,,341.64300000000003,,,,sum of CPU operation durations; nested operations may overlap
small_ctx512_train_step_fp32,cpu_op,aten::mul,forward,,170,,1450.711,,,,sum of CPU operation durations; nested operations may overlap
small_ctx512_train_step_fp32,cpu_op,aten::neg,forward,,1,,8.774,,,,sum of CPU operation durations; nested operations may overlap
small_ctx512_train_step_fp32,cpu_op,aten::permute,forward,,617,,1502.724,,,,sum of CPU operation durations; nested operations may overlap
small_ctx512_train_step_fp32,cpu_op,aten::pow,forward,,25,,331.277,,,,sum of CPU operation durations; nested operations may overlap
small_ctx512_train_step_fp32,cpu_op,aten::reshape,forward,,315,,1230.472,,,,sum of CPU operation durations; nested operations may overlap
small_ctx512_train_step_fp32,cpu_op,aten::resize_,forward,,24,,54.578,,,,sum of CPU operation durations; nested operations may overlap
small_ctx512_train_step_fp32,cpu_op,aten::result_type,forward,,25,,8.3,,,,sum of CPU operation durations; nested operations may overlap
small_ctx512_train_step_fp32,cpu_op,aten::rsqrt,forward,,25,,228.223,,,,sum of CPU operation durations; nested operations may overlap
small_ctx512_train_step_fp32,cpu_op,aten::scalar_tensor,forward,,12,,171.169,,,,sum of CPU operation durations; nested operations may overlap
small_ctx512_train_step_fp32,cpu_op,aten::select,forward,,96,,172.456,,,,sum of CPU operation durations; nested operations may overlap
small_ctx512_train_step_fp32,cpu_op,aten::sigmoid,forward,,12,,136.113,,,,sum of CPU operation durations; nested operations may overlap
small_ctx512_train_step_fp32,cpu_op,aten::sub,forward,,38,,350.642,,,,sum of CPU operation durations; nested operations may overlap
small_ctx512_train_step_fp32,cpu_op,aten::sum,forward,,13,,163.955,,,,sum of CPU operation durations; nested operations may overlap
small_ctx512_train_step_fp32,cpu_op,aten::to,forward,,87,,21.727,,,,sum of CPU operation durations; nested operations may overlap
small_ctx512_train_step_fp32,cpu_op,aten::unbind,forward,,48,,324.531,,,,sum of CPU operation durations; nested operations may overlap
small_ctx512_train_step_fp32,cpu_op,aten::unsqueeze,forward,,316,,748.446,,,,sum of CPU operation durations; nested operations may overlap
small_ctx512_train_step_fp32,cpu_op,aten::view,forward,,388,,458.611,,,,sum of CPU operation durations; nested operations may overlap
small_ctx512_train_step_fp32,cpu_op,aten::where,forward,,24,,673.79,,,,sum of CPU operation durations; nested operations may overlap
small_ctx512_train_step_fp32,cpu_op,AddBackward0,backward,,73,,23.768,,,,sum of CPU operation durations; nested operations may overlap
small_ctx512_train_step_fp32,cpu_op,BmmBackward0,backward,,109,,4651.227,,,,sum of CPU operation durations; nested operations may overlap
small_ctx512_train_step_fp32,cpu_op,CatBackward0,backward,,24,,221.787,,,,sum of CPU operation durations; nested operations may overlap
small_ctx512_train_step_fp32,cpu_op,CloneBackward0,backward,,24,,4.333,,,,sum of CPU operation durations; nested operations may overlap
small_ctx512_train_step_fp32,cpu_op,DivBackward0,backward,,24,,603.429,,,,sum of CPU operation durations; nested operations may overlap
small_ctx512_train_step_fp32,cpu_op,ExpBackward0,backward,,13,,100.387,,,,sum of CPU operation durations; nested operations may overlap
small_ctx512_train_step_fp32,cpu_op,GatherBackward0,backward,,1,,49.64,,,,sum of CPU operation durations; nested operations may overlap
small_ctx512_train_step_fp32,cpu_op,IndexBackward0,backward,,1,,96.549,,,,sum of CPU operation durations; nested operations may overlap
small_ctx512_train_step_fp32,cpu_op,LogBackward0,backward,,1,,9.958,,,,sum of CPU operation durations; nested operations may overlap
small_ctx512_train_step_fp32,cpu_op,MaxBackward0,backward,,13,,448.135,,,,sum of CPU operation durations; nested operations may overlap
small_ctx512_train_step_fp32,cpu_op,MeanBackward0,backward,,1,,97.526,,,,sum of CPU operation durations; nested operations may overlap
small_ctx512_train_step_fp32,cpu_op,MeanBackward1,backward,,25,,415.558,,,,sum of CPU operation durations; nested operations may overlap
small_ctx512_train_step_fp32,cpu_op,MulBackward0,backward,,170,,1910.714,,,,sum of CPU operation durations; nested operations may overlap
small_ctx512_train_step_fp32,cpu_op,NegBackward0,backward,,1,,10.923,,,,sum of CPU operation durations; nested operations may overlap
small_ctx512_train_step_fp32,cpu_op,PermuteBackward0,backward,,617,,1515.358,,,,sum of CPU operation durations; nested operations may overlap
small_ctx512_train_step_fp32,cpu_op,PowBackward0,backward,,25,,832.299,,,,sum of CPU operation durations; nested operations may overlap
small_ctx512_train_step_fp32,cpu_op,ReshapeAliasBackward0,backward,,121,,652.661,,,,sum of CPU operation durations; nested operations may overlap
small_ctx512_train_step_fp32,cpu_op,RsqrtBackward0,backward,,25,,754.306,,,,sum of CPU operation durations; nested operations may overlap
small_ctx512_train_step_fp32,cpu_op,SigmoidBackward0,backward,,12,,115.823,,,,sum of CPU operation durations; nested operations may overlap
small_ctx512_train_step_fp32,cpu_op,SubBackward0,backward,,38,,290.239,,,,sum of CPU operation durations; nested operations may overlap
small_ctx512_train_step_fp32,cpu_op,SumBackward1,backward,,13,,46.138999999999996,,,,sum of CPU operation durations; nested operations may overlap
small_ctx512_train_step_fp32,cpu_op,UnbindBackward0,backward,,24,,337.965,,,,sum of CPU operation durations; nested operations may overlap
small_ctx512_train_step_fp32,cpu_op,UnsafeViewBackward0,backward,,24,,110.968,,,,sum of CPU operation durations; nested operations may overlap
small_ctx512_train_step_fp32,cpu_op,UnsqueezeBackward0,backward,,303,,702.831,,,,sum of CPU operation durations; nested operations may overlap
small_ctx512_train_step_fp32,cpu_op,ViewBackward0,backward,,363,,1308.657,,,,sum of CPU operation durations; nested operations may overlap
small_ctx512_train_step_fp32,cpu_op,WhereBackward0,backward,,12,,407.33,,,,sum of CPU operation durations; nested operations may overlap
small_ctx512_train_step_fp32,cpu_op,aten::_index_put_impl_,backward,,1,,78.8,,,,sum of CPU operation durations; nested operations may overlap
small_ctx512_train_step_fp32,cpu_op,aten::_reshape_alias,backward,,12,,18.723,,,,sum of CPU operation durations; nested operations may overlap
small_ctx512_train_step_fp32,cpu_op,aten::_unsafe_view,backward,,72,,46.81,,,,sum of CPU operation durations; nested operations may overlap
small_ctx512_train_step_fp32,cpu_op,aten::add,backward,,24,,167.968,,,,sum of CPU operation durations; nested operations may overlap
small_ctx512_train_step_fp32,cpu_op,aten::add_,backward,,147,,730.067,,,,sum of CPU operation durations; nested operations may overlap
small_ctx512_train_step_fp32,cpu_op,aten::arange,backward,,2,,23.269,,,,sum of CPU operation durations; nested operations may overlap
small_ctx512_train_step_fp32,cpu_op,aten::as_strided,backward,,1254,,442.132,,,,sum of CPU operation durations; nested operations may overlap
small_ctx512_train_step_fp32,cpu_op,aten::bmm,backward,,218,,3839.586,,,,sum of CPU operation durations; nested operations may overlap
small_ctx512_train_step_fp32,cpu_op,aten::cat,backward,,24,,217.042,,,,sum of CPU operation durations; nested operations may overlap
small_ctx512_train_step_fp32,cpu_op,aten::clone,backward,,72,,730.502,,,,sum of CPU operation durations; nested operations may overlap
small_ctx512_train_step_fp32,cpu_op,aten::copy_,backward,,182,,1246.937,,,,sum of CPU operation durations; nested operations may overlap
small_ctx512_train_step_fp32,cpu_op,aten::detach,backward,,26,,39.881,,,,sum of CPU operation durations; nested operations may overlap
small_ctx512_train_step_fp32,cpu_op,aten::div,backward,,101,,939.819,,,,sum of CPU operation durations; nested operations may overlap
small_ctx512_train_step_fp32,cpu_op,aten::div_,backward,,2,,16.35,,,,sum of CPU operation durations; nested operations may overlap
small_ctx512_train_step_fp32,cpu_op,aten::divide_,backward,,1,,10.151,,,,sum of CPU operation durations; nested operations may overlap
small_ctx512_train_step_fp32,cpu_op,aten::empty,backward,,114,,226.966,,,,sum of CPU operation durations; nested operations may overlap
small_ctx512_train_step_fp32,cpu_op,aten::empty_like,backward,,75,,221.282,,,,sum of CPU operation durations; nested operations may overlap
small_ctx512_train_step_fp32,cpu_op,aten::empty_strided,backward,,86,,207.25,,,,sum of CPU operation durations; nested operations may overlap
small_ctx512_train_step_fp32,cpu_op,aten::expand,backward,,40,,122.534,,,,sum of CPU operation durations; nested operations may overlap
small_ctx512_train_step_fp32,cpu_op,aten::fill_,backward,,28,,168.026,,,,sum of CPU operation durations; nested operations may overlap
small_ctx512_train_step_fp32,cpu_op,aten::gather_backward,backward,,1,,46.518,,,,sum of CPU operation durations; nested operations may overlap
small_ctx512_train_step_fp32,cpu_op,aten::mul,backward,,421,,2817.244,,,,sum of CPU operation durations; nested operations may overlap
small_ctx512_train_step_fp32,cpu_op,aten::narrow,backward,,48,,181.948,,,,sum of CPU operation durations; nested operations may overlap
small_ctx512_train_step_fp32,cpu_op,aten::neg,backward,,51,,359.931,,,,sum of CPU operation durations; nested operations may overlap
small_ctx512_train_step_fp32,cpu_op,aten::new_empty,backward,,2,,10.124,,,,sum of CPU operation durations; nested operations may overlap
small_ctx512_train_step_fp32,cpu_op,aten::new_empty_strided,backward,,85,,308.458,,,,sum of CPU operation durations; nested operations may overlap
small_ctx512_train_step_fp32,cpu_op,aten::new_zeros,backward,,2,,34.166000000000004,,,,sum of CPU operation durations; nested operations may overlap
small_ctx512_train_step_fp32,cpu_op,aten::ones_like,backward,,1,,15.77,,,,sum of CPU operation durations; nested operations may overlap
small_ctx512_train_step_fp32,cpu_op,aten::permute,backward,,617,,1064.297,,,,sum of CPU operation durations; nested operations may overlap
small_ctx512_train_step_fp32,cpu_op,aten::pow,backward,,50,,682.135,,,,sum of CPU operation durations; nested operations may overlap
small_ctx512_train_step_fp32,cpu_op,aten::remainder,backward,,2,,20.292,,,,sum of CPU operation durations; nested operations may overlap
small_ctx512_train_step_fp32,cpu_op,aten::reshape,backward,,509,,1698.216,,,,sum of CPU operation durations; nested operations may overlap
small_ctx512_train_step_fp32,cpu_op,aten::resize_,backward,,13,,29.405,,,,sum of CPU operation durations; nested operations may overlap
small_ctx512_train_step_fp32,cpu_op,aten::result_type,backward,,50,,8.321,,,,sum of CPU operation durations; nested operations may overlap
small_ctx512_train_step_fp32,cpu_op,aten::scalar_tensor,backward,,12,,158.278,,,,sum of CPU operation durations; nested operations may overlap
small_ctx512_train_step_fp32,cpu_op,aten::scatter_,backward,,13,,223.863,,,,sum of CPU operation durations; nested operations may overlap
small_ctx512_train_step_fp32,cpu_op,aten::scatter_add_,backward,,1,,21.846,,,,sum of CPU operation durations; nested operations may overlap
small_ctx512_train_step_fp32,cpu_op,aten::sigmoid_backward,backward,,12,,96.423,,,,sum of CPU operation durations; nested operations may overlap
small_ctx512_train_step_fp32,cpu_op,aten::slice,backward,,48,,116.558,,,,sum of CPU operation durations; nested operations may overlap
small_ctx512_train_step_fp32,cpu_op,aten::squeeze,backward,,303,,530.367,,,,sum of CPU operation durations; nested operations may overlap
small_ctx512_train_step_fp32,cpu_op,aten::stack,backward,,24,,304.329,,,,sum of CPU operation durations; nested operations may overlap
small_ctx512_train_step_fp32,cpu_op,aten::sum,backward,,76,,832.403,,,,sum of CPU operation durations; nested operations may overlap
small_ctx512_train_step_fp32,cpu_op,aten::to,backward,,63,,9.006,,,,sum of CPU operation durations; nested operations may overlap
small_ctx512_train_step_fp32,cpu_op,aten::transpose,backward,,218,,457.476,,,,sum of CPU operation durations; nested operations may overlap
small_ctx512_train_step_fp32,cpu_op,aten::value_selecting_reduction_backward,backward,,13,,423.896,,,,sum of CPU operation durations; nested operations may overlap
small_ctx512_train_step_fp32,cpu_op,aten::view,backward,,474,,326.227,,,,sum of CPU operation durations; nested operations may overlap
small_ctx512_train_step_fp32,cpu_op,aten::where,backward,,24,,579.109,,,,sum of CPU operation durations; nested operations may overlap
small_ctx512_train_step_fp32,cpu_op,aten::zero_,backward,,15,,129.192,,,,sum of CPU operation durations; nested operations may overlap
small_ctx512_train_step_fp32,cpu_op,aten::zeros,backward,,13,,164.389,,,,sum of CPU operation durations; nested operations may overlap
small_ctx512_train_step_fp32,cpu_op,autograd::engine::evaluate_function: AddBackward0,backward,,73,,183.999,,,,sum of CPU operation durations; nested operations may overlap
small_ctx512_train_step_fp32,cpu_op,autograd::engine::evaluate_function: BmmBackward0,backward,,109,,5069.493,,,,sum of CPU operation durations; nested operations may overlap
small_ctx512_train_step_fp32,cpu_op,autograd::engine::evaluate_function: CatBackward0,backward,,24,,283.865,,,,sum of CPU operation durations; nested operations may overlap
small_ctx512_train_step_fp32,cpu_op,autograd::engine::evaluate_function: CloneBackward0,backward,,24,,50.187,,,,sum of CPU operation durations; nested operations may overlap
small_ctx512_train_step_fp32,cpu_op,autograd::engine::evaluate_function: DivBackward0,backward,,24,,808.896,,,,sum of CPU operation durations; nested operations may overlap
small_ctx512_train_step_fp32,cpu_op,autograd::engine::evaluate_function: ExpBackward0,backward,,13,,155.14600000000002,,,,sum of CPU operation durations; nested operations may overlap
small_ctx512_train_step_fp32,cpu_op,autograd::engine::evaluate_function: GatherBackward0,backward,,1,,59.484,,,,sum of CPU operation durations; nested operations may overlap
small_ctx512_train_step_fp32,cpu_op,autograd::engine::evaluate_function: IndexBackward0,backward,,1,,100.126,,,,sum of CPU operation durations; nested operations may overlap
small_ctx512_train_step_fp32,cpu_op,autograd::engine::evaluate_function: LogBackward0,backward,,1,,13.395,,,,sum of CPU operation durations; nested operations may overlap
small_ctx512_train_step_fp32,cpu_op,autograd::engine::evaluate_function: MaxBackward0,backward,,13,,583.251,,,,sum of CPU operation durations; nested operations may overlap
small_ctx512_train_step_fp32,cpu_op,autograd::engine::evaluate_function: MeanBackward0,backward,,1,,114.24,,,,sum of CPU operation durations; nested operations may overlap
small_ctx512_train_step_fp32,cpu_op,autograd::engine::evaluate_function: MeanBackward1,backward,,25,,476.327,,,,sum of CPU operation durations; nested operations may overlap
small_ctx512_train_step_fp32,cpu_op,autograd::engine::evaluate_function: MulBackward0,backward,,170,,3582.059,,,,sum of CPU operation durations; nested operations may overlap
small_ctx512_train_step_fp32,cpu_op,autograd::engine::evaluate_function: NegBackward0,backward,,1,,13.581,,,,sum of CPU operation durations; nested operations may overlap
small_ctx512_train_step_fp32,cpu_op,autograd::engine::evaluate_function: PermuteBackward0,backward,,617,,2900.54,,,,sum of CPU operation durations; nested operations may overlap
small_ctx512_train_step_fp32,cpu_op,autograd::engine::evaluate_function: PowBackward0,backward,,25,,1075.975,,,,sum of CPU operation durations; nested operations may overlap
small_ctx512_train_step_fp32,cpu_op,autograd::engine::evaluate_function: ReshapeAliasBackward0,backward,,121,,1044.605,,,,sum of CPU operation durations; nested operations may overlap
small_ctx512_train_step_fp32,cpu_op,autograd::engine::evaluate_function: RsqrtBackward0,backward,,25,,835.2529999999999,,,,sum of CPU operation durations; nested operations may overlap
small_ctx512_train_step_fp32,cpu_op,autograd::engine::evaluate_function: SigmoidBackward0,backward,,12,,233.758,,,,sum of CPU operation durations; nested operations may overlap
small_ctx512_train_step_fp32,cpu_op,autograd::engine::evaluate_function: SubBackward0,backward,,38,,521.175,,,,sum of CPU operation durations; nested operations may overlap
small_ctx512_train_step_fp32,cpu_op,autograd::engine::evaluate_function: SumBackward1,backward,,13,,176.688,,,,sum of CPU operation durations; nested operations may overlap
small_ctx512_train_step_fp32,cpu_op,autograd::engine::evaluate_function: UnbindBackward0,backward,,24,,406.509,,,,sum of CPU operation durations; nested operations may overlap
small_ctx512_train_step_fp32,cpu_op,autograd::engine::evaluate_function: UnsafeViewBackward0,backward,,24,,159.996,,,,sum of CPU operation durations; nested operations may overlap
small_ctx512_train_step_fp32,cpu_op,autograd::engine::evaluate_function: UnsqueezeBackward0,backward,,303,,1692.343,,,,sum of CPU operation durations; nested operations may overlap
small_ctx512_train_step_fp32,cpu_op,autograd::engine::evaluate_function: ViewBackward0,backward,,363,,2057.035,,,,sum of CPU operation durations; nested operations may overlap
small_ctx512_train_step_fp32,cpu_op,autograd::engine::evaluate_function: WhereBackward0,backward,,12,,450.78,,,,sum of CPU operation durations; nested operations may overlap
small_ctx512_train_step_fp32,cpu_op,autograd::engine::evaluate_function: torch::autograd::AccumulateGrad,backward,,111,,1391.883,,,,sum of CPU operation durations; nested operations may overlap
small_ctx512_train_step_fp32,cpu_op,detach,backward,,26,,23.571,,,,sum of CPU operation durations; nested operations may overlap
small_ctx512_train_step_fp32,cpu_op,torch::autograd::AccumulateGrad,backward,,111,,1198.693,,,,sum of CPU operation durations; nested operations may overlap
small_ctx512_train_step_fp32,cpu_op,aten::_has_compatible_shallow_copy_type,optimizer,,222,,17.235,,,,sum of CPU operation durations; nested operations may overlap
small_ctx512_train_step_fp32,cpu_op,aten::_local_scalar_dense,optimizer,,1,,22.752,,,,sum of CPU operation durations; nested operations may overlap
small_ctx512_train_step_fp32,cpu_op,aten::_to_copy,optimizer,,1,,47.345,,,,sum of CPU operation durations; nested operations may overlap
small_ctx512_train_step_fp32,cpu_op,aten::add,optimizer,,334,,1892.838,,,,sum of CPU operation durations; nested operations may overlap
small_ctx512_train_step_fp32,cpu_op,aten::add_,optimizer,,111,,521.691,,,,sum of CPU operation durations; nested operations may overlap
small_ctx512_train_step_fp32,cpu_op,aten::as_strided,optimizer,,111,,26.706,,,,sum of CPU operation durations; nested operations may overlap
small_ctx512_train_step_fp32,cpu_op,aten::copy_,optimizer,,1,,30.525,,,,sum of CPU operation durations; nested operations may overlap
small_ctx512_train_step_fp32,cpu_op,aten::detach_,optimizer,,1,,1.57,,,,sum of CPU operation durations; nested operations may overlap
small_ctx512_train_step_fp32,cpu_op,aten::div,optimizer,,111,,630.173,,,,sum of CPU operation durations; nested operations may overlap
small_ctx512_train_step_fp32,cpu_op,aten::empty,optimizer,,1,,5.299,,,,sum of CPU operation durations; nested operations may overlap
small_ctx512_train_step_fp32,cpu_op,aten::empty_like,optimizer,,222,,606.932,,,,sum of CPU operation durations; nested operations may overlap
small_ctx512_train_step_fp32,cpu_op,aten::empty_strided,optimizer,,223,,430.76800000000003,,,,sum of CPU operation durations; nested operations may overlap
small_ctx512_train_step_fp32,cpu_op,aten::fill_,optimizer,,222,,872.544,,,,sum of CPU operation durations; nested operations may overlap
small_ctx512_train_step_fp32,cpu_op,aten::is_nonzero,optimizer,,1,,25.928,,,,sum of CPU operation durations; nested operations may overlap
small_ctx512_train_step_fp32,cpu_op,aten::item,optimizer,,1,,24.332,,,,sum of CPU operation durations; nested operations may overlap
small_ctx512_train_step_fp32,cpu_op,aten::lift_fresh,optimizer,,1,,0.258,,,,sum of CPU operation durations; nested operations may overlap
small_ctx512_train_step_fp32,cpu_op,aten::lt,optimizer,,1,,12.217,,,,sum of CPU operation durations; nested operations may overlap
small_ctx512_train_step_fp32,cpu_op,aten::mul,optimizer,,667,,3890.949,,,,sum of CPU operation durations; nested operations may overlap
small_ctx512_train_step_fp32,cpu_op,aten::mul_,optimizer,,111,,518.5889999999999,,,,sum of CPU operation durations; nested operations may overlap
small_ctx512_train_step_fp32,cpu_op,aten::pow,optimizer,,222,,1502.288,,,,sum of CPU operation durations; nested operations may overlap
small_ctx512_train_step_fp32,cpu_op,aten::reciprocal,optimizer,,1,,9.843,,,,sum of CPU operation durations; nested operations may overlap
small_ctx512_train_step_fp32,cpu_op,aten::result_type,optimizer,,222,,14.67,,,,sum of CPU operation durations; nested operations may overlap
small_ctx512_train_step_fp32,cpu_op,aten::sqrt,optimizer,,112,,613.461,,,,sum of CPU operation durations; nested operations may overlap
small_ctx512_train_step_fp32,cpu_op,aten::square,optimizer,,111,,812.164,,,,sum of CPU operation durations; nested operations may overlap
small_ctx512_train_step_fp32,cpu_op,aten::sub_,optimizer,,222,,1021.487,,,,sum of CPU operation durations; nested operations may overlap
small_ctx512_train_step_fp32,cpu_op,aten::sum,optimizer,,222,,2409.042,,,,sum of CPU operation durations; nested operations may overlap
small_ctx512_train_step_fp32,cpu_op,aten::to,optimizer,,223,,62.708999999999996,,,,sum of CPU operation durations; nested operations may overlap
small_ctx512_train_step_fp32,cpu_op,aten::zero_,optimizer,,222,,1156.54,,,,sum of CPU operation durations; nested operations may overlap
small_ctx512_train_step_fp32,cpu_op,aten::zeros_like,optimizer,,222,,2089.469,,,,sum of CPU operation durations; nested operations may overlap
small_ctx512_train_step_fp32,cpu_op,detach_,optimizer,,1,,0.78,,,,sum of CPU operation durations; nested operations may overlap
small_ctx512_train_step_fp32,cuda_activity,Memset (Device),forward,gpu_memset,25,,,18.942,0,,sum of physical GPU activity durations; not GPU wall-clock time
small_ctx512_train_step_fp32,cuda_activity,sm90_xmma_gemm_f32f32_tf32f32_f32_nn_n_tilesize64x128x32_warpgroupsize1x1x1_execute_segment_k_off_kernel__5x_cublas,forward,kernel,12,,,280.384,12,,sum of physical GPU activity durations; not GPU wall-clock time
small_ctx512_train_step_fp32,cuda_activity,sm90_xmma_gemm_f32f32_tf32f32_f32_tn_n_tilesize128x128x32_warpgroupsize1x1x1_execute_segment_k_off_kernel__5x_cublas,forward,kernel,25,,,810.5600000000001,25,,sum of physical GPU activity durations; not GPU wall-clock time
small_ctx512_train_step_fp32,cuda_activity,sm90_xmma_gemm_f32f32_tf32f32_f32_tn_n_tilesize64x256x32_warpgroupsize1x1x1_execute_segment_k_off_kernel__5x_cublas,forward,kernel,60,,,1120.033,60,,sum of physical GPU activity durations; not GPU wall-clock time
small_ctx512_train_step_fp32,cuda_activity,"void (anonymous namespace)::elementwise_kernel_with_index<int, at::native::arange_cuda_out(c10::Scalar const&, c10::Scalar const&, c10::Scalar const&, at::Tensor&)::{lambda()#1}::operator()() const::{lambda()#4}::operator()() const::{lambda(long)#1}>(int, at::native::arange_cuda_out(c10::Scalar const&, c10::Scalar const&, c10::Scalar const&, at::Tensor&)::{lambda()#1}::operator()() const::{lambda()#4}::operator()() const::{lambda(long)#1}, function_traits<at::native::arange_cuda_out(c10::Scalar const&, c10::Scalar const&, c10::Scalar const&, at::Tensor&)::{lambda()#1}::operator()() const::{lambda()#4}::operator()() const::{lambda(long)#1}>::result_type*)",forward,kernel,12,,,14.141,12,,sum of physical GPU activity durations; not GPU wall-clock time
small_ctx512_train_step_fp32,cuda_activity,"void at::native::(anonymous namespace)::CatArrayBatchedCopy<at::native::(anonymous namespace)::OpaqueType<4u>, unsigned int, 4, 64, 64>(at::native::(anonymous namespace)::OpaqueType<4u>*, at::native::(anonymous namespace)::CatArrInputTensorMetadata<at::native::(anonymous namespace)::OpaqueType<4u>, unsigned int, 64, 64>, at::native::(anonymous namespace)::TensorSizeStride<unsigned int, 4u>, int, unsigned int)",forward,kernel,24,,,238.338,24,,sum of physical GPU activity durations; not GPU wall-clock time
small_ctx512_train_step_fp32,cuda_activity,"void at::native::_scatter_gather_elementwise_kernel<128, 8, at::native::_cuda_scatter_gather_internal_kernel<false, at::native::OpaqueType<4>, long>::operator()<at::native::TensorAssign>(at::TensorIterator&, long, long, long, at::native::TensorAssign const&)::{lambda(int)#1}>(int, at::native::_cuda_scatter_gather_internal_kernel<false, at::native::OpaqueType<4>, long>::operator()<at::native::TensorAssign>(at::TensorIterator&, long, long, long, at::native::TensorAssign const&)::{lambda(int)#1})",forward,kernel,1,,,10.592,1,,sum of physical GPU activity durations; not GPU wall-clock time
small_ctx512_train_step_fp32,cuda_activity,"void at::native::elementwise_kernel<128, 2, at::native::gpu_kernel_impl_nocast<at::native::(anonymous namespace)::where_kernel_impl(at::TensorIterator&)::{lambda()#1}::operator()() const::{lambda()#11}::operator()() const::{lambda(bool, float, float)#1}>(at::TensorIteratorBase&, at::native::(anonymous namespace)::where_kernel_impl(at::TensorIterator&)::{lambda()#1}::operator()() const::{lambda()#11}::operator()() const::{lambda(bool, float, float)#1} const&)::{lambda(int)#1}>(int, at::native::gpu_kernel_impl_nocast<at::native::(anonymous namespace)::where_kernel_impl(at::TensorIterator&)::{lambda()#1}::operator()() const::{lambda()#11}::operator()() const::{lambda(bool, float, float)#1}>(at::TensorIteratorBase&, at::native::(anonymous namespace)::where_kernel_impl(at::TensorIterator&)::{lambda()#1}::operator()() const::{lambda()#11}::operator()() const::{lambda(bool, float, float)#1} const&)::{lambda(int)#1})",forward,kernel,12,,,457.983,12,,sum of physical GPU activity durations; not GPU wall-clock time
small_ctx512_train_step_fp32,cuda_activity,"void at::native::elementwise_kernel<128, 2, at::native::gpu_kernel_impl_nocast<at::native::BinaryFunctor<float, float, float, at::native::binary_internal::DivFunctor<float> > >(at::TensorIteratorBase&, at::native::BinaryFunctor<float, float, float, at::native::binary_internal::DivFunctor<float> > const&)::{lambda(int)#1}>(int, at::native::gpu_kernel_impl_nocast<at::native::BinaryFunctor<float, float, float, at::native::binary_internal::DivFunctor<float> > >(at::TensorIteratorBase&, at::native::BinaryFunctor<float, float, float, at::native::binary_internal::DivFunctor<float> > const&)::{lambda(int)#1})",forward,kernel,12,,,545.667,12,,sum of physical GPU activity durations; not GPU wall-clock time
small_ctx512_train_step_fp32,cuda_activity,"void at::native::elementwise_kernel<128, 2, at::native::gpu_kernel_impl_nocast<at::native::BinaryFunctor<float, float, float, at::native::binary_internal::MulFunctor<float> > >(at::TensorIteratorBase&, at::native::BinaryFunctor<float, float, float, at::native::binary_internal::MulFunctor<float> > const&)::{lambda(int)#1}>(int, at::native::gpu_kernel_impl_nocast<at::native::BinaryFunctor<float, float, float, at::native::binary_internal::MulFunctor<float> > >(at::TensorIteratorBase&, at::native::BinaryFunctor<float, float, float, at::native::binary_internal::MulFunctor<float> > const&)::{lambda(int)#1})",forward,kernel,146,,,758.523,146,,sum of physical GPU activity durations; not GPU wall-clock time
small_ctx512_train_step_fp32,cuda_activity,"void at::native::elementwise_kernel<128, 2, at::native::gpu_kernel_impl_nocast<at::native::CUDAFunctor_add<float> >(at::TensorIteratorBase&, at::native::CUDAFunctor_add<float> const&)::{lambda(int)#1}>(int, at::native::gpu_kernel_impl_nocast<at::native::CUDAFunctor_add<float> >(at::TensorIteratorBase&, at::native::CUDAFunctor_add<float> const&)::{lambda(int)#1})",forward,kernel,14,,,583.711,14,,sum of physical GPU activity durations; not GPU wall-clock time
small_ctx512_train_step_fp32,cuda_activity,"void at::native::elementwise_kernel<128, 2, at::native::gpu_kernel_impl_nocast<at::native::direct_copy_kernel_cuda(at::TensorIteratorBase&)::{lambda()#3}::operator()() const::{lambda()#7}::operator()() const::{lambda(float)#1}>(at::TensorIteratorBase&, at::native::direct_copy_kernel_cuda(at::TensorIteratorBase&)::{lambda()#3}::operator()() const::{lambda()#7}::operator()() const::{lambda(float)#1} const&)::{lambda(int)#1}>(int, at::native::gpu_kernel_impl_nocast<at::native::direct_copy_kernel_cuda(at::TensorIteratorBase&)::{lambda()#3}::operator()() const::{lambda()#7}::operator()() const::{lambda(float)#1}>(at::TensorIteratorBase&, at::native::direct_copy_kernel_cuda(at::TensorIteratorBase&)::{lambda()#3}::operator()() const::{lambda()#7}::operator()() const::{lambda(float)#1} const&)::{lambda(int)#1})",forward,kernel,24,,,177.985,24,,sum of physical GPU activity durations; not GPU wall-clock time
small_ctx512_train_step_fp32,cuda_activity,"void at::native::elementwise_kernel<128, 4, at::native::gpu_kernel_impl_nocast<at::native::(anonymous namespace)::CompareFunctor<long> >(at::TensorIteratorBase&, at::native::(anonymous namespace)::CompareFunctor<long> const&)::{lambda(int)#1}>(int, at::native::gpu_kernel_impl_nocast<at::native::(anonymous namespace)::CompareFunctor<long> >(at::TensorIteratorBase&, at::native::(anonymous namespace)::CompareFunctor<long> const&)::{lambda(int)#1})",forward,kernel,12,,,39.361,12,,sum of physical GPU activity durations; not GPU wall-clock time
small_ctx512_train_step_fp32,cuda_activity,"void at::native::reduce_kernel<512, 1, at::native::ReduceOp<float, at::native::MaxOps<float>, unsigned int, float, 4, 4> >(at::native::ReduceOp<float, at::native::MaxOps<float>, unsigned int, float, 4, 4>)",forward,kernel,13,,,368.223,13,,sum of physical GPU activity durations; not GPU wall-clock time
small_ctx512_train_step_fp32,cuda_activity,"void at::native::reduce_kernel<512, 1, at::native::ReduceOp<float, at::native::MeanOps<float, float, float, float>, unsigned int, float, 4, 4> >(at::native::ReduceOp<float, at::native::MeanOps<float, float, float, float>, unsigned int, float, 4, 4>)",forward,kernel,26,,,122.05,26,,sum of physical GPU activity durations; not GPU wall-clock time
small_ctx512_train_step_fp32,cuda_activity,"void at::native::reduce_kernel<512, 1, at::native::ReduceOp<float, at::native::func_wrapper_t<float, at::native::sum_functor<float, float, float>::operator()(at::TensorIterator&)::{lambda(float, float)#1}>, unsigned int, float, 4, 4> >(at::native::ReduceOp<float, at::native::func_wrapper_t<float, at::native::sum_functor<float, float, float>::operator()(at::TensorIterator&)::{lambda(float, float)#1}>, unsigned int, float, 4, 4>)",forward,kernel,13,,,286.721,13,,sum of physical GPU activity durations; not GPU wall-clock time
small_ctx512_train_step_fp32,cuda_activity,"void at::native::vectorized_elementwise_kernel<4, at::native::(anonymous namespace)::pow_tensor_scalar_kernel_impl<float, float>(at::TensorIteratorBase&, float)::{lambda(float)#1}, std::array<char*, 2ul> >(int, at::native::(anonymous namespace)::pow_tensor_scalar_kernel_impl<float, float>(at::TensorIteratorBase&, float)::{lambda(float)#1}, std::array<char*, 2ul>)",forward,kernel,25,,,76.095,25,,sum of physical GPU activity durations; not GPU wall-clock time
small_ctx512_train_step_fp32,cuda_activity,"void at::native::vectorized_elementwise_kernel<4, at::native::BUnaryFunctor<float, float, float, at::native::binary_internal::MulFunctor<float> >, std::array<char*, 2ul> >(int, at::native::BUnaryFunctor<float, float, float, at::native::binary_internal::MulFunctor<float> >, std::array<char*, 2ul>)",forward,kernel,12,,,312.41700000000003,12,,sum of physical GPU activity durations; not GPU wall-clock time
small_ctx512_train_step_fp32,cuda_activity,"void at::native::vectorized_elementwise_kernel<4, at::native::BinaryFunctor<float, float, float, at::native::binary_internal::MulFunctor<float> >, std::array<char*, 3ul> >(int, at::native::BinaryFunctor<float, float, float, at::native::binary_internal::MulFunctor<float> >, std::array<char*, 3ul>)",forward,kernel,24,,,423.298,24,,sum of physical GPU activity durations; not GPU wall-clock time
small_ctx512_train_step_fp32,cuda_activity,"void at::native::vectorized_elementwise_kernel<4, at::native::CUDAFunctorOnSelf_add<float>, std::array<char*, 2ul> >(int, at::native::CUDAFunctorOnSelf_add<float>, std::array<char*, 2ul>)",forward,kernel,25,,,35.617,25,,sum of physical GPU activity durations; not GPU wall-clock time
small_ctx512_train_step_fp32,cuda_activity,"void at::native::vectorized_elementwise_kernel<4, at::native::CUDAFunctor_add<float>, std::array<char*, 3ul> >(int, at::native::CUDAFunctor_add<float>, std::array<char*, 3ul>)",forward,kernel,72,,,267.871,72,,sum of physical GPU activity durations; not GPU wall-clock time
small_ctx512_train_step_fp32,cuda_activity,"void at::native::vectorized_elementwise_kernel<4, at::native::FillFunctor<float>, std::array<char*, 1ul> >(int, at::native::FillFunctor<float>, std::array<char*, 1ul>)",forward,kernel,12,,,15.68,12,,sum of physical GPU activity durations; not GPU wall-clock time
small_ctx512_train_step_fp32,cuda_activity,"void at::native::vectorized_elementwise_kernel<4, at::native::exp_kernel_cuda(at::TensorIteratorBase&)::{lambda()#2}::operator()() const::{lambda()#2}::operator()() const::{lambda(float)#1}, std::array<char*, 2ul> >(int, at::native::exp_kernel_cuda(at::TensorIteratorBase&)::{lambda()#2}::operator()() const::{lambda()#2}::operator()() const::{lambda(float)#1}, std::array<char*, 2ul>)",forward,kernel,13,,,335.072,13,,sum of physical GPU activity durations; not GPU wall-clock time
small_ctx512_train_step_fp32,cuda_activity,"void at::native::vectorized_elementwise_kernel<4, at::native::log_kernel_cuda(at::TensorIteratorBase&)::{lambda()#2}::operator()() const::{lambda()#2}::operator()() const::{lambda(float)#1}, std::array<char*, 2ul> >(int, at::native::log_kernel_cuda(at::TensorIteratorBase&)::{lambda()#2}::operator()() const::{lambda()#2}::operator()() const::{lambda(float)#1}, std::array<char*, 2ul>)",forward,kernel,1,,,1.856,1,,sum of physical GPU activity durations; not GPU wall-clock time
small_ctx512_train_step_fp32,cuda_activity,"void at::native::vectorized_elementwise_kernel<4, at::native::neg_kernel_cuda(at::TensorIteratorBase&)::{lambda()#2}::operator()() const::{lambda()#7}::operator()() const::{lambda(float)#1}, std::array<char*, 2ul> >(int, at::native::neg_kernel_cuda(at::TensorIteratorBase&)::{lambda()#2}::operator()() const::{lambda()#7}::operator()() const::{lambda(float)#1}, std::array<char*, 2ul>)",forward,kernel,1,,,39.232,1,,sum of physical GPU activity durations; not GPU wall-clock time
small_ctx512_train_step_fp32,cuda_activity,"void at::native::vectorized_elementwise_kernel<4, at::native::rsqrt_kernel_cuda(at::TensorIteratorBase&)::{lambda()#2}::operator()() const::{lambda()#2}::operator()() const::{lambda(float)#1}, std::array<char*, 2ul> >(int, at::native::rsqrt_kernel_cuda(at::TensorIteratorBase&)::{lambda()#2}::operator()() const::{lambda()#2}::operator()() const::{lambda(float)#1}, std::array<char*, 2ul>)",forward,kernel,25,,,36.448,25,,sum of physical GPU activity durations; not GPU wall-clock time
small_ctx512_train_step_fp32,cuda_activity,"void at::native::vectorized_elementwise_kernel<4, at::native::sigmoid_kernel_cuda(at::TensorIteratorBase&)::{lambda()#2}::operator()() const::{lambda()#2}::operator()() const::{lambda(float)#1}, std::array<char*, 2ul> >(int, at::native::sigmoid_kernel_cuda(at::TensorIteratorBase&)::{lambda()#2}::operator()() const::{lambda()#2}::operator()() const::{lambda(float)#1}, std::array<char*, 2ul>)",forward,kernel,12,,,140.096,12,,sum of physical GPU activity durations; not GPU wall-clock time
small_ctx512_train_step_fp32,cuda_activity,"void at::native::vectorized_gather_kernel<16, long>(char*, char*, long*, int, long, long, long, long, bool)",forward,kernel,1,,,5.695,1,,sum of physical GPU activity durations; not GPU wall-clock time
small_ctx512_train_step_fp32,cuda_activity,void cutlass::Kernel2<cutlass_80_tensorop_s1688gemm_256x64_16x4_tn_align4>(cutlass_80_tensorop_s1688gemm_256x64_16x4_tn_align4::Params),forward,kernel,12,,,327.968,12,,sum of physical GPU activity durations; not GPU wall-clock time
small_ctx512_train_step_fp32,cuda_activity,Memcpy DtoD (Device -> Device),backward,gpu_memcpy,25,,,96.385,0,,sum of physical GPU activity durations; not GPU wall-clock time
small_ctx512_train_step_fp32,cuda_activity,Memset (Device),backward,gpu_memset,73,,,61.119,0,,sum of physical GPU activity durations; not GPU wall-clock time
small_ctx512_train_step_fp32,cuda_activity,sm90_xmma_gemm_f32f32_tf32f32_f32_nn_n_tilesize128x128x32_warpgroupsize1x1x1_execute_segment_k_off_kernel__5x_cublas,backward,kernel,12,,,449.408,12,,sum of physical GPU activity durations; not GPU wall-clock time
small_ctx512_train_step_fp32,cuda_activity,sm90_xmma_gemm_f32f32_tf32f32_f32_nn_n_tilesize64x128x32_warpgroupsize1x1x1_execute_segment_k_off_kernel__5x_cublas,backward,kernel,60,,,1114.559,60,,sum of physical GPU activity durations; not GPU wall-clock time
small_ctx512_train_step_fp32,cuda_activity,sm90_xmma_gemm_f32f32_tf32f32_f32_nn_n_tilesize64x256x32_warpgroupsize1x1x1_execute_segment_k_off_kernel__5x_cublas,backward,kernel,25,,,1015.459,25,,sum of physical GPU activity durations; not GPU wall-clock time
small_ctx512_train_step_fp32,cuda_activity,sm90_xmma_gemm_f32f32_tf32f32_f32_nt_n_tilesize128x128x32_warpgroupsize1x1x1_execute_segment_k_on_kernel__5x_cublas,backward,kernel,36,,,2358.507,36,,sum of physical GPU activity durations; not GPU wall-clock time
small_ctx512_train_step_fp32,cuda_activity,sm90_xmma_gemm_f32f32_tf32f32_f32_nt_n_tilesize128x256x32_warpgroupsize2x1x1_execute_segment_k_off_kernel__5x_cublas,backward,kernel,1,,,144.48,1,,sum of physical GPU activity durations; not GPU wall-clock time
small_ctx512_train_step_fp32,cuda_activity,"void (anonymous namespace)::elementwise_kernel_with_index<int, at::native::arange_cuda_out(c10::Scalar const&, c10::Scalar const&, c10::Scalar const&, at::Tensor&)::{lambda()#1}::operator()() const::{lambda()#4}::operator()() const::{lambda(long)#1}>(int, at::native::arange_cuda_out(c10::Scalar const&, c10::Scalar const&, c10::Scalar const&, at::Tensor&)::{lambda()#1}::operator()() const::{lambda()#4}::operator()() const::{lambda(long)#1}, function_traits<at::native::arange_cuda_out(c10::Scalar const&, c10::Scalar const&, c10::Scalar const&, at::Tensor&)::{lambda()#1}::operator()() const::{lambda()#4}::operator()() const::{lambda(long)#1}>::result_type*)",backward,kernel,1,,,1.152,1,,sum of physical GPU activity durations; not GPU wall-clock time
small_ctx512_train_step_fp32,cuda_activity,"void (anonymous namespace)::indexing_backward_kernel<float, 4>(long const*, long const*, float const*, float*, long, long, long, long, bool)",backward,kernel,1,,,6.528,1,,sum of physical GPU activity durations; not GPU wall-clock time
small_ctx512_train_step_fp32,cuda_activity,"void at::native::(anonymous namespace)::CatArrayBatchedCopy<at::native::(anonymous namespace)::OpaqueType<4u>, unsigned int, 4, 64, 64>(at::native::(anonymous namespace)::OpaqueType<4u>*, at::native::(anonymous namespace)::CatArrInputTensorMetadata<at::native::(anonymous namespace)::OpaqueType<4u>, unsigned int, 64, 64>, at::native::(anonymous namespace)::TensorSizeStride<unsigned int, 4u>, int, unsigned int)",backward,kernel,12,,,132.16,12,,sum of physical GPU activity durations; not GPU wall-clock time
small_ctx512_train_step_fp32,cuda_activity,"void at::native::(anonymous namespace)::CatArrayBatchedCopy_vectorized<at::native::(anonymous namespace)::OpaqueType<4u>, unsigned int, 1, 128, 1, 16, 4>(char*, at::native::(anonymous namespace)::CatArrInputTensorMetadata<at::native::(anonymous namespace)::OpaqueType<4u>, unsigned int, 128, 1>, at::native::(anonymous namespace)::TensorSizeStride<unsigned int, 4u>, int, unsigned int)",backward,kernel,12,,,51.136,12,,sum of physical GPU activity durations; not GPU wall-clock time
small_ctx512_train_step_fp32,cuda_activity,"void at::native::_scatter_gather_elementwise_kernel<128, 8, at::native::_cuda_scatter_gather_internal_kernel<true, at::native::OpaqueType<4>, long>::operator()<at::native::TensorAssign>(at::TensorIterator&, long, long, long, at::native::TensorAssign const&)::{lambda(int)#1}>(int, at::native::_cuda_scatter_gather_internal_kernel<true, at::native::OpaqueType<4>, long>::operator()<at::native::TensorAssign>(at::TensorIterator&, long, long, long, at::native::TensorAssign const&)::{lambda(int)#1})",backward,kernel,13,,,126.178,13,,sum of physical GPU activity durations; not GPU wall-clock time
small_ctx512_train_step_fp32,cuda_activity,"void at::native::_scatter_gather_elementwise_kernel<128, 8, at::native::_cuda_scatter_gather_internal_kernel<true, float, long>::operator()<at::native::ReduceAdd>(at::TensorIterator&, long, long, long, at::native::ReduceAdd const&)::{lambda(int)#1}>(int, at::native::_cuda_scatter_gather_internal_kernel<true, float, long>::operator()<at::native::ReduceAdd>(at::TensorIterator&, long, long, long, at::native::ReduceAdd const&)::{lambda(int)#1})",backward,kernel,1,,,9.024,1,,sum of physical GPU activity durations; not GPU wall-clock time
small_ctx512_train_step_fp32,cuda_activity,"void at::native::elementwise_kernel<128, 2, at::native::gpu_kernel_impl_nocast<at::native::(anonymous namespace)::where_kernel_impl(at::TensorIterator&)::{lambda()#1}::operator()() const::{lambda()#11}::operator()() const::{lambda(bool, float, float)#1}>(at::TensorIteratorBase&, at::native::(anonymous namespace)::where_kernel_impl(at::TensorIterator&)::{lambda()#1}::operator()() const::{lambda()#11}::operator()() const::{lambda(bool, float, float)#1} const&)::{lambda(int)#1}>(int, at::native::gpu_kernel_impl_nocast<at::native::(anonymous namespace)::where_kernel_impl(at::TensorIterator&)::{lambda()#1}::operator()() const::{lambda()#11}::operator()() const::{lambda(bool, float, float)#1}>(at::TensorIteratorBase&, at::native::(anonymous namespace)::where_kernel_impl(at::TensorIterator&)::{lambda()#1}::operator()() const::{lambda()#11}::operator()() const::{lambda(bool, float, float)#1} const&)::{lambda(int)#1})",backward,kernel,12,,,457.152,12,,sum of physical GPU activity durations; not GPU wall-clock time
small_ctx512_train_step_fp32,cuda_activity,"void at::native::elementwise_kernel<128, 2, at::native::gpu_kernel_impl_nocast<at::native::BUnaryFunctor<float, float, float, at::native::binary_internal::MulFunctor<float> > >(at::TensorIteratorBase&, at::native::BUnaryFunctor<float, float, float, at::native::binary_internal::MulFunctor<float> > const&)::{lambda(int)#1}>(int, at::native::gpu_kernel_impl_nocast<at::native::BUnaryFunctor<float, float, float, at::native::binary_internal::MulFunctor<float> > >(at::TensorIteratorBase&, at::native::BUnaryFunctor<float, float, float, at::native::binary_internal::MulFunctor<float> > const&)::{lambda(int)#1})",backward,kernel,26,,,145.021,26,,sum of physical GPU activity durations; not GPU wall-clock time
small_ctx512_train_step_fp32,cuda_activity,"void at::native::elementwise_kernel<128, 2, at::native::gpu_kernel_impl_nocast<at::native::BinaryFunctor<float, float, float, at::native::binary_internal::DivFunctor<float> > >(at::TensorIteratorBase&, at::native::BinaryFunctor<float, float, float, at::native::binary_internal::DivFunctor<float> > const&)::{lambda(int)#1}>(int, at::native::gpu_kernel_impl_nocast<at::native::BinaryFunctor<float, float, float, at::native::binary_internal::DivFunctor<float> > >(at::TensorIteratorBase&, at::native::BinaryFunctor<float, float, float, at::native::binary_internal::DivFunctor<float> > const&)::{lambda(int)#1})",backward,kernel,36,,,1652.578,36,,sum of physical GPU activity durations; not GPU wall-clock time
small_ctx512_train_step_fp32,cuda_activity,"void at::native::elementwise_kernel<128, 2, at::native::gpu_kernel_impl_nocast<at::native::BinaryFunctor<float, float, float, at::native::binary_internal::MulFunctor<float> > >(at::TensorIteratorBase&, at::native::BinaryFunctor<float, float, float, at::native::binary_internal::MulFunctor<float> > const&)::{lambda(int)#1}>(int, at::native::gpu_kernel_impl_nocast<at::native::BinaryFunctor<float, float, float, at::native::binary_internal::MulFunctor<float> > >(at::TensorIteratorBase&, at::native::BinaryFunctor<float, float, float, at::native::binary_internal::MulFunctor<float> > const&)::{lambda(int)#1})",backward,kernel,147,,,910.522,147,,sum of physical GPU activity durations; not GPU wall-clock time
small_ctx512_train_step_fp32,cuda_activity,"void at::native::elementwise_kernel<128, 2, at::native::gpu_kernel_impl_nocast<at::native::CUDAFunctor_add<float> >(at::TensorIteratorBase&, at::native::CUDAFunctor_add<float> const&)::{lambda(int)#1}>(int, at::native::gpu_kernel_impl_nocast<at::native::CUDAFunctor_add<float> >(at::TensorIteratorBase&, at::native::CUDAFunctor_add<float> const&)::{lambda(int)#1})",backward,kernel,12,,,450.977,12,,sum of physical GPU activity durations; not GPU wall-clock time
small_ctx512_train_step_fp32,cuda_activity,"void at::native::elementwise_kernel<128, 2, at::native::gpu_kernel_impl_nocast<at::native::direct_copy_kernel_cuda(at::TensorIteratorBase&)::{lambda()#3}::operator()() const::{lambda()#7}::operator()() const::{lambda(float)#1}>(at::TensorIteratorBase&, at::native::direct_copy_kernel_cuda(at::TensorIteratorBase&)::{lambda()#3}::operator()() const::{lambda()#7}::operator()() const::{lambda(float)#1} const&)::{lambda(int)#1}>(int, at::native::gpu_kernel_impl_nocast<at::native::direct_copy_kernel_cuda(at::TensorIteratorBase&)::{lambda()#3}::operator()() const::{lambda()#7}::operator()() const::{lambda(float)#1}>(at::TensorIteratorBase&, at::native::direct_copy_kernel_cuda(at::TensorIteratorBase&)::{lambda()#3}::operator()() const::{lambda()#7}::operator()() const::{lambda(float)#1} const&)::{lambda(int)#1})",backward,kernel,157,,,1526.147,157,,sum of physical GPU activity durations; not GPU wall-clock time
small_ctx512_train_step_fp32,cuda_activity,"void at::native::elementwise_kernel<128, 2, at::native::gpu_kernel_impl_nocast<at::native::neg_kernel_cuda(at::TensorIteratorBase&)::{lambda()#2}::operator()() const::{lambda()#7}::operator()() const::{lambda(float)#1}>(at::TensorIteratorBase&, at::native::neg_kernel_cuda(at::TensorIteratorBase&)::{lambda()#2}::operator()() const::{lambda()#7}::operator()() const::{lambda(float)#1} const&)::{lambda(int)#1}>(int, at::native::gpu_kernel_impl_nocast<at::native::neg_kernel_cuda(at::TensorIteratorBase&)::{lambda()#2}::operator()() const::{lambda()#7}::operator()() const::{lambda(float)#1}>(at::TensorIteratorBase&, at::native::neg_kernel_cuda(at::TensorIteratorBase&)::{lambda()#2}::operator()() const::{lambda()#7}::operator()() const::{lambda(float)#1} const&)::{lambda(int)#1})",backward,kernel,24,,,105.791,24,,sum of physical GPU activity durations; not GPU wall-clock time
small_ctx512_train_step_fp32,cuda_activity,"void at::native::reduce_kernel<128, 4, at::native::ReduceOp<float, at::native::func_wrapper_t<float, at::native::sum_functor<float, float, float>::operator()(at::TensorIterator&)::{lambda(float, float)#1}>, unsigned int, float, 4, 4> >(at::native::ReduceOp<float, at::native::func_wrapper_t<float, at::native::sum_functor<float, float, float>::operator()(at::TensorIterator&)::{lambda(float, float)#1}>, unsigned int, float, 4, 4>)",backward,kernel,25,,,273.438,25,,sum of physical GPU activity durations; not GPU wall-clock time
small_ctx512_train_step_fp32,cuda_activity,"void at::native::reduce_kernel<512, 1, at::native::ReduceOp<float, at::native::func_wrapper_t<float, at::native::sum_functor<float, float, float>::operator()(at::TensorIterator&)::{lambda(float, float)#1}>, unsigned int, float, 4, 4> >(at::native::ReduceOp<float, at::native::func_wrapper_t<float, at::native::sum_functor<float, float, float>::operator()(at::TensorIterator&)::{lambda(float, float)#1}>, unsigned int, float, 4, 4>)",backward,kernel,51,,,703.075,51,,sum of physical GPU activity durations; not GPU wall-clock time
small_ctx512_train_step_fp32,cuda_activity,"void at::native::vectorized_elementwise_kernel<2, at::native::AUnaryFunctor<long, long, long, at::native::binary_internal::MulFunctor<long> >, std::array<char*, 2ul> >(int, at::native::AUnaryFunctor<long, long, long, at::native::binary_internal::MulFunctor<long> >, std::array<char*, 2ul>)",backward,kernel,1,,,1.536,1,,sum of physical GPU activity durations; not GPU wall-clock time
small_ctx512_train_step_fp32,cuda_activity,"void at::native::vectorized_elementwise_kernel<2, at::native::BUnaryFunctor<long, long, long, at::native::binary_internal::div_trunc_kernel_cuda(at::TensorIteratorBase&)::{lambda()#1}::operator()() const::{lambda()#4}::operator()() const::{lambda(long, long)#1}>, std::array<char*, 2ul> >(int, at::native::BUnaryFunctor<long, long, long, at::native::binary_internal::div_trunc_kernel_cuda(at::TensorIteratorBase&)::{lambda()#1}::operator()() const::{lambda()#4}::operator()() const::{lambda(long, long)#1}>, std::array<char*, 2ul>)",backward,kernel,1,,,2.336,1,,sum of physical GPU activity durations; not GPU wall-clock time
small_ctx512_train_step_fp32,cuda_activity,"void at::native::vectorized_elementwise_kernel<2, at::native::BUnaryFunctor<long, long, long, at::native::remainder_kernel_cuda(at::TensorIteratorBase&)::{lambda()#1}::operator()() const::{lambda()#4}::operator()() const::{lambda(long, long)#1}>, std::array<char*, 2ul> >(int, at::native::BUnaryFunctor<long, long, long, at::native::remainder_kernel_cuda(at::TensorIteratorBase&)::{lambda()#1}::operator()() const::{lambda()#4}::operator()() const::{lambda(long, long)#1}>, std::array<char*, 2ul>)",backward,kernel,1,,,2.272,1,,sum of physical GPU activity durations; not GPU wall-clock time
small_ctx512_train_step_fp32,cuda_activity,"void at::native::vectorized_elementwise_kernel<4, at::native::(anonymous namespace)::pow_tensor_scalar_kernel_impl<float, float>(at::TensorIteratorBase&, float)::{lambda(float)#2}, std::array<char*, 2ul> >(int, at::native::(anonymous namespace)::pow_tensor_scalar_kernel_impl<float, float>(at::TensorIteratorBase&, float)::{lambda(float)#2}, std::array<char*, 2ul>)",backward,kernel,25,,,32.447,25,,sum of physical GPU activity durations; not GPU wall-clock time
small_ctx512_train_step_fp32,cuda_activity,"void at::native::vectorized_elementwise_kernel<4, at::native::AUnaryFunctor<float, float, float, at::native::binary_internal::MulFunctor<float> >, std::array<char*, 2ul> >(int, at::native::AUnaryFunctor<float, float, float, at::native::binary_internal::MulFunctor<float> >, std::array<char*, 2ul>)",backward,kernel,50,,,118.789,50,,sum of physical GPU activity durations; not GPU wall-clock time
small_ctx512_train_step_fp32,cuda_activity,"void at::native::vectorized_elementwise_kernel<4, at::native::BUnaryFunctor<float, float, float, at::native::binary_internal::MulFunctor<float> >, std::array<char*, 2ul> >(int, at::native::BUnaryFunctor<float, float, float, at::native::binary_internal::MulFunctor<float> >, std::array<char*, 2ul>)",backward,kernel,12,,,308.511,12,,sum of physical GPU activity durations; not GPU wall-clock time
small_ctx512_train_step_fp32,cuda_activity,"void at::native::vectorized_elementwise_kernel<4, at::native::BinaryFunctor<float, float, float, at::native::binary_internal::DivFunctor<float> >, std::array<char*, 3ul> >(int, at::native::BinaryFunctor<float, float, float, at::native::binary_internal::DivFunctor<float> >, std::array<char*, 3ul>)",backward,kernel,1,,,2.017,1,,sum of physical GPU activity durations; not GPU wall-clock time
small_ctx512_train_step_fp32,cuda_activity,"void at::native::vectorized_elementwise_kernel<4, at::native::BinaryFunctor<float, float, float, at::native::binary_internal::MulFunctor<float> >, std::array<char*, 3ul> >(int, at::native::BinaryFunctor<float, float, float, at::native::binary_internal::MulFunctor<float> >, std::array<char*, 3ul>)",backward,kernel,172,,,2197.338,172,,sum of physical GPU activity durations; not GPU wall-clock time
small_ctx512_train_step_fp32,cuda_activity,"void at::native::vectorized_elementwise_kernel<4, at::native::CUDAFunctor_add<float>, std::array<char*, 3ul> >(int, at::native::CUDAFunctor_add<float>, std::array<char*, 3ul>)",backward,kernel,159,,,1329.955,159,,sum of physical GPU activity durations; not GPU wall-clock time
small_ctx512_train_step_fp32,cuda_activity,"void at::native::vectorized_elementwise_kernel<4, at::native::FillFunctor<float>, std::array<char*, 1ul> >(int, at::native::FillFunctor<float>, std::array<char*, 1ul>)",backward,kernel,28,,,211.2,28,,sum of physical GPU activity durations; not GPU wall-clock time
small_ctx512_train_step_fp32,cuda_activity,"void at::native::vectorized_elementwise_kernel<4, at::native::neg_kernel_cuda(at::TensorIteratorBase&)::{lambda()#2}::operator()() const::{lambda()#7}::operator()() const::{lambda(float)#1}, std::array<char*, 2ul> >(int, at::native::neg_kernel_cuda(at::TensorIteratorBase&)::{lambda()#2}::operator()() const::{lambda()#7}::operator()() const::{lambda(float)#1}, std::array<char*, 2ul>)",backward,kernel,27,,,708.799,27,,sum of physical GPU activity durations; not GPU wall-clock time
small_ctx512_train_step_fp32,cuda_activity,"void at::native::vectorized_elementwise_kernel<4, at::native::sigmoid_backward_kernel_cuda(at::TensorIteratorBase&)::{lambda()#2}::operator()() const::{lambda()#2}::operator()() const::{lambda(float, float)#1}, std::array<char*, 3ul> >(int, at::native::sigmoid_backward_kernel_cuda(at::TensorIteratorBase&)::{lambda()#2}::operator()() const::{lambda()#2}::operator()() const::{lambda(float, float)#1}, std::array<char*, 3ul>)",backward,kernel,12,,,231.58599999999998,12,,sum of physical GPU activity durations; not GPU wall-clock time
small_ctx512_train_step_fp32,cuda_activity,"void at_cuda_detail::cub::DeviceRadixSortSingleTileKernel<at_cuda_detail::cub::DeviceRadixSortPolicy<long, at::cuda::cub::detail::OpaqueType<8>, unsigned long long>::Policy900, false, long, at::cuda::cub::detail::OpaqueType<8>, unsigned long long, at_cuda_detail::cub::detail::identity_decomposer_t>(long const*, long*, at::cuda::cub::detail::OpaqueType<8> const*, at::cuda::cub::detail::OpaqueType<8>*, unsigned long long, int, int, at_cuda_detail::cub::detail::identity_decomposer_t)",backward,kernel,1,,,6.4,1,,sum of physical GPU activity durations; not GPU wall-clock time
small_ctx512_train_step_fp32,cuda_activity,"void cublasLt::splitKreduce_kernel<32, 16, int, float, float, float, float, false, float, float, float, true, false, false>(cublasLt::cublasSplitKParams<float>, float const*, float const*, float*, float*, float const*, float const*, float const*, float const*, float*, void*, long, float*, int*, float*, float*, float const*, float const*, float const*, float const*, float const*)",backward,kernel,48,,,299.553,48,,sum of physical GPU activity durations; not GPU wall-clock time
small_ctx512_train_step_fp32,cuda_activity,void cutlass::Kernel2<cutlass_80_tensorop_s1688gemm_128x128_16x4_nt_align4>(cutlass_80_tensorop_s1688gemm_128x128_16x4_nt_align4::Params),backward,kernel,48,,,935.356,48,,sum of physical GPU activity durations; not GPU wall-clock time
small_ctx512_train_step_fp32,cuda_activity,void cutlass::Kernel2<cutlass_80_tensorop_s1688gemm_256x64_16x4_tn_align4>(cutlass_80_tensorop_s1688gemm_256x64_16x4_tn_align4::Params),backward,kernel,12,,,319.83799999999997,12,,sum of physical GPU activity durations; not GPU wall-clock time
small_ctx512_train_step_fp32,cuda_activity,void cutlass::Kernel2<cutlass_80_tensorop_s1688gemm_256x64_32x3_nt_align4>(cutlass_80_tensorop_s1688gemm_256x64_32x3_nt_align4::Params),backward,kernel,12,,,266.016,12,,sum of physical GPU activity durations; not GPU wall-clock time
small_ctx512_train_step_fp32,cuda_activity,void cutlass::Kernel2<cutlass_80_tensorop_s1688gemm_64x64_16x6_nt_align4>(cutlass_80_tensorop_s1688gemm_64x64_16x6_nt_align4::Params),backward,kernel,12,,,247.842,12,,sum of physical GPU activity durations; not GPU wall-clock time
small_ctx512_train_step_fp32,cuda_activity,Memcpy DtoH (Device -> Pinned),optimizer,gpu_memcpy,1,,,3.008,0,,sum of physical GPU activity durations; not GPU wall-clock time
small_ctx512_train_step_fp32,cuda_activity,Memcpy HtoD (Pageable -> Device),optimizer,gpu_memcpy,1,,,0.8,0,,sum of physical GPU activity durations; not GPU wall-clock time
small_ctx512_train_step_fp32,cuda_activity,Memset (Device),optimizer,gpu_memset,86,,,73.921,0,,sum of physical GPU activity durations; not GPU wall-clock time
small_ctx512_train_step_fp32,cuda_activity,"void at::native::elementwise_kernel<128, 2, at::native::gpu_kernel_impl_nocast<at::native::BinaryFunctor<float, float, float, at::native::binary_internal::MulFunctor<float> > >(at::TensorIteratorBase&, at::native::BinaryFunctor<float, float, float, at::native::binary_internal::MulFunctor<float> > const&)::{lambda(int)#1}>(int, at::native::gpu_kernel_impl_nocast<at::native::BinaryFunctor<float, float, float, at::native::binary_internal::MulFunctor<float> > >(at::TensorIteratorBase&, at::native::BinaryFunctor<float, float, float, at::native::binary_internal::MulFunctor<float> > const&)::{lambda(int)#1})",optimizer,kernel,111,,,637.371,111,,sum of physical GPU activity durations; not GPU wall-clock time
small_ctx512_train_step_fp32,cuda_activity,"void at::native::reduce_kernel<512, 1, at::native::ReduceOp<float, at::native::func_wrapper_t<float, at::native::sum_functor<float, float, float>::operator()(at::TensorIterator&)::{lambda(float, float)#1}>, unsigned int, float, 4, 4> >(at::native::ReduceOp<float, at::native::func_wrapper_t<float, at::native::sum_functor<float, float, float>::operator()(at::TensorIterator&)::{lambda(float, float)#1}>, unsigned int, float, 4, 4>)",optimizer,kernel,111,,,588.866,111,,sum of physical GPU activity durations; not GPU wall-clock time
small_ctx512_train_step_fp32,cuda_activity,"void at::native::vectorized_elementwise_kernel<4, at::native::(anonymous namespace)::pow_tensor_scalar_kernel_impl<float, float>(at::TensorIteratorBase&, float)::{lambda(float)#1}, std::array<char*, 2ul> >(int, at::native::(anonymous namespace)::pow_tensor_scalar_kernel_impl<float, float>(at::TensorIteratorBase&, float)::{lambda(float)#1}, std::array<char*, 2ul>)",optimizer,kernel,222,,,782.248,222,,sum of physical GPU activity durations; not GPU wall-clock time
small_ctx512_train_step_fp32,cuda_activity,"void at::native::vectorized_elementwise_kernel<4, at::native::AUnaryFunctor<float, float, float, at::native::binary_internal::MulFunctor<float> >, std::array<char*, 2ul> >(int, at::native::AUnaryFunctor<float, float, float, at::native::binary_internal::MulFunctor<float> >, std::array<char*, 2ul>)",optimizer,kernel,667,,,2419.554,667,,sum of physical GPU activity durations; not GPU wall-clock time
small_ctx512_train_step_fp32,cuda_activity,"void at::native::vectorized_elementwise_kernel<4, at::native::BinaryFunctor<float, float, float, at::native::binary_internal::DivFunctor<float> >, std::array<char*, 3ul> >(int, at::native::BinaryFunctor<float, float, float, at::native::binary_internal::DivFunctor<float> >, std::array<char*, 3ul>)",optimizer,kernel,111,,,428.67199999999997,111,,sum of physical GPU activity durations; not GPU wall-clock time
small_ctx512_train_step_fp32,cuda_activity,"void at::native::vectorized_elementwise_kernel<4, at::native::CUDAFunctorOnSelf_add<float>, std::array<char*, 2ul> >(int, at::native::CUDAFunctorOnSelf_add<float>, std::array<char*, 2ul>)",optimizer,kernel,112,,,327.072,112,,sum of physical GPU activity durations; not GPU wall-clock time
small_ctx512_train_step_fp32,cuda_activity,"void at::native::vectorized_elementwise_kernel<4, at::native::CUDAFunctor_add<float>, std::array<char*, 3ul> >(int, at::native::CUDAFunctor_add<float>, std::array<char*, 3ul>)",optimizer,kernel,555,,,1770.509,555,,sum of physical GPU activity durations; not GPU wall-clock time
small_ctx512_train_step_fp32,cuda_activity,"void at::native::vectorized_elementwise_kernel<4, at::native::FillFunctor<float>, std::array<char*, 1ul> >(int, at::native::FillFunctor<float>, std::array<char*, 1ul>)",optimizer,kernel,222,,,492.74899999999997,222,,sum of physical GPU activity durations; not GPU wall-clock time
small_ctx512_train_step_fp32,cuda_activity,"void at::native::vectorized_elementwise_kernel<4, at::native::compare_scalar_kernel<float>(at::TensorIteratorBase&, at::native::(anonymous namespace)::OpType, float)::{lambda(float)#1}, std::array<char*, 2ul> >(int, at::native::compare_scalar_kernel<float>(at::TensorIteratorBase&, at::native::(anonymous namespace)::OpType, float)::{lambda(float)#1}, std::array<char*, 2ul>)",optimizer,kernel,1,,,1.6,1,,sum of physical GPU activity durations; not GPU wall-clock time
small_ctx512_train_step_fp32,cuda_activity,"void at::native::vectorized_elementwise_kernel<4, at::native::reciprocal_kernel_cuda(at::TensorIteratorBase&)::{lambda()#1}::operator()() const::{lambda()#2}::operator()() const::{lambda(float)#1}, std::array<char*, 2ul> >(int, at::native::reciprocal_kernel_cuda(at::TensorIteratorBase&)::{lambda()#1}::operator()() const::{lambda()#2}::operator()() const::{lambda(float)#1}, std::array<char*, 2ul>)",optimizer,kernel,1,,,1.664,1,,sum of physical GPU activity durations; not GPU wall-clock time
small_ctx512_train_step_fp32,cuda_activity,"void at::native::vectorized_elementwise_kernel<4, at::native::sqrt_kernel_cuda(at::TensorIteratorBase&)::{lambda()#2}::operator()() const::{lambda()#2}::operator()() const::{lambda(float)#1}, std::array<char*, 2ul> >(int, at::native::sqrt_kernel_cuda(at::TensorIteratorBase&)::{lambda()#2}::operator()() const::{lambda()#2}::operator()() const::{lambda(float)#1}, std::array<char*, 2ul>)",optimizer,kernel,112,,,350.242,112,,sum of physical GPU activity durations; not GPU wall-clock time
small_ctx1024_train_step_fp32,range,profile/measure,profile/measure,,1,90863.323,,,,true,measurement wall-clock CPU range; do not interpret as CUDA time
small_ctx1024_train_step_fp32,range,forward,forward,,1,21500.887,,,,true,inclusive CPU annotation range
small_ctx1024_train_step_fp32,range,backward,backward,,1,32455.551,,,,true,inclusive CPU annotation range
small_ctx1024_train_step_fp32,range,optimizer,optimizer,,1,35077.076,,,,true,inclusive CPU annotation range
small_ctx1024_train_step_fp32,range,attention/scores,forward,,12,1840.228,,,,true,inclusive nested range; do not add to forward
small_ctx1024_train_step_fp32,range,attention/softmax,forward,,12,1826.713,,,,true,inclusive nested range; do not add to forward
small_ctx1024_train_step_fp32,range,attention/value,forward,,12,1806.684,,,,true,inclusive nested range; do not add to forward
small_ctx1024_train_step_fp32,cpu_op,aten::_reshape_alias,forward,,121,,168.545,,,,sum of CPU operation durations; nested operations may overlap
small_ctx1024_train_step_fp32,cpu_op,aten::_unsafe_view,forward,,24,,52.709,,,,sum of CPU operation durations; nested operations may overlap
small_ctx1024_train_step_fp32,cpu_op,aten::add,forward,,73,,646.609,,,,sum of CPU operation durations; nested operations may overlap
small_ctx1024_train_step_fp32,cpu_op,aten::alias,forward,,24,,31.758,,,,sum of CPU operation durations; nested operations may overlap
small_ctx1024_train_step_fp32,cpu_op,aten::arange,forward,,24,,330.61,,,,sum of CPU operation durations; nested operations may overlap
small_ctx1024_train_step_fp32,cpu_op,aten::as_strided,forward,,1033,,354.038,,,,sum of CPU operation durations; nested operations may overlap
small_ctx1024_train_step_fp32,cpu_op,aten::bmm,forward,,109,,2969.984,,,,sum of CPU operation durations; nested operations may overlap
small_ctx1024_train_step_fp32,cpu_op,aten::cat,forward,,24,,272.386,,,,sum of CPU operation durations; nested operations may overlap
small_ctx1024_train_step_fp32,cpu_op,aten::clone,forward,,24,,426.816,,,,sum of CPU operation durations; nested operations may overlap
small_ctx1024_train_step_fp32,cpu_op,aten::concat,forward,,24,,303.869,,,,sum of CPU operation durations; nested operations may overlap
small_ctx1024_train_step_fp32,cpu_op,aten::copy_,forward,,24,,236.703,,,,sum of CPU operation durations; nested operations may overlap
small_ctx1024_train_step_fp32,cpu_op,aten::div,forward,,24,,287.309,,,,sum of CPU operation durations; nested operations may overlap
small_ctx1024_train_step_fp32,cpu_op,aten::einsum,forward,,109,,7583.145,,,,sum of CPU operation durations; nested operations may overlap
small_ctx1024_train_step_fp32,cpu_op,aten::empty,forward,,60,,156.34799999999998,,,,sum of CPU operation durations; nested operations may overlap
small_ctx1024_train_step_fp32,cpu_op,aten::empty_like,forward,,24,,102.30799999999999,,,,sum of CPU operation durations; nested operations may overlap
small_ctx1024_train_step_fp32,cpu_op,aten::exp,forward,,13,,141.50300000000001,,,,sum of CPU operation durations; nested operations may overlap
small_ctx1024_train_step_fp32,cpu_op,aten::fill_,forward,,12,,105.457,,,,sum of CPU operation durations; nested operations may overlap
small_ctx1024_train_step_fp32,cpu_op,aten::gather,forward,,1,,15.813,,,,sum of CPU operation durations; nested operations may overlap
small_ctx1024_train_step_fp32,cpu_op,aten::ge,forward,,12,,132.991,,,,sum of CPU operation durations; nested operations may overlap
small_ctx1024_train_step_fp32,cpu_op,aten::index,forward,,1,,48.518,,,,sum of CPU operation durations; nested operations may overlap
small_ctx1024_train_step_fp32,cpu_op,aten::log,forward,,1,,8.994,,,,sum of CPU operation durations; nested operations may overlap
small_ctx1024_train_step_fp32,cpu_op,aten::max,forward,,13,,217.269,,,,sum of CPU operation durations; nested operations may overlap
small_ctx1024_train_step_fp32,cpu_op,aten::mean,forward,,27,,330.301,,,,sum of CPU operation durations; nested operations may overlap
small_ctx1024_train_step_fp32,cpu_op,aten::mul,forward,,170,,1485.88,,,,sum of CPU operation durations; nested operations may overlap
small_ctx1024_train_step_fp32,cpu_op,aten::neg,forward,,1,,9.306,,,,sum of CPU operation durations; nested operations may overlap
small_ctx1024_train_step_fp32,cpu_op,aten::permute,forward,,617,,1518.198,,,,sum of CPU operation durations; nested operations may overlap
small_ctx1024_train_step_fp32,cpu_op,aten::pow,forward,,25,,308.874,,,,sum of CPU operation durations; nested operations may overlap
small_ctx1024_train_step_fp32,cpu_op,aten::reshape,forward,,315,,1247.623,,,,sum of CPU operation durations; nested operations may overlap
small_ctx1024_train_step_fp32,cpu_op,aten::resize_,forward,,24,,59.18,,,,sum of CPU operation durations; nested operations may overlap
small_ctx1024_train_step_fp32,cpu_op,aten::result_type,forward,,25,,9.427,,,,sum of CPU operation durations; nested operations may overlap
small_ctx1024_train_step_fp32,cpu_op,aten::rsqrt,forward,,25,,233.535,,,,sum of CPU operation durations; nested operations may overlap
small_ctx1024_train_step_fp32,cpu_op,aten::scalar_tensor,forward,,12,,180.182,,,,sum of CPU operation durations; nested operations may overlap
small_ctx1024_train_step_fp32,cpu_op,aten::select,forward,,96,,176.329,,,,sum of CPU operation durations; nested operations may overlap
small_ctx1024_train_step_fp32,cpu_op,aten::sigmoid,forward,,12,,137.931,,,,sum of CPU operation durations; nested operations may overlap
small_ctx1024_train_step_fp32,cpu_op,aten::sub,forward,,38,,351.508,,,,sum of CPU operation durations; nested operations may overlap
small_ctx1024_train_step_fp32,cpu_op,aten::sum,forward,,13,,168.362,,,,sum of CPU operation durations; nested operations may overlap
small_ctx1024_train_step_fp32,cpu_op,aten::to,forward,,87,,19.787,,,,sum of CPU operation durations; nested operations may overlap
small_ctx1024_train_step_fp32,cpu_op,aten::unbind,forward,,48,,325.827,,,,sum of CPU operation durations; nested operations may overlap
small_ctx1024_train_step_fp32,cpu_op,aten::unsqueeze,forward,,316,,765.843,,,,sum of CPU operation durations; nested operations may overlap
small_ctx1024_train_step_fp32,cpu_op,aten::view,forward,,388,,479.557,,,,sum of CPU operation durations; nested operations may overlap
small_ctx1024_train_step_fp32,cpu_op,aten::where,forward,,24,,683.66,,,,sum of CPU operation durations; nested operations may overlap
small_ctx1024_train_step_fp32,cpu_op,AddBackward0,backward,,73,,25.292,,,,sum of CPU operation durations; nested operations may overlap
small_ctx1024_train_step_fp32,cpu_op,BmmBackward0,backward,,109,,5139.642,,,,sum of CPU operation durations; nested operations may overlap
small_ctx1024_train_step_fp32,cpu_op,CatBackward0,backward,,24,,230.895,,,,sum of CPU operation durations; nested operations may overlap
small_ctx1024_train_step_fp32,cpu_op,CloneBackward0,backward,,24,,4.509,,,,sum of CPU operation durations; nested operations may overlap
small_ctx1024_train_step_fp32,cpu_op,DivBackward0,backward,,24,,632.51,,,,sum of CPU operation durations; nested operations may overlap
small_ctx1024_train_step_fp32,cpu_op,ExpBackward0,backward,,13,,106.29,,,,sum of CPU operation durations; nested operations may overlap
small_ctx1024_train_step_fp32,cpu_op,GatherBackward0,backward,,1,,60.435,,,,sum of CPU operation durations; nested operations may overlap
small_ctx1024_train_step_fp32,cpu_op,IndexBackward0,backward,,1,,128.308,,,,sum of CPU operation durations; nested operations may overlap
small_ctx1024_train_step_fp32,cpu_op,LogBackward0,backward,,1,,10.549,,,,sum of CPU operation durations; nested operations may overlap
small_ctx1024_train_step_fp32,cpu_op,MaxBackward0,backward,,13,,449.216,,,,sum of CPU operation durations; nested operations may overlap
small_ctx1024_train_step_fp32,cpu_op,MeanBackward0,backward,,1,,64.062,,,,sum of CPU operation durations; nested operations may overlap
small_ctx1024_train_step_fp32,cpu_op,MeanBackward1,backward,,25,,410.976,,,,sum of CPU operation durations; nested operations may overlap
small_ctx1024_train_step_fp32,cpu_op,MulBackward0,backward,,170,,1963.731,,,,sum of CPU operation durations; nested operations may overlap
small_ctx1024_train_step_fp32,cpu_op,NegBackward0,backward,,1,,11.871,,,,sum of CPU operation durations; nested operations may overlap
small_ctx1024_train_step_fp32,cpu_op,PermuteBackward0,backward,,617,,1534.832,,,,sum of CPU operation durations; nested operations may overlap
small_ctx1024_train_step_fp32,cpu_op,PowBackward0,backward,,25,,854.925,,,,sum of CPU operation durations; nested operations may overlap
small_ctx1024_train_step_fp32,cpu_op,ReshapeAliasBackward0,backward,,121,,663.136,,,,sum of CPU operation durations; nested operations may overlap
small_ctx1024_train_step_fp32,cpu_op,RsqrtBackward0,backward,,25,,748.984,,,,sum of CPU operation durations; nested operations may overlap
small_ctx1024_train_step_fp32,cpu_op,SigmoidBackward0,backward,,12,,118.111,,,,sum of CPU operation durations; nested operations may overlap
small_ctx1024_train_step_fp32,cpu_op,SubBackward0,backward,,38,,290.118,,,,sum of CPU operation durations; nested operations may overlap
small_ctx1024_train_step_fp32,cpu_op,SumBackward1,backward,,13,,49.814,,,,sum of CPU operation durations; nested operations may overlap
small_ctx1024_train_step_fp32,cpu_op,UnbindBackward0,backward,,24,,328.942,,,,sum of CPU operation durations; nested operations may overlap
small_ctx1024_train_step_fp32,cpu_op,UnsafeViewBackward0,backward,,24,,109.315,,,,sum of CPU operation durations; nested operations may overlap
small_ctx1024_train_step_fp32,cpu_op,UnsqueezeBackward0,backward,,303,,718.063,,,,sum of CPU operation durations; nested operations may overlap
small_ctx1024_train_step_fp32,cpu_op,ViewBackward0,backward,,363,,1336.366,,,,sum of CPU operation durations; nested operations may overlap
small_ctx1024_train_step_fp32,cpu_op,WhereBackward0,backward,,12,,429.267,,,,sum of CPU operation durations; nested operations may overlap
small_ctx1024_train_step_fp32,cpu_op,aten::_index_put_impl_,backward,,1,,110.176,,,,sum of CPU operation durations; nested operations may overlap
small_ctx1024_train_step_fp32,cpu_op,aten::_reshape_alias,backward,,12,,18.221,,,,sum of CPU operation durations; nested operations may overlap
small_ctx1024_train_step_fp32,cpu_op,aten::_unsafe_view,backward,,72,,48.394,,,,sum of CPU operation durations; nested operations may overlap
small_ctx1024_train_step_fp32,cpu_op,aten::add,backward,,24,,175.414,,,,sum of CPU operation durations; nested operations may overlap
small_ctx1024_train_step_fp32,cpu_op,aten::add_,backward,,147,,764.47,,,,sum of CPU operation durations; nested operations may overlap
small_ctx1024_train_step_fp32,cpu_op,aten::arange,backward,,2,,23.634999999999998,,,,sum of CPU operation durations; nested operations may overlap
small_ctx1024_train_step_fp32,cpu_op,aten::as_strided,backward,,1254,,443.388,,,,sum of CPU operation durations; nested operations may overlap
small_ctx1024_train_step_fp32,cpu_op,aten::bmm,backward,,218,,4321.828,,,,sum of CPU operation durations; nested operations may overlap
small_ctx1024_train_step_fp32,cpu_op,aten::cat,backward,,24,,217.359,,,,sum of CPU operation durations; nested operations may overlap
small_ctx1024_train_step_fp32,cpu_op,aten::clone,backward,,72,,756.118,,,,sum of CPU operation durations; nested operations may overlap
small_ctx1024_train_step_fp32,cpu_op,aten::copy_,backward,,182,,1282.276,,,,sum of CPU operation durations; nested operations may overlap
small_ctx1024_train_step_fp32,cpu_op,aten::detach,backward,,26,,43.254,,,,sum of CPU operation durations; nested operations may overlap
small_ctx1024_train_step_fp32,cpu_op,aten::div,backward,,101,,907.681,,,,sum of CPU operation durations; nested operations may overlap
small_ctx1024_train_step_fp32,cpu_op,aten::div_,backward,,2,,17.23,,,,sum of CPU operation durations; nested operations may overlap
small_ctx1024_train_step_fp32,cpu_op,aten::divide_,backward,,1,,10.616,,,,sum of CPU operation durations; nested operations may overlap
small_ctx1024_train_step_fp32,cpu_op,aten::empty,backward,,114,,242.351,,,,sum of CPU operation durations; nested operations may overlap
small_ctx1024_train_step_fp32,cpu_op,aten::empty_like,backward,,75,,237.171,,,,sum of CPU operation durations; nested operations may overlap
small_ctx1024_train_step_fp32,cpu_op,aten::empty_strided,backward,,86,,212.953,,,,sum of CPU operation durations; nested operations may overlap
small_ctx1024_train_step_fp32,cpu_op,aten::expand,backward,,40,,109.567,,,,sum of CPU operation durations; nested operations may overlap
small_ctx1024_train_step_fp32,cpu_op,aten::fill_,backward,,28,,171.0,,,,sum of CPU operation durations; nested operations may overlap
small_ctx1024_train_step_fp32,cpu_op,aten::gather_backward,backward,,1,,57.209,,,,sum of CPU operation durations; nested operations may overlap
small_ctx1024_train_step_fp32,cpu_op,aten::mul,backward,,421,,2882.895,,,,sum of CPU operation durations; nested operations may overlap
small_ctx1024_train_step_fp32,cpu_op,aten::narrow,backward,,48,,190.408,,,,sum of CPU operation durations; nested operations may overlap
small_ctx1024_train_step_fp32,cpu_op,aten::neg,backward,,51,,366.136,,,,sum of CPU operation durations; nested operations may overlap
small_ctx1024_train_step_fp32,cpu_op,aten::new_empty,backward,,2,,15.905999999999999,,,,sum of CPU operation durations; nested operations may overlap
small_ctx1024_train_step_fp32,cpu_op,aten::new_empty_strided,backward,,85,,311.859,,,,sum of CPU operation durations; nested operations may overlap
small_ctx1024_train_step_fp32,cpu_op,aten::new_zeros,backward,,2,,41.775,,,,sum of CPU operation durations; nested operations may overlap
small_ctx1024_train_step_fp32,cpu_op,aten::ones_like,backward,,1,,16.544,,,,sum of CPU operation durations; nested operations may overlap
small_ctx1024_train_step_fp32,cpu_op,aten::permute,backward,,617,,1077.007,,,,sum of CPU operation durations; nested operations may overlap
small_ctx1024_train_step_fp32,cpu_op,aten::pow,backward,,50,,678.412,,,,sum of CPU operation durations; nested operations may overlap
small_ctx1024_train_step_fp32,cpu_op,aten::remainder,backward,,2,,22.465,,,,sum of CPU operation durations; nested operations may overlap
small_ctx1024_train_step_fp32,cpu_op,aten::reshape,backward,,509,,1730.069,,,,sum of CPU operation durations; nested operations may overlap
small_ctx1024_train_step_fp32,cpu_op,aten::resize_,backward,,13,,28.606,,,,sum of CPU operation durations; nested operations may overlap
small_ctx1024_train_step_fp32,cpu_op,aten::result_type,backward,,50,,8.309,,,,sum of CPU operation durations; nested operations may overlap
small_ctx1024_train_step_fp32,cpu_op,aten::scalar_tensor,backward,,12,,171.828,,,,sum of CPU operation durations; nested operations may overlap
small_ctx1024_train_step_fp32,cpu_op,aten::scatter_,backward,,13,,215.25,,,,sum of CPU operation durations; nested operations may overlap
small_ctx1024_train_step_fp32,cpu_op,aten::scatter_add_,backward,,1,,25.303,,,,sum of CPU operation durations; nested operations may overlap
small_ctx1024_train_step_fp32,cpu_op,aten::sigmoid_backward,backward,,12,,95.067,,,,sum of CPU operation durations; nested operations may overlap
small_ctx1024_train_step_fp32,cpu_op,aten::slice,backward,,48,,122.92,,,,sum of CPU operation durations; nested operations may overlap
small_ctx1024_train_step_fp32,cpu_op,aten::squeeze,backward,,303,,536.713,,,,sum of CPU operation durations; nested operations may overlap
small_ctx1024_train_step_fp32,cpu_op,aten::stack,backward,,24,,296.084,,,,sum of CPU operation durations; nested operations may overlap
small_ctx1024_train_step_fp32,cpu_op,aten::sum,backward,,76,,975.289,,,,sum of CPU operation durations; nested operations may overlap
small_ctx1024_train_step_fp32,cpu_op,aten::to,backward,,63,,8.953,,,,sum of CPU operation durations; nested operations may overlap
small_ctx1024_train_step_fp32,cpu_op,aten::transpose,backward,,218,,455.27,,,,sum of CPU operation durations; nested operations may overlap
small_ctx1024_train_step_fp32,cpu_op,aten::value_selecting_reduction_backward,backward,,13,,421.38,,,,sum of CPU operation durations; nested operations may overlap
small_ctx1024_train_step_fp32,cpu_op,aten::view,backward,,474,,316.008,,,,sum of CPU operation durations; nested operations may overlap
small_ctx1024_train_step_fp32,cpu_op,aten::where,backward,,24,,605.044,,,,sum of CPU operation durations; nested operations may overlap
small_ctx1024_train_step_fp32,cpu_op,aten::zero_,backward,,15,,129.832,,,,sum of CPU operation durations; nested operations may overlap
small_ctx1024_train_step_fp32,cpu_op,aten::zeros,backward,,13,,169.15,,,,sum of CPU operation durations; nested operations may overlap
small_ctx1024_train_step_fp32,cpu_op,autograd::engine::evaluate_function: AddBackward0,backward,,73,,192.39,,,,sum of CPU operation durations; nested operations may overlap
small_ctx1024_train_step_fp32,cpu_op,autograd::engine::evaluate_function: BmmBackward0,backward,,109,,5577.799,,,,sum of CPU operation durations; nested operations may overlap
small_ctx1024_train_step_fp32,cpu_op,autograd::engine::evaluate_function: CatBackward0,backward,,24,,297.699,,,,sum of CPU operation durations; nested operations may overlap
small_ctx1024_train_step_fp32,cpu_op,autograd::engine::evaluate_function: CloneBackward0,backward,,24,,52.479,,,,sum of CPU operation durations; nested operations may overlap
small_ctx1024_train_step_fp32,cpu_op,autograd::engine::evaluate_function: DivBackward0,backward,,24,,1021.77,,,,sum of CPU operation durations; nested operations may overlap
small_ctx1024_train_step_fp32,cpu_op,autograd::engine::evaluate_function: ExpBackward0,backward,,13,,155.644,,,,sum of CPU operation durations; nested operations may overlap
small_ctx1024_train_step_fp32,cpu_op,autograd::engine::evaluate_function: GatherBackward0,backward,,1,,70.681,,,,sum of CPU operation durations; nested operations may overlap
small_ctx1024_train_step_fp32,cpu_op,autograd::engine::evaluate_function: IndexBackward0,backward,,1,,133.243,,,,sum of CPU operation durations; nested operations may overlap
small_ctx1024_train_step_fp32,cpu_op,autograd::engine::evaluate_function: LogBackward0,backward,,1,,13.851,,,,sum of CPU operation durations; nested operations may overlap
small_ctx1024_train_step_fp32,cpu_op,autograd::engine::evaluate_function: MaxBackward0,backward,,13,,596.655,,,,sum of CPU operation durations; nested operations may overlap
small_ctx1024_train_step_fp32,cpu_op,autograd::engine::evaluate_function: MeanBackward0,backward,,1,,74.809,,,,sum of CPU operation durations; nested operations may overlap
small_ctx1024_train_step_fp32,cpu_op,autograd::engine::evaluate_function: MeanBackward1,backward,,25,,473.965,,,,sum of CPU operation durations; nested operations may overlap
small_ctx1024_train_step_fp32,cpu_op,autograd::engine::evaluate_function: MulBackward0,backward,,170,,3645.179,,,,sum of CPU operation durations; nested operations may overlap
small_ctx1024_train_step_fp32,cpu_op,autograd::engine::evaluate_function: NegBackward0,backward,,1,,14.566,,,,sum of CPU operation durations; nested operations may overlap
small_ctx1024_train_step_fp32,cpu_op,autograd::engine::evaluate_function: PermuteBackward0,backward,,617,,2965.034,,,,sum of CPU operation durations; nested operations may overlap
small_ctx1024_train_step_fp32,cpu_op,autograd::engine::evaluate_function: PowBackward0,backward,,25,,1113.638,,,,sum of CPU operation durations; nested operations may overlap
small_ctx1024_train_step_fp32,cpu_op,autograd::engine::evaluate_function: ReshapeAliasBackward0,backward,,121,,1061.978,,,,sum of CPU operation durations; nested operations may overlap
small_ctx1024_train_step_fp32,cpu_op,autograd::engine::evaluate_function: RsqrtBackward0,backward,,25,,821.8969999999999,,,,sum of CPU operation durations; nested operations may overlap
small_ctx1024_train_step_fp32,cpu_op,autograd::engine::evaluate_function: SigmoidBackward0,backward,,12,,240.059,,,,sum of CPU operation durations; nested operations may overlap
small_ctx1024_train_step_fp32,cpu_op,autograd::engine::evaluate_function: SubBackward0,backward,,38,,523.721,,,,sum of CPU operation durations; nested operations may overlap
small_ctx1024_train_step_fp32,cpu_op,autograd::engine::evaluate_function: SumBackward1,backward,,13,,186.684,,,,sum of CPU operation durations; nested operations may overlap
small_ctx1024_train_step_fp32,cpu_op,autograd::engine::evaluate_function: UnbindBackward0,backward,,24,,397.442,,,,sum of CPU operation durations; nested operations may overlap
small_ctx1024_train_step_fp32,cpu_op,autograd::engine::evaluate_function: UnsafeViewBackward0,backward,,24,,159.66899999999998,,,,sum of CPU operation durations; nested operations may overlap
small_ctx1024_train_step_fp32,cpu_op,autograd::engine::evaluate_function: UnsqueezeBackward0,backward,,303,,1748.768,,,,sum of CPU operation durations; nested operations may overlap
small_ctx1024_train_step_fp32,cpu_op,autograd::engine::evaluate_function: ViewBackward0,backward,,363,,2124.529,,,,sum of CPU operation durations; nested operations may overlap
small_ctx1024_train_step_fp32,cpu_op,autograd::engine::evaluate_function: WhereBackward0,backward,,12,,477.144,,,,sum of CPU operation durations; nested operations may overlap
small_ctx1024_train_step_fp32,cpu_op,autograd::engine::evaluate_function: torch::autograd::AccumulateGrad,backward,,111,,1435.998,,,,sum of CPU operation durations; nested operations may overlap
small_ctx1024_train_step_fp32,cpu_op,detach,backward,,26,,25.919999999999998,,,,sum of CPU operation durations; nested operations may overlap
small_ctx1024_train_step_fp32,cpu_op,torch::autograd::AccumulateGrad,backward,,111,,1237.568,,,,sum of CPU operation durations; nested operations may overlap
small_ctx1024_train_step_fp32,cpu_op,aten::_has_compatible_shallow_copy_type,optimizer,,222,,20.293,,,,sum of CPU operation durations; nested operations may overlap
small_ctx1024_train_step_fp32,cpu_op,aten::_local_scalar_dense,optimizer,,1,,21.383,,,,sum of CPU operation durations; nested operations may overlap
small_ctx1024_train_step_fp32,cpu_op,aten::_to_copy,optimizer,,1,,14038.771,,,,sum of CPU operation durations; nested operations may overlap
small_ctx1024_train_step_fp32,cpu_op,aten::add,optimizer,,334,,2010.63,,,,sum of CPU operation durations; nested operations may overlap
small_ctx1024_train_step_fp32,cpu_op,aten::add_,optimizer,,111,,565.266,,,,sum of CPU operation durations; nested operations may overlap
small_ctx1024_train_step_fp32,cpu_op,aten::as_strided,optimizer,,111,,28.506,,,,sum of CPU operation durations; nested operations may overlap
small_ctx1024_train_step_fp32,cpu_op,aten::copy_,optimizer,,1,,14019.762,,,,sum of CPU operation durations; nested operations may overlap
small_ctx1024_train_step_fp32,cpu_op,aten::detach_,optimizer,,1,,1.675,,,,sum of CPU operation durations; nested operations may overlap
small_ctx1024_train_step_fp32,cpu_op,aten::div,optimizer,,111,,672.008,,,,sum of CPU operation durations; nested operations may overlap
small_ctx1024_train_step_fp32,cpu_op,aten::empty,optimizer,,1,,5.354,,,,sum of CPU operation durations; nested operations may overlap
small_ctx1024_train_step_fp32,cpu_op,aten::empty_like,optimizer,,222,,633.88,,,,sum of CPU operation durations; nested operations may overlap
small_ctx1024_train_step_fp32,cpu_op,aten::empty_strided,optimizer,,223,,449.63100000000003,,,,sum of CPU operation durations; nested operations may overlap
small_ctx1024_train_step_fp32,cpu_op,aten::fill_,optimizer,,222,,961.638,,,,sum of CPU operation durations; nested operations may overlap
small_ctx1024_train_step_fp32,cpu_op,aten::is_nonzero,optimizer,,1,,24.618,,,,sum of CPU operation durations; nested operations may overlap
small_ctx1024_train_step_fp32,cpu_op,aten::item,optimizer,,1,,23.109,,,,sum of CPU operation durations; nested operations may overlap
small_ctx1024_train_step_fp32,cpu_op,aten::lift_fresh,optimizer,,1,,0.287,,,,sum of CPU operation durations; nested operations may overlap
small_ctx1024_train_step_fp32,cpu_op,aten::lt,optimizer,,1,,10.758,,,,sum of CPU operation durations; nested operations may overlap
small_ctx1024_train_step_fp32,cpu_op,aten::mul,optimizer,,667,,4100.366,,,,sum of CPU operation durations; nested operations may overlap
small_ctx1024_train_step_fp32,cpu_op,aten::mul_,optimizer,,111,,530.697,,,,sum of CPU operation durations; nested operations may overlap
small_ctx1024_train_step_fp32,cpu_op,aten::pow,optimizer,,222,,1595.27,,,,sum of CPU operation durations; nested operations may overlap
small_ctx1024_train_step_fp32,cpu_op,aten::reciprocal,optimizer,,1,,8.431,,,,sum of CPU operation durations; nested operations may overlap
small_ctx1024_train_step_fp32,cpu_op,aten::result_type,optimizer,,222,,13.481,,,,sum of CPU operation durations; nested operations may overlap
small_ctx1024_train_step_fp32,cpu_op,aten::sqrt,optimizer,,112,,636.255,,,,sum of CPU operation durations; nested operations may overlap
small_ctx1024_train_step_fp32,cpu_op,aten::square,optimizer,,111,,851.491,,,,sum of CPU operation durations; nested operations may overlap
small_ctx1024_train_step_fp32,cpu_op,aten::sub_,optimizer,,222,,1076.785,,,,sum of CPU operation durations; nested operations may overlap
small_ctx1024_train_step_fp32,cpu_op,aten::sum,optimizer,,222,,2568.075,,,,sum of CPU operation durations; nested operations may overlap
small_ctx1024_train_step_fp32,cpu_op,aten::to,optimizer,,223,,14054.353000000001,,,,sum of CPU operation durations; nested operations may overlap
small_ctx1024_train_step_fp32,cpu_op,aten::zero_,optimizer,,222,,1249.187,,,,sum of CPU operation durations; nested operations may overlap
small_ctx1024_train_step_fp32,cpu_op,aten::zeros_like,optimizer,,222,,2202.217,,,,sum of CPU operation durations; nested operations may overlap
small_ctx1024_train_step_fp32,cpu_op,detach_,optimizer,,1,,0.816,,,,sum of CPU operation durations; nested operations may overlap
small_ctx1024_train_step_fp32,cuda_activity,Memset (Device),forward,gpu_memset,50,,,50.335,0,,sum of physical GPU activity durations; not GPU wall-clock time
small_ctx1024_train_step_fp32,cuda_activity,sm90_xmma_gemm_f32f32_tf32f32_f32_nn_n_tilesize64x128x32_warpgroupsize1x1x1_execute_segment_k_off_kernel__5x_cublas,forward,kernel,12,,,772.481,12,,sum of physical GPU activity durations; not GPU wall-clock time
small_ctx1024_train_step_fp32,cuda_activity,sm90_xmma_gemm_f32f32_tf32f32_f32_tn_n_tilesize128x128x32_warpgroupsize1x1x1_execute_segment_k_off_kernel__5x_cublas,forward,kernel,84,,,3077.446,84,,sum of physical GPU activity durations; not GPU wall-clock time
small_ctx1024_train_step_fp32,cuda_activity,sm90_xmma_gemm_f32f32_tf32f32_f32_tn_n_tilesize128x128x32_warpgroupsize1x1x1_execute_segment_k_on_kernel__5x_cublas,forward,kernel,1,,,181.44,1,,sum of physical GPU activity durations; not GPU wall-clock time
small_ctx1024_train_step_fp32,cuda_activity,sm90_xmma_gemm_f32f32_tf32f32_f32_tn_n_tilesize64x256x32_warpgroupsize1x1x1_execute_segment_k_off_kernel__5x_cublas,forward,kernel,12,,,773.635,12,,sum of physical GPU activity durations; not GPU wall-clock time
small_ctx1024_train_step_fp32,cuda_activity,"void (anonymous namespace)::elementwise_kernel_with_index<int, at::native::arange_cuda_out(c10::Scalar const&, c10::Scalar const&, c10::Scalar const&, at::Tensor&)::{lambda()#1}::operator()() const::{lambda()#4}::operator()() const::{lambda(long)#1}>(int, at::native::arange_cuda_out(c10::Scalar const&, c10::Scalar const&, c10::Scalar const&, at::Tensor&)::{lambda()#1}::operator()() const::{lambda()#4}::operator()() const::{lambda(long)#1}, function_traits<at::native::arange_cuda_out(c10::Scalar const&, c10::Scalar const&, c10::Scalar const&, at::Tensor&)::{lambda()#1}::operator()() const::{lambda()#4}::operator()() const::{lambda(long)#1}>::result_type*)",forward,kernel,12,,,13.891,12,,sum of physical GPU activity durations; not GPU wall-clock time
small_ctx1024_train_step_fp32,cuda_activity,"void at::native::(anonymous namespace)::CatArrayBatchedCopy<at::native::(anonymous namespace)::OpaqueType<4u>, unsigned int, 4, 64, 64>(at::native::(anonymous namespace)::OpaqueType<4u>*, at::native::(anonymous namespace)::CatArrInputTensorMetadata<at::native::(anonymous namespace)::OpaqueType<4u>, unsigned int, 64, 64>, at::native::(anonymous namespace)::TensorSizeStride<unsigned int, 4u>, int, unsigned int)",forward,kernel,24,,,375.327,24,,sum of physical GPU activity durations; not GPU wall-clock time
small_ctx1024_train_step_fp32,cuda_activity,"void at::native::_scatter_gather_elementwise_kernel<128, 8, at::native::_cuda_scatter_gather_internal_kernel<false, at::native::OpaqueType<4>, long>::operator()<at::native::TensorAssign>(at::TensorIterator&, long, long, long, at::native::TensorAssign const&)::{lambda(int)#1}>(int, at::native::_cuda_scatter_gather_internal_kernel<false, at::native::OpaqueType<4>, long>::operator()<at::native::TensorAssign>(at::TensorIterator&, long, long, long, at::native::TensorAssign const&)::{lambda(int)#1})",forward,kernel,1,,,10.944,1,,sum of physical GPU activity durations; not GPU wall-clock time
small_ctx1024_train_step_fp32,cuda_activity,"void at::native::elementwise_kernel<128, 2, at::native::gpu_kernel_impl_nocast<at::native::(anonymous namespace)::where_kernel_impl(at::TensorIterator&)::{lambda()#1}::operator()() const::{lambda()#11}::operator()() const::{lambda(bool, float, float)#1}>(at::TensorIteratorBase&, at::native::(anonymous namespace)::where_kernel_impl(at::TensorIterator&)::{lambda()#1}::operator()() const::{lambda()#11}::operator()() const::{lambda(bool, float, float)#1} const&)::{lambda(int)#1}>(int, at::native::gpu_kernel_impl_nocast<at::native::(anonymous namespace)::where_kernel_impl(at::TensorIterator&)::{lambda()#1}::operator()() const::{lambda()#11}::operator()() const::{lambda(bool, float, float)#1}>(at::TensorIteratorBase&, at::native::(anonymous namespace)::where_kernel_impl(at::TensorIterator&)::{lambda()#1}::operator()() const::{lambda()#11}::operator()() const::{lambda(bool, float, float)#1} const&)::{lambda(int)#1})",forward,kernel,12,,,1767.808,12,,sum of physical GPU activity durations; not GPU wall-clock time
small_ctx1024_train_step_fp32,cuda_activity,"void at::native::elementwise_kernel<128, 2, at::native::gpu_kernel_impl_nocast<at::native::BinaryFunctor<float, float, float, at::native::binary_internal::DivFunctor<float> > >(at::TensorIteratorBase&, at::native::BinaryFunctor<float, float, float, at::native::binary_internal::DivFunctor<float> > const&)::{lambda(int)#1}>(int, at::native::gpu_kernel_impl_nocast<at::native::BinaryFunctor<float, float, float, at::native::binary_internal::DivFunctor<float> > >(at::TensorIteratorBase&, at::native::BinaryFunctor<float, float, float, at::native::binary_internal::DivFunctor<float> > const&)::{lambda(int)#1})",forward,kernel,12,,,2129.381,12,,sum of physical GPU activity durations; not GPU wall-clock time
small_ctx1024_train_step_fp32,cuda_activity,"void at::native::elementwise_kernel<128, 2, at::native::gpu_kernel_impl_nocast<at::native::BinaryFunctor<float, float, float, at::native::binary_internal::MulFunctor<float> > >(at::TensorIteratorBase&, at::native::BinaryFunctor<float, float, float, at::native::binary_internal::MulFunctor<float> > const&)::{lambda(int)#1}>(int, at::native::gpu_kernel_impl_nocast<at::native::BinaryFunctor<float, float, float, at::native::binary_internal::MulFunctor<float> > >(at::TensorIteratorBase&, at::native::BinaryFunctor<float, float, float, at::native::binary_internal::MulFunctor<float> > const&)::{lambda(int)#1})",forward,kernel,146,,,1211.0819999999999,146,,sum of physical GPU activity durations; not GPU wall-clock time
small_ctx1024_train_step_fp32,cuda_activity,"void at::native::elementwise_kernel<128, 2, at::native::gpu_kernel_impl_nocast<at::native::CUDAFunctor_add<float> >(at::TensorIteratorBase&, at::native::CUDAFunctor_add<float> const&)::{lambda(int)#1}>(int, at::native::gpu_kernel_impl_nocast<at::native::CUDAFunctor_add<float> >(at::TensorIteratorBase&, at::native::CUDAFunctor_add<float> const&)::{lambda(int)#1})",forward,kernel,14,,,2092.45,14,,sum of physical GPU activity durations; not GPU wall-clock time
small_ctx1024_train_step_fp32,cuda_activity,"void at::native::elementwise_kernel<128, 2, at::native::gpu_kernel_impl_nocast<at::native::direct_copy_kernel_cuda(at::TensorIteratorBase&)::{lambda()#3}::operator()() const::{lambda()#7}::operator()() const::{lambda(float)#1}>(at::TensorIteratorBase&, at::native::direct_copy_kernel_cuda(at::TensorIteratorBase&)::{lambda()#3}::operator()() const::{lambda()#7}::operator()() const::{lambda(float)#1} const&)::{lambda(int)#1}>(int, at::native::gpu_kernel_impl_nocast<at::native::direct_copy_kernel_cuda(at::TensorIteratorBase&)::{lambda()#3}::operator()() const::{lambda()#7}::operator()() const::{lambda(float)#1}>(at::TensorIteratorBase&, at::native::direct_copy_kernel_cuda(at::TensorIteratorBase&)::{lambda()#3}::operator()() const::{lambda()#7}::operator()() const::{lambda(float)#1} const&)::{lambda(int)#1})",forward,kernel,24,,,304.065,24,,sum of physical GPU activity durations; not GPU wall-clock time
small_ctx1024_train_step_fp32,cuda_activity,"void at::native::elementwise_kernel<128, 4, at::native::gpu_kernel_impl_nocast<at::native::(anonymous namespace)::CompareFunctor<long> >(at::TensorIteratorBase&, at::native::(anonymous namespace)::CompareFunctor<long> const&)::{lambda(int)#1}>(int, at::native::gpu_kernel_impl_nocast<at::native::(anonymous namespace)::CompareFunctor<long> >(at::TensorIteratorBase&, at::native::(anonymous namespace)::CompareFunctor<long> const&)::{lambda(int)#1})",forward,kernel,12,,,53.149,12,,sum of physical GPU activity durations; not GPU wall-clock time
small_ctx1024_train_step_fp32,cuda_activity,"void at::native::reduce_kernel<512, 1, at::native::ReduceOp<float, at::native::MaxOps<float>, unsigned int, float, 4, 4> >(at::native::ReduceOp<float, at::native::MaxOps<float>, unsigned int, float, 4, 4>)",forward,kernel,13,,,985.248,13,,sum of physical GPU activity durations; not GPU wall-clock time
small_ctx1024_train_step_fp32,cuda_activity,"void at::native::reduce_kernel<512, 1, at::native::ReduceOp<float, at::native::MeanOps<float, float, float, float>, unsigned int, float, 4, 4> >(at::native::ReduceOp<float, at::native::MeanOps<float, float, float, float>, unsigned int, float, 4, 4>)",forward,kernel,26,,,133.566,26,,sum of physical GPU activity durations; not GPU wall-clock time
small_ctx1024_train_step_fp32,cuda_activity,"void at::native::reduce_kernel<512, 1, at::native::ReduceOp<float, at::native::func_wrapper_t<float, at::native::sum_functor<float, float, float>::operator()(at::TensorIterator&)::{lambda(float, float)#1}>, unsigned int, float, 4, 4> >(at::native::ReduceOp<float, at::native::func_wrapper_t<float, at::native::sum_functor<float, float, float>::operator()(at::TensorIterator&)::{lambda(float, float)#1}>, unsigned int, float, 4, 4>)",forward,kernel,13,,,804.224,13,,sum of physical GPU activity durations; not GPU wall-clock time
small_ctx1024_train_step_fp32,cuda_activity,"void at::native::vectorized_elementwise_kernel<4, at::native::(anonymous namespace)::pow_tensor_scalar_kernel_impl<float, float>(at::TensorIteratorBase&, float)::{lambda(float)#1}, std::array<char*, 2ul> >(int, at::native::(anonymous namespace)::pow_tensor_scalar_kernel_impl<float, float>(at::TensorIteratorBase&, float)::{lambda(float)#1}, std::array<char*, 2ul>)",forward,kernel,25,,,145.057,25,,sum of physical GPU activity durations; not GPU wall-clock time
small_ctx1024_train_step_fp32,cuda_activity,"void at::native::vectorized_elementwise_kernel<4, at::native::BUnaryFunctor<float, float, float, at::native::binary_internal::MulFunctor<float> >, std::array<char*, 2ul> >(int, at::native::BUnaryFunctor<float, float, float, at::native::binary_internal::MulFunctor<float> >, std::array<char*, 2ul>)",forward,kernel,12,,,1164.096,12,,sum of physical GPU activity durations; not GPU wall-clock time
small_ctx1024_train_step_fp32,cuda_activity,"void at::native::vectorized_elementwise_kernel<4, at::native::BinaryFunctor<float, float, float, at::native::binary_internal::MulFunctor<float> >, std::array<char*, 3ul> >(int, at::native::BinaryFunctor<float, float, float, at::native::binary_internal::MulFunctor<float> >, std::array<char*, 3ul>)",forward,kernel,24,,,910.528,24,,sum of physical GPU activity durations; not GPU wall-clock time
small_ctx1024_train_step_fp32,cuda_activity,"void at::native::vectorized_elementwise_kernel<4, at::native::CUDAFunctorOnSelf_add<float>, std::array<char*, 2ul> >(int, at::native::CUDAFunctorOnSelf_add<float>, std::array<char*, 2ul>)",forward,kernel,25,,,32.769,25,,sum of physical GPU activity durations; not GPU wall-clock time
small_ctx1024_train_step_fp32,cuda_activity,"void at::native::vectorized_elementwise_kernel<4, at::native::CUDAFunctor_add<float>, std::array<char*, 3ul> >(int, at::native::CUDAFunctor_add<float>, std::array<char*, 3ul>)",forward,kernel,72,,,426.464,72,,sum of physical GPU activity durations; not GPU wall-clock time
small_ctx1024_train_step_fp32,cuda_activity,"void at::native::vectorized_elementwise_kernel<4, at::native::FillFunctor<float>, std::array<char*, 1ul> >(int, at::native::FillFunctor<float>, std::array<char*, 1ul>)",forward,kernel,12,,,16.896,12,,sum of physical GPU activity durations; not GPU wall-clock time
small_ctx1024_train_step_fp32,cuda_activity,"void at::native::vectorized_elementwise_kernel<4, at::native::exp_kernel_cuda(at::TensorIteratorBase&)::{lambda()#2}::operator()() const::{lambda()#2}::operator()() const::{lambda(float)#1}, std::array<char*, 2ul> >(int, at::native::exp_kernel_cuda(at::TensorIteratorBase&)::{lambda()#2}::operator()() const::{lambda()#2}::operator()() const::{lambda(float)#1}, std::array<char*, 2ul>)",forward,kernel,13,,,1209.924,13,,sum of physical GPU activity durations; not GPU wall-clock time
small_ctx1024_train_step_fp32,cuda_activity,"void at::native::vectorized_elementwise_kernel<4, at::native::log_kernel_cuda(at::TensorIteratorBase&)::{lambda()#2}::operator()() const::{lambda()#2}::operator()() const::{lambda(float)#1}, std::array<char*, 2ul> >(int, at::native::log_kernel_cuda(at::TensorIteratorBase&)::{lambda()#2}::operator()() const::{lambda()#2}::operator()() const::{lambda(float)#1}, std::array<char*, 2ul>)",forward,kernel,1,,,2.08,1,,sum of physical GPU activity durations; not GPU wall-clock time
small_ctx1024_train_step_fp32,cuda_activity,"void at::native::vectorized_elementwise_kernel<4, at::native::neg_kernel_cuda(at::TensorIteratorBase&)::{lambda()#2}::operator()() const::{lambda()#7}::operator()() const::{lambda(float)#1}, std::array<char*, 2ul> >(int, at::native::neg_kernel_cuda(at::TensorIteratorBase&)::{lambda()#2}::operator()() const::{lambda()#7}::operator()() const::{lambda(float)#1}, std::array<char*, 2ul>)",forward,kernel,1,,,76.288,1,,sum of physical GPU activity durations; not GPU wall-clock time
small_ctx1024_train_step_fp32,cuda_activity,"void at::native::vectorized_elementwise_kernel<4, at::native::rsqrt_kernel_cuda(at::TensorIteratorBase&)::{lambda()#2}::operator()() const::{lambda()#2}::operator()() const::{lambda(float)#1}, std::array<char*, 2ul> >(int, at::native::rsqrt_kernel_cuda(at::TensorIteratorBase&)::{lambda()#2}::operator()() const::{lambda()#2}::operator()() const::{lambda(float)#1}, std::array<char*, 2ul>)",forward,kernel,25,,,34.304,25,,sum of physical GPU activity durations; not GPU wall-clock time
small_ctx1024_train_step_fp32,cuda_activity,"void at::native::vectorized_elementwise_kernel<4, at::native::sigmoid_kernel_cuda(at::TensorIteratorBase&)::{lambda()#2}::operator()() const::{lambda()#2}::operator()() const::{lambda(float)#1}, std::array<char*, 2ul> >(int, at::native::sigmoid_kernel_cuda(at::TensorIteratorBase&)::{lambda()#2}::operator()() const::{lambda()#2}::operator()() const::{lambda(float)#1}, std::array<char*, 2ul>)",forward,kernel,12,,,309.28000000000003,12,,sum of physical GPU activity durations; not GPU wall-clock time
small_ctx1024_train_step_fp32,cuda_activity,"void at::native::vectorized_gather_kernel<16, long>(char*, char*, long*, int, long, long, long, long, bool)",forward,kernel,1,,,8.448,1,,sum of physical GPU activity durations; not GPU wall-clock time
small_ctx1024_train_step_fp32,cuda_activity,Memcpy DtoD (Device -> Device),backward,gpu_memcpy,25,,,205.507,0,,sum of physical GPU activity durations; not GPU wall-clock time
small_ctx1024_train_step_fp32,cuda_activity,Memset (Device),backward,gpu_memset,173,,,203.763,0,,sum of physical GPU activity durations; not GPU wall-clock time
small_ctx1024_train_step_fp32,cuda_activity,sm90_xmma_gemm_f32f32_tf32f32_f32_nn_n_tilesize128x128x32_warpgroupsize1x1x1_execute_segment_k_off_kernel__5x_cublas,backward,kernel,12,,,764.546,12,,sum of physical GPU activity durations; not GPU wall-clock time
small_ctx1024_train_step_fp32,cuda_activity,sm90_xmma_gemm_f32f32_tf32f32_f32_nn_n_tilesize128x128x32_warpgroupsize1x1x1_execute_segment_k_on_kernel__5x_cublas,backward,kernel,72,,,3140.253,72,,sum of physical GPU activity durations; not GPU wall-clock time
small_ctx1024_train_step_fp32,cuda_activity,sm90_xmma_gemm_f32f32_tf32f32_f32_nn_n_tilesize128x256x32_warpgroupsize2x1x1_execute_segment_k_off_kernel__5x_cublas,backward,kernel,1,,,190.784,1,,sum of physical GPU activity durations; not GPU wall-clock time
small_ctx1024_train_step_fp32,cuda_activity,sm90_xmma_gemm_f32f32_tf32f32_f32_nn_n_tilesize64x128x32_warpgroupsize1x1x1_execute_segment_k_off_kernel__5x_cublas,backward,kernel,12,,,733.281,12,,sum of physical GPU activity durations; not GPU wall-clock time
small_ctx1024_train_step_fp32,cuda_activity,sm90_xmma_gemm_f32f32_tf32f32_f32_nt_n_tilesize128x128x32_warpgroupsize1x1x1_execute_segment_k_on_kernel__5x_cublas,backward,kernel,36,,,4001.476,36,,sum of physical GPU activity durations; not GPU wall-clock time
small_ctx1024_train_step_fp32,cuda_activity,sm90_xmma_gemm_f32f32_tf32f32_f32_nt_n_tilesize128x256x32_warpgroupsize2x1x1_execute_segment_k_off_kernel__5x_cublas,backward,kernel,1,,,269.985,1,,sum of physical GPU activity durations; not GPU wall-clock time
small_ctx1024_train_step_fp32,cuda_activity,sm90_xmma_gemm_f32f32_tf32f32_f32_tn_n_tilesize64x256x32_warpgroupsize1x1x1_execute_segment_k_off_kernel__5x_cublas,backward,kernel,12,,,773.601,12,,sum of physical GPU activity durations; not GPU wall-clock time
small_ctx1024_train_step_fp32,cuda_activity,"void (anonymous namespace)::elementwise_kernel_with_index<int, at::native::arange_cuda_out(c10::Scalar const&, c10::Scalar const&, c10::Scalar const&, at::Tensor&)::{lambda()#1}::operator()() const::{lambda()#4}::operator()() const::{lambda(long)#1}>(int, at::native::arange_cuda_out(c10::Scalar const&, c10::Scalar const&, c10::Scalar const&, at::Tensor&)::{lambda()#1}::operator()() const::{lambda()#4}::operator()() const::{lambda(long)#1}, function_traits<at::native::arange_cuda_out(c10::Scalar const&, c10::Scalar const&, c10::Scalar const&, at::Tensor&)::{lambda()#1}::operator()() const::{lambda()#4}::operator()() const::{lambda(long)#1}>::result_type*)",backward,kernel,1,,,1.408,1,,sum of physical GPU activity durations; not GPU wall-clock time
small_ctx1024_train_step_fp32,cuda_activity,"void (anonymous namespace)::indexing_backward_kernel<float, 4>(long const*, long const*, float const*, float*, long, long, long, long, bool)",backward,kernel,1,,,10.272,1,,sum of physical GPU activity durations; not GPU wall-clock time
small_ctx1024_train_step_fp32,cuda_activity,"void at::native::(anonymous namespace)::CatArrayBatchedCopy<at::native::(anonymous namespace)::OpaqueType<4u>, unsigned int, 4, 64, 64>(at::native::(anonymous namespace)::OpaqueType<4u>*, at::native::(anonymous namespace)::CatArrInputTensorMetadata<at::native::(anonymous namespace)::OpaqueType<4u>, unsigned int, 64, 64>, at::native::(anonymous namespace)::TensorSizeStride<unsigned int, 4u>, int, unsigned int)",backward,kernel,12,,,222.04799999999997,12,,sum of physical GPU activity durations; not GPU wall-clock time
small_ctx1024_train_step_fp32,cuda_activity,"void at::native::(anonymous namespace)::CatArrayBatchedCopy_vectorized<at::native::(anonymous namespace)::OpaqueType<4u>, unsigned int, 1, 128, 1, 16, 4>(char*, at::native::(anonymous namespace)::CatArrInputTensorMetadata<at::native::(anonymous namespace)::OpaqueType<4u>, unsigned int, 128, 1>, at::native::(anonymous namespace)::TensorSizeStride<unsigned int, 4u>, int, unsigned int)",backward,kernel,12,,,81.408,12,,sum of physical GPU activity durations; not GPU wall-clock time
small_ctx1024_train_step_fp32,cuda_activity,"void at::native::_scatter_gather_elementwise_kernel<128, 8, at::native::_cuda_scatter_gather_internal_kernel<true, at::native::OpaqueType<4>, long>::operator()<at::native::TensorAssign>(at::TensorIterator&, long, long, long, at::native::TensorAssign const&)::{lambda(int)#1}>(int, at::native::_cuda_scatter_gather_internal_kernel<true, at::native::OpaqueType<4>, long>::operator()<at::native::TensorAssign>(at::TensorIterator&, long, long, long, at::native::TensorAssign const&)::{lambda(int)#1})",backward,kernel,13,,,133.635,13,,sum of physical GPU activity durations; not GPU wall-clock time
small_ctx1024_train_step_fp32,cuda_activity,"void at::native::_scatter_gather_elementwise_kernel<128, 8, at::native::_cuda_scatter_gather_internal_kernel<true, float, long>::operator()<at::native::ReduceAdd>(at::TensorIterator&, long, long, long, at::native::ReduceAdd const&)::{lambda(int)#1}>(int, at::native::_cuda_scatter_gather_internal_kernel<true, float, long>::operator()<at::native::ReduceAdd>(at::TensorIterator&, long, long, long, at::native::ReduceAdd const&)::{lambda(int)#1})",backward,kernel,1,,,9.44,1,,sum of physical GPU activity durations; not GPU wall-clock time
small_ctx1024_train_step_fp32,cuda_activity,"void at::native::elementwise_kernel<128, 2, at::native::gpu_kernel_impl_nocast<at::native::(anonymous namespace)::where_kernel_impl(at::TensorIterator&)::{lambda()#1}::operator()() const::{lambda()#11}::operator()() const::{lambda(bool, float, float)#1}>(at::TensorIteratorBase&, at::native::(anonymous namespace)::where_kernel_impl(at::TensorIterator&)::{lambda()#1}::operator()() const::{lambda()#11}::operator()() const::{lambda(bool, float, float)#1} const&)::{lambda(int)#1}>(int, at::native::gpu_kernel_impl_nocast<at::native::(anonymous namespace)::where_kernel_impl(at::TensorIterator&)::{lambda()#1}::operator()() const::{lambda()#11}::operator()() const::{lambda(bool, float, float)#1}>(at::TensorIteratorBase&, at::native::(anonymous namespace)::where_kernel_impl(at::TensorIterator&)::{lambda()#1}::operator()() const::{lambda()#11}::operator()() const::{lambda(bool, float, float)#1} const&)::{lambda(int)#1})",backward,kernel,12,,,1761.76,12,,sum of physical GPU activity durations; not GPU wall-clock time
small_ctx1024_train_step_fp32,cuda_activity,"void at::native::elementwise_kernel<128, 2, at::native::gpu_kernel_impl_nocast<at::native::BUnaryFunctor<float, float, float, at::native::binary_internal::MulFunctor<float> > >(at::TensorIteratorBase&, at::native::BUnaryFunctor<float, float, float, at::native::binary_internal::MulFunctor<float> > const&)::{lambda(int)#1}>(int, at::native::gpu_kernel_impl_nocast<at::native::BUnaryFunctor<float, float, float, at::native::binary_internal::MulFunctor<float> > >(at::TensorIteratorBase&, at::native::BUnaryFunctor<float, float, float, at::native::binary_internal::MulFunctor<float> > const&)::{lambda(int)#1})",backward,kernel,26,,,241.284,26,,sum of physical GPU activity durations; not GPU wall-clock time
small_ctx1024_train_step_fp32,cuda_activity,"void at::native::elementwise_kernel<128, 2, at::native::gpu_kernel_impl_nocast<at::native::BinaryFunctor<float, float, float, at::native::binary_internal::DivFunctor<float> > >(at::TensorIteratorBase&, at::native::BinaryFunctor<float, float, float, at::native::binary_internal::DivFunctor<float> > const&)::{lambda(int)#1}>(int, at::native::gpu_kernel_impl_nocast<at::native::BinaryFunctor<float, float, float, at::native::binary_internal::DivFunctor<float> > >(at::TensorIteratorBase&, at::native::BinaryFunctor<float, float, float, at::native::binary_internal::DivFunctor<float> > const&)::{lambda(int)#1})",backward,kernel,36,,,6256.263,36,,sum of physical GPU activity durations; not GPU wall-clock time
small_ctx1024_train_step_fp32,cuda_activity,"void at::native::elementwise_kernel<128, 2, at::native::gpu_kernel_impl_nocast<at::native::BinaryFunctor<float, float, float, at::native::binary_internal::MulFunctor<float> > >(at::TensorIteratorBase&, at::native::BinaryFunctor<float, float, float, at::native::binary_internal::MulFunctor<float> > const&)::{lambda(int)#1}>(int, at::native::gpu_kernel_impl_nocast<at::native::BinaryFunctor<float, float, float, at::native::binary_internal::MulFunctor<float> > >(at::TensorIteratorBase&, at::native::BinaryFunctor<float, float, float, at::native::binary_internal::MulFunctor<float> > const&)::{lambda(int)#1})",backward,kernel,147,,,1466.009,147,,sum of physical GPU activity durations; not GPU wall-clock time
small_ctx1024_train_step_fp32,cuda_activity,"void at::native::elementwise_kernel<128, 2, at::native::gpu_kernel_impl_nocast<at::native::CUDAFunctor_add<float> >(at::TensorIteratorBase&, at::native::CUDAFunctor_add<float> const&)::{lambda(int)#1}>(int, at::native::gpu_kernel_impl_nocast<at::native::CUDAFunctor_add<float> >(at::TensorIteratorBase&, at::native::CUDAFunctor_add<float> const&)::{lambda(int)#1})",backward,kernel,12,,,1822.115,12,,sum of physical GPU activity durations; not GPU wall-clock time
small_ctx1024_train_step_fp32,cuda_activity,"void at::native::elementwise_kernel<128, 2, at::native::gpu_kernel_impl_nocast<at::native::direct_copy_kernel_cuda(at::TensorIteratorBase&)::{lambda()#3}::operator()() const::{lambda()#7}::operator()() const::{lambda(float)#1}>(at::TensorIteratorBase&, at::native::direct_copy_kernel_cuda(at::TensorIteratorBase&)::{lambda()#3}::operator()() const::{lambda()#7}::operator()() const::{lambda(float)#1} const&)::{lambda(int)#1}>(int, at::native::gpu_kernel_impl_nocast<at::native::direct_copy_kernel_cuda(at::TensorIteratorBase&)::{lambda()#3}::operator()() const::{lambda()#7}::operator()() const::{lambda(float)#1}>(at::TensorIteratorBase&, at::native::direct_copy_kernel_cuda(at::TensorIteratorBase&)::{lambda()#3}::operator()() const::{lambda()#7}::operator()() const::{lambda(float)#1} const&)::{lambda(int)#1})",backward,kernel,157,,,1910.847,157,,sum of physical GPU activity durations; not GPU wall-clock time
small_ctx1024_train_step_fp32,cuda_activity,"void at::native::elementwise_kernel<128, 2, at::native::gpu_kernel_impl_nocast<at::native::neg_kernel_cuda(at::TensorIteratorBase&)::{lambda()#2}::operator()() const::{lambda()#7}::operator()() const::{lambda(float)#1}>(at::TensorIteratorBase&, at::native::neg_kernel_cuda(at::TensorIteratorBase&)::{lambda()#2}::operator()() const::{lambda()#7}::operator()() const::{lambda(float)#1} const&)::{lambda(int)#1}>(int, at::native::gpu_kernel_impl_nocast<at::native::neg_kernel_cuda(at::TensorIteratorBase&)::{lambda()#2}::operator()() const::{lambda()#7}::operator()() const::{lambda(float)#1}>(at::TensorIteratorBase&, at::native::neg_kernel_cuda(at::TensorIteratorBase&)::{lambda()#2}::operator()() const::{lambda()#7}::operator()() const::{lambda(float)#1} const&)::{lambda(int)#1})",backward,kernel,24,,,172.028,24,,sum of physical GPU activity durations; not GPU wall-clock time
small_ctx1024_train_step_fp32,cuda_activity,"void at::native::reduce_kernel<128, 4, at::native::ReduceOp<float, at::native::func_wrapper_t<float, at::native::sum_functor<float, float, float>::operator()(at::TensorIterator&)::{lambda(float, float)#1}>, unsigned int, float, 4, 4> >(at::native::ReduceOp<float, at::native::func_wrapper_t<float, at::native::sum_functor<float, float, float>::operator()(at::TensorIterator&)::{lambda(float, float)#1}>, unsigned int, float, 4, 4>)",backward,kernel,25,,,327.902,25,,sum of physical GPU activity durations; not GPU wall-clock time
small_ctx1024_train_step_fp32,cuda_activity,"void at::native::reduce_kernel<512, 1, at::native::ReduceOp<float, at::native::func_wrapper_t<float, at::native::sum_functor<float, float, float>::operator()(at::TensorIterator&)::{lambda(float, float)#1}>, unsigned int, float, 4, 4> >(at::native::ReduceOp<float, at::native::func_wrapper_t<float, at::native::sum_functor<float, float, float>::operator()(at::TensorIterator&)::{lambda(float, float)#1}>, unsigned int, float, 4, 4>)",backward,kernel,51,,,1755.204,51,,sum of physical GPU activity durations; not GPU wall-clock time
small_ctx1024_train_step_fp32,cuda_activity,"void at::native::vectorized_elementwise_kernel<2, at::native::AUnaryFunctor<long, long, long, at::native::binary_internal::MulFunctor<long> >, std::array<char*, 2ul> >(int, at::native::AUnaryFunctor<long, long, long, at::native::binary_internal::MulFunctor<long> >, std::array<char*, 2ul>)",backward,kernel,1,,,1.28,1,,sum of physical GPU activity durations; not GPU wall-clock time
small_ctx1024_train_step_fp32,cuda_activity,"void at::native::vectorized_elementwise_kernel<2, at::native::BUnaryFunctor<long, long, long, at::native::binary_internal::div_trunc_kernel_cuda(at::TensorIteratorBase&)::{lambda()#1}::operator()() const::{lambda()#4}::operator()() const::{lambda(long, long)#1}>, std::array<char*, 2ul> >(int, at::native::BUnaryFunctor<long, long, long, at::native::binary_internal::div_trunc_kernel_cuda(at::TensorIteratorBase&)::{lambda()#1}::operator()() const::{lambda()#4}::operator()() const::{lambda(long, long)#1}>, std::array<char*, 2ul>)",backward,kernel,1,,,2.208,1,,sum of physical GPU activity durations; not GPU wall-clock time
small_ctx1024_train_step_fp32,cuda_activity,"void at::native::vectorized_elementwise_kernel<2, at::native::BUnaryFunctor<long, long, long, at::native::remainder_kernel_cuda(at::TensorIteratorBase&)::{lambda()#1}::operator()() const::{lambda()#4}::operator()() const::{lambda(long, long)#1}>, std::array<char*, 2ul> >(int, at::native::BUnaryFunctor<long, long, long, at::native::remainder_kernel_cuda(at::TensorIteratorBase&)::{lambda()#1}::operator()() const::{lambda()#4}::operator()() const::{lambda(long, long)#1}>, std::array<char*, 2ul>)",backward,kernel,1,,,2.336,1,,sum of physical GPU activity durations; not GPU wall-clock time
small_ctx1024_train_step_fp32,cuda_activity,"void at::native::vectorized_elementwise_kernel<4, at::native::(anonymous namespace)::pow_tensor_scalar_kernel_impl<float, float>(at::TensorIteratorBase&, float)::{lambda(float)#2}, std::array<char*, 2ul> >(int, at::native::(anonymous namespace)::pow_tensor_scalar_kernel_impl<float, float>(at::TensorIteratorBase&, float)::{lambda(float)#2}, std::array<char*, 2ul>)",backward,kernel,25,,,41.379,25,,sum of physical GPU activity durations; not GPU wall-clock time
small_ctx1024_train_step_fp32,cuda_activity,"void at::native::vectorized_elementwise_kernel<4, at::native::AUnaryFunctor<float, float, float, at::native::binary_internal::MulFunctor<float> >, std::array<char*, 2ul> >(int, at::native::AUnaryFunctor<float, float, float, at::native::binary_internal::MulFunctor<float> >, std::array<char*, 2ul>)",backward,kernel,50,,,180.957,50,,sum of physical GPU activity durations; not GPU wall-clock time
small_ctx1024_train_step_fp32,cuda_activity,"void at::native::vectorized_elementwise_kernel<4, at::native::BUnaryFunctor<float, float, float, at::native::binary_internal::MulFunctor<float> >, std::array<char*, 2ul> >(int, at::native::BUnaryFunctor<float, float, float, at::native::binary_internal::MulFunctor<float> >, std::array<char*, 2ul>)",backward,kernel,12,,,1148.479,12,,sum of physical GPU activity durations; not GPU wall-clock time
small_ctx1024_train_step_fp32,cuda_activity,"void at::native::vectorized_elementwise_kernel<4, at::native::BinaryFunctor<float, float, float, at::native::binary_internal::DivFunctor<float> >, std::array<char*, 3ul> >(int, at::native::BinaryFunctor<float, float, float, at::native::binary_internal::DivFunctor<float> >, std::array<char*, 3ul>)",backward,kernel,1,,,2.4,1,,sum of physical GPU activity durations; not GPU wall-clock time
small_ctx1024_train_step_fp32,cuda_activity,"void at::native::vectorized_elementwise_kernel<4, at::native::BinaryFunctor<float, float, float, at::native::binary_internal::MulFunctor<float> >, std::array<char*, 3ul> >(int, at::native::BinaryFunctor<float, float, float, at::native::binary_internal::MulFunctor<float> >, std::array<char*, 3ul>)",backward,kernel,172,,,5871.183,172,,sum of physical GPU activity durations; not GPU wall-clock time
small_ctx1024_train_step_fp32,cuda_activity,"void at::native::vectorized_elementwise_kernel<4, at::native::CUDAFunctor_add<float>, std::array<char*, 3ul> >(int, at::native::CUDAFunctor_add<float>, std::array<char*, 3ul>)",backward,kernel,159,,,3366.4320000000002,159,,sum of physical GPU activity durations; not GPU wall-clock time
small_ctx1024_train_step_fp32,cuda_activity,"void at::native::vectorized_elementwise_kernel<4, at::native::FillFunctor<float>, std::array<char*, 1ul> >(int, at::native::FillFunctor<float>, std::array<char*, 1ul>)",backward,kernel,28,,,627.52,28,,sum of physical GPU activity durations; not GPU wall-clock time
small_ctx1024_train_step_fp32,cuda_activity,"void at::native::vectorized_elementwise_kernel<4, at::native::neg_kernel_cuda(at::TensorIteratorBase&)::{lambda()#2}::operator()() const::{lambda()#7}::operator()() const::{lambda(float)#1}, std::array<char*, 2ul> >(int, at::native::neg_kernel_cuda(at::TensorIteratorBase&)::{lambda()#2}::operator()() const::{lambda()#7}::operator()() const::{lambda(float)#1}, std::array<char*, 2ul>)",backward,kernel,27,,,2517.953,27,,sum of physical GPU activity durations; not GPU wall-clock time
small_ctx1024_train_step_fp32,cuda_activity,"void at::native::vectorized_elementwise_kernel<4, at::native::sigmoid_backward_kernel_cuda(at::TensorIteratorBase&)::{lambda()#2}::operator()() const::{lambda()#2}::operator()() const::{lambda(float, float)#1}, std::array<char*, 3ul> >(int, at::native::sigmoid_backward_kernel_cuda(at::TensorIteratorBase&)::{lambda()#2}::operator()() const::{lambda()#2}::operator()() const::{lambda(float, float)#1}, std::array<char*, 3ul>)",backward,kernel,12,,,444.448,12,,sum of physical GPU activity durations; not GPU wall-clock time
small_ctx1024_train_step_fp32,cuda_activity,"void at_cuda_detail::cub::DeviceRadixSortExclusiveSumKernel<at_cuda_detail::cub::DeviceRadixSortPolicy<long, at::cuda::cub::detail::OpaqueType<8>, unsigned long long>::Policy900, unsigned long long>(unsigned long long*)",backward,kernel,1,,,1.44,1,,sum of physical GPU activity durations; not GPU wall-clock time
small_ctx1024_train_step_fp32,cuda_activity,"void at_cuda_detail::cub::DeviceRadixSortHistogramKernel<at_cuda_detail::cub::DeviceRadixSortPolicy<long, at::cuda::cub::detail::OpaqueType<8>, unsigned long long>::Policy900, false, long, unsigned long long, at_cuda_detail::cub::detail::identity_decomposer_t>(unsigned long long*, long const*, unsigned long long, int, int, at_cuda_detail::cub::detail::identity_decomposer_t)",backward,kernel,1,,,2.464,1,,sum of physical GPU activity durations; not GPU wall-clock time
small_ctx1024_train_step_fp32,cuda_activity,"void at_cuda_detail::cub::DeviceRadixSortOnesweepKernel<at_cuda_detail::cub::DeviceRadixSortPolicy<long, at::cuda::cub::detail::OpaqueType<8>, unsigned long long>::Policy900, false, long, at::cuda::cub::detail::OpaqueType<8>, unsigned long long, int, int, at_cuda_detail::cub::detail::identity_decomposer_t>(int*, int*, unsigned long long*, unsigned long long const*, long*, long const*, at::cuda::cub::detail::OpaqueType<8>*, at::cuda::cub::detail::OpaqueType<8> const*, int, int, int, at_cuda_detail::cub::detail::identity_decomposer_t)",backward,kernel,2,,,13.632,2,,sum of physical GPU activity durations; not GPU wall-clock time
small_ctx1024_train_step_fp32,cuda_activity,"void cublasLt::splitKreduce_kernel<32, 16, int, float, float, float, float, false, float, float, float, true, false, false>(cublasLt::cublasSplitKParams<float>, float const*, float const*, float*, float*, float const*, float const*, float const*, float const*, float*, void*, long, float*, int*, float*, float*, float const*, float const*, float const*, float const*, float const*)",backward,kernel,48,,,314.27,48,,sum of physical GPU activity durations; not GPU wall-clock time
small_ctx1024_train_step_fp32,cuda_activity,void cutlass::Kernel2<cutlass_80_tensorop_s1688gemm_128x128_16x5_nt_align4>(cutlass_80_tensorop_s1688gemm_128x128_16x5_nt_align4::Params),backward,kernel,48,,,1562.1789999999999,48,,sum of physical GPU activity durations; not GPU wall-clock time
small_ctx1024_train_step_fp32,cuda_activity,void cutlass::Kernel2<cutlass_80_tensorop_s1688gemm_128x64_32x6_nt_align4>(cutlass_80_tensorop_s1688gemm_128x64_32x6_nt_align4::Params),backward,kernel,12,,,806.564,12,,sum of physical GPU activity durations; not GPU wall-clock time
small_ctx1024_train_step_fp32,cuda_activity,void cutlass::Kernel2<cutlass_80_tensorop_s1688gemm_64x128_32x3_nt_align4>(cutlass_80_tensorop_s1688gemm_64x128_32x3_nt_align4::Params),backward,kernel,12,,,752.194,12,,sum of physical GPU activity durations; not GPU wall-clock time
small_ctx1024_train_step_fp32,cuda_activity,Memcpy DtoH (Device -> Pinned),optimizer,gpu_memcpy,1,,,2.336,0,,sum of physical GPU activity durations; not GPU wall-clock time
small_ctx1024_train_step_fp32,cuda_activity,Memcpy HtoD (Pageable -> Device),optimizer,gpu_memcpy,1,,,0.8,0,,sum of physical GPU activity durations; not GPU wall-clock time
small_ctx1024_train_step_fp32,cuda_activity,Memset (Device),optimizer,gpu_memset,86,,,66.179,0,,sum of physical GPU activity durations; not GPU wall-clock time
small_ctx1024_train_step_fp32,cuda_activity,"void at::native::elementwise_kernel<128, 2, at::native::gpu_kernel_impl_nocast<at::native::BinaryFunctor<float, float, float, at::native::binary_internal::MulFunctor<float> > >(at::TensorIteratorBase&, at::native::BinaryFunctor<float, float, float, at::native::binary_internal::MulFunctor<float> > const&)::{lambda(int)#1}>(int, at::native::gpu_kernel_impl_nocast<at::native::BinaryFunctor<float, float, float, at::native::binary_internal::MulFunctor<float> > >(at::TensorIteratorBase&, at::native::BinaryFunctor<float, float, float, at::native::binary_internal::MulFunctor<float> > const&)::{lambda(int)#1})",optimizer,kernel,111,,,639.805,111,,sum of physical GPU activity durations; not GPU wall-clock time
small_ctx1024_train_step_fp32,cuda_activity,"void at::native::reduce_kernel<512, 1, at::native::ReduceOp<float, at::native::func_wrapper_t<float, at::native::sum_functor<float, float, float>::operator()(at::TensorIterator&)::{lambda(float, float)#1}>, unsigned int, float, 4, 4> >(at::native::ReduceOp<float, at::native::func_wrapper_t<float, at::native::sum_functor<float, float, float>::operator()(at::TensorIterator&)::{lambda(float, float)#1}>, unsigned int, float, 4, 4>)",optimizer,kernel,111,,,585.827,111,,sum of physical GPU activity durations; not GPU wall-clock time
small_ctx1024_train_step_fp32,cuda_activity,"void at::native::vectorized_elementwise_kernel<4, at::native::(anonymous namespace)::pow_tensor_scalar_kernel_impl<float, float>(at::TensorIteratorBase&, float)::{lambda(float)#1}, std::array<char*, 2ul> >(int, at::native::(anonymous namespace)::pow_tensor_scalar_kernel_impl<float, float>(at::TensorIteratorBase&, float)::{lambda(float)#1}, std::array<char*, 2ul>)",optimizer,kernel,222,,,788.357,222,,sum of physical GPU activity durations; not GPU wall-clock time
small_ctx1024_train_step_fp32,cuda_activity,"void at::native::vectorized_elementwise_kernel<4, at::native::AUnaryFunctor<float, float, float, at::native::binary_internal::MulFunctor<float> >, std::array<char*, 2ul> >(int, at::native::AUnaryFunctor<float, float, float, at::native::binary_internal::MulFunctor<float> >, std::array<char*, 2ul>)",optimizer,kernel,667,,,2425.425,667,,sum of physical GPU activity durations; not GPU wall-clock time
small_ctx1024_train_step_fp32,cuda_activity,"void at::native::vectorized_elementwise_kernel<4, at::native::BinaryFunctor<float, float, float, at::native::binary_internal::DivFunctor<float> >, std::array<char*, 3ul> >(int, at::native::BinaryFunctor<float, float, float, at::native::binary_internal::DivFunctor<float> >, std::array<char*, 3ul>)",optimizer,kernel,111,,,427.551,111,,sum of physical GPU activity durations; not GPU wall-clock time
small_ctx1024_train_step_fp32,cuda_activity,"void at::native::vectorized_elementwise_kernel<4, at::native::CUDAFunctorOnSelf_add<float>, std::array<char*, 2ul> >(int, at::native::CUDAFunctorOnSelf_add<float>, std::array<char*, 2ul>)",optimizer,kernel,112,,,328.287,112,,sum of physical GPU activity durations; not GPU wall-clock time
small_ctx1024_train_step_fp32,cuda_activity,"void at::native::vectorized_elementwise_kernel<4, at::native::CUDAFunctor_add<float>, std::array<char*, 3ul> >(int, at::native::CUDAFunctor_add<float>, std::array<char*, 3ul>)",optimizer,kernel,555,,,1772.0140000000001,555,,sum of physical GPU activity durations; not GPU wall-clock time
small_ctx1024_train_step_fp32,cuda_activity,"void at::native::vectorized_elementwise_kernel<4, at::native::FillFunctor<float>, std::array<char*, 1ul> >(int, at::native::FillFunctor<float>, std::array<char*, 1ul>)",optimizer,kernel,222,,,487.138,222,,sum of physical GPU activity durations; not GPU wall-clock time
small_ctx1024_train_step_fp32,cuda_activity,"void at::native::vectorized_elementwise_kernel<4, at::native::compare_scalar_kernel<float>(at::TensorIteratorBase&, at::native::(anonymous namespace)::OpType, float)::{lambda(float)#1}, std::array<char*, 2ul> >(int, at::native::compare_scalar_kernel<float>(at::TensorIteratorBase&, at::native::(anonymous namespace)::OpType, float)::{lambda(float)#1}, std::array<char*, 2ul>)",optimizer,kernel,1,,,1.76,1,,sum of physical GPU activity durations; not GPU wall-clock time
small_ctx1024_train_step_fp32,cuda_activity,"void at::native::vectorized_elementwise_kernel<4, at::native::reciprocal_kernel_cuda(at::TensorIteratorBase&)::{lambda()#1}::operator()() const::{lambda()#2}::operator()() const::{lambda(float)#1}, std::array<char*, 2ul> >(int, at::native::reciprocal_kernel_cuda(at::TensorIteratorBase&)::{lambda()#1}::operator()() const::{lambda()#2}::operator()() const::{lambda(float)#1}, std::array<char*, 2ul>)",optimizer,kernel,1,,,1.6,1,,sum of physical GPU activity durations; not GPU wall-clock time
small_ctx1024_train_step_fp32,cuda_activity,"void at::native::vectorized_elementwise_kernel<4, at::native::sqrt_kernel_cuda(at::TensorIteratorBase&)::{lambda()#2}::operator()() const::{lambda()#2}::operator()() const::{lambda(float)#1}, std::array<char*, 2ul> >(int, at::native::sqrt_kernel_cuda(at::TensorIteratorBase&)::{lambda()#2}::operator()() const::{lambda()#2}::operator()() const::{lambda(float)#1}, std::array<char*, 2ul>)",optimizer,kernel,112,,,357.823,112,,sum of physical GPU activity durations; not GPU wall-clock time
medium_ctx256_train_step_fp32,range,profile/measure,profile/measure,,1,142970.546,,,,true,measurement wall-clock CPU range; do not interpret as CUDA time
medium_ctx256_train_step_fp32,range,forward,forward,,1,38007.505,,,,true,inclusive CPU annotation range
medium_ctx256_train_step_fp32,range,backward,backward,,1,63265.933,,,,true,inclusive CPU annotation range
medium_ctx256_train_step_fp32,range,optimizer,optimizer,,1,38438.594,,,,true,inclusive CPU annotation range
medium_ctx256_train_step_fp32,range,attention/scores,forward,,24,2985.168,,,,true,inclusive nested range; do not add to forward
medium_ctx256_train_step_fp32,range,attention/softmax,forward,,24,3335.948,,,,true,inclusive nested range; do not add to forward
medium_ctx256_train_step_fp32,range,attention/value,forward,,24,2594.965,,,,true,inclusive nested range; do not add to forward
medium_ctx256_train_step_fp32,cpu_op,aten::_reshape_alias,forward,,241,,310.393,,,,sum of CPU operation durations; nested operations may overlap
medium_ctx256_train_step_fp32,cpu_op,aten::_unsafe_view,forward,,48,,77.079,,,,sum of CPU operation durations; nested operations may overlap
medium_ctx256_train_step_fp32,cpu_op,aten::add,forward,,145,,1198.302,,,,sum of CPU operation durations; nested operations may overlap
medium_ctx256_train_step_fp32,cpu_op,aten::alias,forward,,48,,60.982,,,,sum of CPU operation durations; nested operations may overlap
medium_ctx256_train_step_fp32,cpu_op,aten::arange,forward,,48,,596.539,,,,sum of CPU operation durations; nested operations may overlap
medium_ctx256_train_step_fp32,cpu_op,aten::as_strided,forward,,2053,,647.415,,,,sum of CPU operation durations; nested operations may overlap
medium_ctx256_train_step_fp32,cpu_op,aten::bmm,forward,,217,,4903.373,,,,sum of CPU operation durations; nested operations may overlap
medium_ctx256_train_step_fp32,cpu_op,aten::cat,forward,,48,,533.236,,,,sum of CPU operation durations; nested operations may overlap
medium_ctx256_train_step_fp32,cpu_op,aten::clone,forward,,48,,778.188,,,,sum of CPU operation durations; nested operations may overlap
medium_ctx256_train_step_fp32,cpu_op,aten::concat,forward,,48,,588.541,,,,sum of CPU operation durations; nested operations may overlap
medium_ctx256_train_step_fp32,cpu_op,aten::copy_,forward,,48,,425.25,,,,sum of CPU operation durations; nested operations may overlap
medium_ctx256_train_step_fp32,cpu_op,aten::div,forward,,48,,524.034,,,,sum of CPU operation durations; nested operations may overlap
medium_ctx256_train_step_fp32,cpu_op,aten::einsum,forward,,217,,12515.663,,,,sum of CPU operation durations; nested operations may overlap
medium_ctx256_train_step_fp32,cpu_op,aten::empty,forward,,120,,279.829,,,,sum of CPU operation durations; nested operations may overlap
medium_ctx256_train_step_fp32,cpu_op,aten::empty_like,forward,,48,,190.626,,,,sum of CPU operation durations; nested operations may overlap
medium_ctx256_train_step_fp32,cpu_op,aten::exp,forward,,25,,270.468,,,,sum of CPU operation durations; nested operations may overlap
medium_ctx256_train_step_fp32,cpu_op,aten::fill_,forward,,24,,201.435,,,,sum of CPU operation durations; nested operations may overlap
medium_ctx256_train_step_fp32,cpu_op,aten::gather,forward,,1,,16.285,,,,sum of CPU operation durations; nested operations may overlap
medium_ctx256_train_step_fp32,cpu_op,aten::ge,forward,,24,,241.705,,,,sum of CPU operation durations; nested operations may overlap
medium_ctx256_train_step_fp32,cpu_op,aten::index,forward,,1,,48.315,,,,sum of CPU operation durations; nested operations may overlap
medium_ctx256_train_step_fp32,cpu_op,aten::log,forward,,1,,9.691,,,,sum of CPU operation durations; nested operations may overlap
medium_ctx256_train_step_fp32,cpu_op,aten::max,forward,,25,,391.865,,,,sum of CPU operation durations; nested operations may overlap
medium_ctx256_train_step_fp32,cpu_op,aten::mean,forward,,51,,600.915,,,,sum of CPU operation durations; nested operations may overlap
medium_ctx256_train_step_fp32,cpu_op,aten::mul,forward,,338,,2776.416,,,,sum of CPU operation durations; nested operations may overlap
medium_ctx256_train_step_fp32,cpu_op,aten::neg,forward,,1,,9.488,,,,sum of CPU operation durations; nested operations may overlap
medium_ctx256_train_step_fp32,cpu_op,aten::permute,forward,,1229,,2492.435,,,,sum of CPU operation durations; nested operations may overlap
medium_ctx256_train_step_fp32,cpu_op,aten::pow,forward,,49,,593.698,,,,sum of CPU operation durations; nested operations may overlap
medium_ctx256_train_step_fp32,cpu_op,aten::reshape,forward,,627,,2228.93,,,,sum of CPU operation durations; nested operations may overlap
medium_ctx256_train_step_fp32,cpu_op,aten::resize_,forward,,48,,108.403,,,,sum of CPU operation durations; nested operations may overlap
medium_ctx256_train_step_fp32,cpu_op,aten::result_type,forward,,49,,13.823,,,,sum of CPU operation durations; nested operations may overlap
medium_ctx256_train_step_fp32,cpu_op,aten::rsqrt,forward,,49,,425.303,,,,sum of CPU operation durations; nested operations may overlap
medium_ctx256_train_step_fp32,cpu_op,aten::scalar_tensor,forward,,24,,337.151,,,,sum of CPU operation durations; nested operations may overlap
medium_ctx256_train_step_fp32,cpu_op,aten::select,forward,,192,,328.193,,,,sum of CPU operation durations; nested operations may overlap
medium_ctx256_train_step_fp32,cpu_op,aten::sigmoid,forward,,24,,257.625,,,,sum of CPU operation durations; nested operations may overlap
medium_ctx256_train_step_fp32,cpu_op,aten::sub,forward,,74,,648.377,,,,sum of CPU operation durations; nested operations may overlap
medium_ctx256_train_step_fp32,cpu_op,aten::sum,forward,,25,,302.928,,,,sum of CPU operation durations; nested operations may overlap
medium_ctx256_train_step_fp32,cpu_op,aten::to,forward,,171,,39.648,,,,sum of CPU operation durations; nested operations may overlap
medium_ctx256_train_step_fp32,cpu_op,aten::unbind,forward,,96,,578.569,,,,sum of CPU operation durations; nested operations may overlap
medium_ctx256_train_step_fp32,cpu_op,aten::unsqueeze,forward,,628,,1306.343,,,,sum of CPU operation durations; nested operations may overlap
medium_ctx256_train_step_fp32,cpu_op,aten::view,forward,,772,,813.961,,,,sum of CPU operation durations; nested operations may overlap
medium_ctx256_train_step_fp32,cpu_op,aten::where,forward,,48,,1322.856,,,,sum of CPU operation durations; nested operations may overlap
medium_ctx256_train_step_fp32,cpu_op,AddBackward0,backward,,145,,46.407000000000004,,,,sum of CPU operation durations; nested operations may overlap
medium_ctx256_train_step_fp32,cpu_op,BmmBackward0,backward,,217,,8629.849,,,,sum of CPU operation durations; nested operations may overlap
medium_ctx256_train_step_fp32,cpu_op,CatBackward0,backward,,48,,507.456,,,,sum of CPU operation durations; nested operations may overlap
medium_ctx256_train_step_fp32,cpu_op,CloneBackward0,backward,,48,,9.328,,,,sum of CPU operation durations; nested operations may overlap
medium_ctx256_train_step_fp32,cpu_op,DivBackward0,backward,,48,,1222.497,,,,sum of CPU operation durations; nested operations may overlap
medium_ctx256_train_step_fp32,cpu_op,ExpBackward0,backward,,25,,204.108,,,,sum of CPU operation durations; nested operations may overlap
medium_ctx256_train_step_fp32,cpu_op,GatherBackward0,backward,,1,,46.7,,,,sum of CPU operation durations; nested operations may overlap
medium_ctx256_train_step_fp32,cpu_op,IndexBackward0,backward,,1,,101.126,,,,sum of CPU operation durations; nested operations may overlap
medium_ctx256_train_step_fp32,cpu_op,LogBackward0,backward,,1,,11.321,,,,sum of CPU operation durations; nested operations may overlap
medium_ctx256_train_step_fp32,cpu_op,MaxBackward0,backward,,25,,778.845,,,,sum of CPU operation durations; nested operations may overlap
medium_ctx256_train_step_fp32,cpu_op,MeanBackward0,backward,,1,,102.356,,,,sum of CPU operation durations; nested operations may overlap
medium_ctx256_train_step_fp32,cpu_op,MeanBackward1,backward,,49,,683.81,,,,sum of CPU operation durations; nested operations may overlap
medium_ctx256_train_step_fp32,cpu_op,MulBackward0,backward,,338,,3807.895,,,,sum of CPU operation durations; nested operations may overlap
medium_ctx256_train_step_fp32,cpu_op,NegBackward0,backward,,1,,12.001,,,,sum of CPU operation durations; nested operations may overlap
medium_ctx256_train_step_fp32,cpu_op,PermuteBackward0,backward,,1229,,3271.945,,,,sum of CPU operation durations; nested operations may overlap
medium_ctx256_train_step_fp32,cpu_op,PowBackward0,backward,,49,,1547.553,,,,sum of CPU operation durations; nested operations may overlap
medium_ctx256_train_step_fp32,cpu_op,ReshapeAliasBackward0,backward,,241,,1206.867,,,,sum of CPU operation durations; nested operations may overlap
medium_ctx256_train_step_fp32,cpu_op,RsqrtBackward0,backward,,49,,3041.518,,,,sum of CPU operation durations; nested operations may overlap
medium_ctx256_train_step_fp32,cpu_op,SigmoidBackward0,backward,,24,,232.911,,,,sum of CPU operation durations; nested operations may overlap
medium_ctx256_train_step_fp32,cpu_op,SubBackward0,backward,,74,,545.324,,,,sum of CPU operation durations; nested operations may overlap
medium_ctx256_train_step_fp32,cpu_op,SumBackward1,backward,,25,,87.953,,,,sum of CPU operation durations; nested operations may overlap
medium_ctx256_train_step_fp32,cpu_op,UnbindBackward0,backward,,48,,663.729,,,,sum of CPU operation durations; nested operations may overlap
medium_ctx256_train_step_fp32,cpu_op,UnsafeViewBackward0,backward,,48,,111.876,,,,sum of CPU operation durations; nested operations may overlap
medium_ctx256_train_step_fp32,cpu_op,UnsqueezeBackward0,backward,,603,,1378.372,,,,sum of CPU operation durations; nested operations may overlap
medium_ctx256_train_step_fp32,cpu_op,ViewBackward0,backward,,723,,2978.629,,,,sum of CPU operation durations; nested operations may overlap
medium_ctx256_train_step_fp32,cpu_op,WhereBackward0,backward,,24,,735.523,,,,sum of CPU operation durations; nested operations may overlap
medium_ctx256_train_step_fp32,cpu_op,aten::_index_put_impl_,backward,,1,,83.466,,,,sum of CPU operation durations; nested operations may overlap
medium_ctx256_train_step_fp32,cpu_op,aten::_reshape_alias,backward,,24,,45.408,,,,sum of CPU operation durations; nested operations may overlap
medium_ctx256_train_step_fp32,cpu_op,aten::_unsafe_view,backward,,144,,93.257,,,,sum of CPU operation durations; nested operations may overlap
medium_ctx256_train_step_fp32,cpu_op,aten::add,backward,,48,,325.199,,,,sum of CPU operation durations; nested operations may overlap
medium_ctx256_train_step_fp32,cpu_op,aten::add_,backward,,291,,1429.807,,,,sum of CPU operation durations; nested operations may overlap
medium_ctx256_train_step_fp32,cpu_op,aten::arange,backward,,2,,23.375,,,,sum of CPU operation durations; nested operations may overlap
medium_ctx256_train_step_fp32,cpu_op,aten::as_strided,backward,,2490,,871.303,,,,sum of CPU operation durations; nested operations may overlap
medium_ctx256_train_step_fp32,cpu_op,aten::bmm,backward,,434,,7054.348,,,,sum of CPU operation durations; nested operations may overlap
medium_ctx256_train_step_fp32,cpu_op,aten::cat,backward,,48,,434.534,,,,sum of CPU operation durations; nested operations may overlap
medium_ctx256_train_step_fp32,cpu_op,aten::clone,backward,,144,,1671.867,,,,sum of CPU operation durations; nested operations may overlap
medium_ctx256_train_step_fp32,cpu_op,aten::copy_,backward,,362,,2649.267,,,,sum of CPU operation durations; nested operations may overlap
medium_ctx256_train_step_fp32,cpu_op,aten::detach,backward,,50,,87.643,,,,sum of CPU operation durations; nested operations may overlap
medium_ctx256_train_step_fp32,cpu_op,aten::div,backward,,197,,1653.711,,,,sum of CPU operation durations; nested operations may overlap
medium_ctx256_train_step_fp32,cpu_op,aten::div_,backward,,2,,17.797,,,,sum of CPU operation durations; nested operations may overlap
medium_ctx256_train_step_fp32,cpu_op,aten::divide_,backward,,1,,11.006,,,,sum of CPU operation durations; nested operations may overlap
medium_ctx256_train_step_fp32,cpu_op,aten::empty,backward,,222,,450.34,,,,sum of CPU operation durations; nested operations may overlap
medium_ctx256_train_step_fp32,cpu_op,aten::empty_like,backward,,147,,445.916,,,,sum of CPU operation durations; nested operations may overlap
medium_ctx256_train_step_fp32,cpu_op,aten::empty_strided,backward,,170,,382.072,,,,sum of CPU operation durations; nested operations may overlap
medium_ctx256_train_step_fp32,cpu_op,aten::expand,backward,,76,,186.338,,,,sum of CPU operation durations; nested operations may overlap
medium_ctx256_train_step_fp32,cpu_op,aten::fill_,backward,,52,,306.31,,,,sum of CPU operation durations; nested operations may overlap
medium_ctx256_train_step_fp32,cpu_op,aten::gather_backward,backward,,1,,43.133,,,,sum of CPU operation durations; nested operations may overlap
medium_ctx256_train_step_fp32,cpu_op,aten::mul,backward,,829,,8582.775,,,,sum of CPU operation durations; nested operations may overlap
medium_ctx256_train_step_fp32,cpu_op,aten::narrow,backward,,96,,429.778,,,,sum of CPU operation durations; nested operations may overlap
medium_ctx256_train_step_fp32,cpu_op,aten::neg,backward,,99,,677.904,,,,sum of CPU operation durations; nested operations may overlap
medium_ctx256_train_step_fp32,cpu_op,aten::new_empty,backward,,2,,9.625,,,,sum of CPU operation durations; nested operations may overlap
medium_ctx256_train_step_fp32,cpu_op,aten::new_empty_strided,backward,,169,,667.472,,,,sum of CPU operation durations; nested operations may overlap
medium_ctx256_train_step_fp32,cpu_op,aten::new_zeros,backward,,2,,34.272000000000006,,,,sum of CPU operation durations; nested operations may overlap
medium_ctx256_train_step_fp32,cpu_op,aten::ones_like,backward,,1,,15.406,,,,sum of CPU operation durations; nested operations may overlap
medium_ctx256_train_step_fp32,cpu_op,aten::permute,backward,,1229,,2239.945,,,,sum of CPU operation durations; nested operations may overlap
medium_ctx256_train_step_fp32,cpu_op,aten::pow,backward,,98,,1297.994,,,,sum of CPU operation durations; nested operations may overlap
medium_ctx256_train_step_fp32,cpu_op,aten::remainder,backward,,2,,18.5,,,,sum of CPU operation durations; nested operations may overlap
medium_ctx256_train_step_fp32,cpu_op,aten::reshape,backward,,1013,,3346.851,,,,sum of CPU operation durations; nested operations may overlap
medium_ctx256_train_step_fp32,cpu_op,aten::resize_,backward,,25,,58.553,,,,sum of CPU operation durations; nested operations may overlap
medium_ctx256_train_step_fp32,cpu_op,aten::result_type,backward,,98,,17.623,,,,sum of CPU operation durations; nested operations may overlap
medium_ctx256_train_step_fp32,cpu_op,aten::scalar_tensor,backward,,24,,240.082,,,,sum of CPU operation durations; nested operations may overlap
medium_ctx256_train_step_fp32,cpu_op,aten::scatter_,backward,,25,,318.658,,,,sum of CPU operation durations; nested operations may overlap
medium_ctx256_train_step_fp32,cpu_op,aten::scatter_add_,backward,,1,,17.761,,,,sum of CPU operation durations; nested operations may overlap
medium_ctx256_train_step_fp32,cpu_op,aten::sigmoid_backward,backward,,24,,186.78,,,,sum of CPU operation durations; nested operations may overlap
medium_ctx256_train_step_fp32,cpu_op,aten::slice,backward,,96,,299.007,,,,sum of CPU operation durations; nested operations may overlap
medium_ctx256_train_step_fp32,cpu_op,aten::squeeze,backward,,603,,981.491,,,,sum of CPU operation durations; nested operations may overlap
medium_ctx256_train_step_fp32,cpu_op,aten::stack,backward,,48,,590.017,,,,sum of CPU operation durations; nested operations may overlap
medium_ctx256_train_step_fp32,cpu_op,aten::sum,backward,,148,,1561.549,,,,sum of CPU operation durations; nested operations may overlap
medium_ctx256_train_step_fp32,cpu_op,aten::to,backward,,123,,15.933,,,,sum of CPU operation durations; nested operations may overlap
medium_ctx256_train_step_fp32,cpu_op,aten::transpose,backward,,434,,796.176,,,,sum of CPU operation durations; nested operations may overlap
medium_ctx256_train_step_fp32,cpu_op,aten::value_selecting_reduction_backward,backward,,25,,723.587,,,,sum of CPU operation durations; nested operations may overlap
medium_ctx256_train_step_fp32,cpu_op,aten::view,backward,,942,,637.473,,,,sum of CPU operation durations; nested operations may overlap
medium_ctx256_train_step_fp32,cpu_op,aten::where,backward,,48,,1070.772,,,,sum of CPU operation durations; nested operations may overlap
medium_ctx256_train_step_fp32,cpu_op,aten::zero_,backward,,27,,235.611,,,,sum of CPU operation durations; nested operations may overlap
medium_ctx256_train_step_fp32,cpu_op,aten::zeros,backward,,25,,328.88,,,,sum of CPU operation durations; nested operations may overlap
medium_ctx256_train_step_fp32,cpu_op,autograd::engine::evaluate_function: AddBackward0,backward,,145,,376.98,,,,sum of CPU operation durations; nested operations may overlap
medium_ctx256_train_step_fp32,cpu_op,autograd::engine::evaluate_function: BmmBackward0,backward,,217,,9507.9,,,,sum of CPU operation durations; nested operations may overlap
medium_ctx256_train_step_fp32,cpu_op,autograd::engine::evaluate_function: CatBackward0,backward,,48,,710.939,,,,sum of CPU operation durations; nested operations may overlap
medium_ctx256_train_step_fp32,cpu_op,autograd::engine::evaluate_function: CloneBackward0,backward,,48,,96.78999999999999,,,,sum of CPU operation durations; nested operations may overlap
medium_ctx256_train_step_fp32,cpu_op,autograd::engine::evaluate_function: DivBackward0,backward,,48,,1638.716,,,,sum of CPU operation durations; nested operations may overlap
medium_ctx256_train_step_fp32,cpu_op,autograd::engine::evaluate_function: ExpBackward0,backward,,25,,293.445,,,,sum of CPU operation durations; nested operations may overlap
medium_ctx256_train_step_fp32,cpu_op,autograd::engine::evaluate_function: GatherBackward0,backward,,1,,57.582,,,,sum of CPU operation durations; nested operations may overlap
medium_ctx256_train_step_fp32,cpu_op,autograd::engine::evaluate_function: IndexBackward0,backward,,1,,104.201,,,,sum of CPU operation durations; nested operations may overlap
medium_ctx256_train_step_fp32,cpu_op,autograd::engine::evaluate_function: LogBackward0,backward,,1,,14.871,,,,sum of CPU operation durations; nested operations may overlap
medium_ctx256_train_step_fp32,cpu_op,autograd::engine::evaluate_function: MaxBackward0,backward,,25,,1032.171,,,,sum of CPU operation durations; nested operations may overlap
medium_ctx256_train_step_fp32,cpu_op,autograd::engine::evaluate_function: MeanBackward0,backward,,1,,112.938,,,,sum of CPU operation durations; nested operations may overlap
medium_ctx256_train_step_fp32,cpu_op,autograd::engine::evaluate_function: MeanBackward1,backward,,49,,812.826,,,,sum of CPU operation durations; nested operations may overlap
medium_ctx256_train_step_fp32,cpu_op,autograd::engine::evaluate_function: MulBackward0,backward,,338,,7216.546,,,,sum of CPU operation durations; nested operations may overlap
medium_ctx256_train_step_fp32,cpu_op,autograd::engine::evaluate_function: NegBackward0,backward,,1,,14.586,,,,sum of CPU operation durations; nested operations may overlap
medium_ctx256_train_step_fp32,cpu_op,autograd::engine::evaluate_function: PermuteBackward0,backward,,1229,,5939.788,,,,sum of CPU operation durations; nested operations may overlap
medium_ctx256_train_step_fp32,cpu_op,autograd::engine::evaluate_function: PowBackward0,backward,,49,,2014.544,,,,sum of CPU operation durations; nested operations may overlap
medium_ctx256_train_step_fp32,cpu_op,autograd::engine::evaluate_function: ReshapeAliasBackward0,backward,,241,,1800.232,,,,sum of CPU operation durations; nested operations may overlap
medium_ctx256_train_step_fp32,cpu_op,autograd::engine::evaluate_function: RsqrtBackward0,backward,,49,,3192.807,,,,sum of CPU operation durations; nested operations may overlap
medium_ctx256_train_step_fp32,cpu_op,autograd::engine::evaluate_function: SigmoidBackward0,backward,,24,,463.081,,,,sum of CPU operation durations; nested operations may overlap
medium_ctx256_train_step_fp32,cpu_op,autograd::engine::evaluate_function: SubBackward0,backward,,74,,974.109,,,,sum of CPU operation durations; nested operations may overlap
medium_ctx256_train_step_fp32,cpu_op,autograd::engine::evaluate_function: SumBackward1,backward,,25,,349.944,,,,sum of CPU operation durations; nested operations may overlap
medium_ctx256_train_step_fp32,cpu_op,autograd::engine::evaluate_function: UnbindBackward0,backward,,48,,791.646,,,,sum of CPU operation durations; nested operations may overlap
medium_ctx256_train_step_fp32,cpu_op,autograd::engine::evaluate_function: UnsafeViewBackward0,backward,,48,,212.428,,,,sum of CPU operation durations; nested operations may overlap
medium_ctx256_train_step_fp32,cpu_op,autograd::engine::evaluate_function: UnsqueezeBackward0,backward,,603,,3295.478,,,,sum of CPU operation durations; nested operations may overlap
medium_ctx256_train_step_fp32,cpu_op,autograd::engine::evaluate_function: ViewBackward0,backward,,723,,4550.963,,,,sum of CPU operation durations; nested operations may overlap
medium_ctx256_train_step_fp32,cpu_op,autograd::engine::evaluate_function: WhereBackward0,backward,,24,,830.302,,,,sum of CPU operation durations; nested operations may overlap
medium_ctx256_train_step_fp32,cpu_op,autograd::engine::evaluate_function: torch::autograd::AccumulateGrad,backward,,219,,2818.133,,,,sum of CPU operation durations; nested operations may overlap
medium_ctx256_train_step_fp32,cpu_op,detach,backward,,50,,55.942,,,,sum of CPU operation durations; nested operations may overlap
medium_ctx256_train_step_fp32,cpu_op,torch::autograd::AccumulateGrad,backward,,219,,2395.262,,,,sum of CPU operation durations; nested operations may overlap
medium_ctx256_train_step_fp32,cpu_op,aten::_has_compatible_shallow_copy_type,optimizer,,438,,40.669,,,,sum of CPU operation durations; nested operations may overlap
medium_ctx256_train_step_fp32,cpu_op,aten::_local_scalar_dense,optimizer,,1,,23.587,,,,sum of CPU operation durations; nested operations may overlap
medium_ctx256_train_step_fp32,cpu_op,aten::_to_copy,optimizer,,1,,47.037,,,,sum of CPU operation durations; nested operations may overlap
medium_ctx256_train_step_fp32,cpu_op,aten::add,optimizer,,658,,3709.887,,,,sum of CPU operation durations; nested operations may overlap
medium_ctx256_train_step_fp32,cpu_op,aten::add_,optimizer,,219,,1014.022,,,,sum of CPU operation durations; nested operations may overlap
medium_ctx256_train_step_fp32,cpu_op,aten::as_strided,optimizer,,219,,53.412,,,,sum of CPU operation durations; nested operations may overlap
medium_ctx256_train_step_fp32,cpu_op,aten::copy_,optimizer,,1,,30.491,,,,sum of CPU operation durations; nested operations may overlap
medium_ctx256_train_step_fp32,cpu_op,aten::detach_,optimizer,,1,,1.816,,,,sum of CPU operation durations; nested operations may overlap
medium_ctx256_train_step_fp32,cpu_op,aten::div,optimizer,,219,,1219.584,,,,sum of CPU operation durations; nested operations may overlap
medium_ctx256_train_step_fp32,cpu_op,aten::empty,optimizer,,1,,4.88,,,,sum of CPU operation durations; nested operations may overlap
medium_ctx256_train_step_fp32,cpu_op,aten::empty_like,optimizer,,438,,1166.98,,,,sum of CPU operation durations; nested operations may overlap
medium_ctx256_train_step_fp32,cpu_op,aten::empty_strided,optimizer,,439,,835.165,,,,sum of CPU operation durations; nested operations may overlap
medium_ctx256_train_step_fp32,cpu_op,aten::fill_,optimizer,,438,,1767.294,,,,sum of CPU operation durations; nested operations may overlap
medium_ctx256_train_step_fp32,cpu_op,aten::is_nonzero,optimizer,,1,,26.876,,,,sum of CPU operation durations; nested operations may overlap
medium_ctx256_train_step_fp32,cpu_op,aten::item,optimizer,,1,,25.373,,,,sum of CPU operation durations; nested operations may overlap
medium_ctx256_train_step_fp32,cpu_op,aten::lift_fresh,optimizer,,1,,0.247,,,,sum of CPU operation durations; nested operations may overlap
medium_ctx256_train_step_fp32,cpu_op,aten::lt,optimizer,,1,,10.487,,,,sum of CPU operation durations; nested operations may overlap
medium_ctx256_train_step_fp32,cpu_op,aten::mul,optimizer,,1315,,7684.871,,,,sum of CPU operation durations; nested operations may overlap
medium_ctx256_train_step_fp32,cpu_op,aten::mul_,optimizer,,219,,991.745,,,,sum of CPU operation durations; nested operations may overlap
medium_ctx256_train_step_fp32,cpu_op,aten::pow,optimizer,,438,,2920.098,,,,sum of CPU operation durations; nested operations may overlap
medium_ctx256_train_step_fp32,cpu_op,aten::reciprocal,optimizer,,1,,8.247,,,,sum of CPU operation durations; nested operations may overlap
medium_ctx256_train_step_fp32,cpu_op,aten::result_type,optimizer,,438,,28.005,,,,sum of CPU operation durations; nested operations may overlap
medium_ctx256_train_step_fp32,cpu_op,aten::sqrt,optimizer,,220,,1209.509,,,,sum of CPU operation durations; nested operations may overlap
medium_ctx256_train_step_fp32,cpu_op,aten::square,optimizer,,219,,1597.941,,,,sum of CPU operation durations; nested operations may overlap
medium_ctx256_train_step_fp32,cpu_op,aten::sub_,optimizer,,438,,2061.181,,,,sum of CPU operation durations; nested operations may overlap
medium_ctx256_train_step_fp32,cpu_op,aten::sum,optimizer,,438,,4840.268,,,,sum of CPU operation durations; nested operations may overlap
medium_ctx256_train_step_fp32,cpu_op,aten::to,optimizer,,439,,74.066,,,,sum of CPU operation durations; nested operations may overlap
medium_ctx256_train_step_fp32,cpu_op,aten::zero_,optimizer,,438,,2207.926,,,,sum of CPU operation durations; nested operations may overlap
medium_ctx256_train_step_fp32,cpu_op,aten::zeros_like,optimizer,,438,,3870.689,,,,sum of CPU operation durations; nested operations may overlap
medium_ctx256_train_step_fp32,cpu_op,detach_,optimizer,,1,,0.796,,,,sum of CPU operation durations; nested operations may overlap
medium_ctx256_train_step_fp32,cuda_activity,Memset (Device),forward,gpu_memset,1,,,0.8,0,,sum of physical GPU activity durations; not GPU wall-clock time
medium_ctx256_train_step_fp32,cuda_activity,sm90_xmma_gemm_f32f32_tf32f32_f32_tn_n_tilesize128x128x32_warpgroupsize1x1x1_execute_segment_k_off_kernel__5x_cublas,forward,kernel,1,,,60.288,1,,sum of physical GPU activity durations; not GPU wall-clock time
medium_ctx256_train_step_fp32,cuda_activity,sm90_xmma_gemm_f32f32_tf32f32_f32_tn_n_tilesize128x256x32_warpgroupsize2x1x1_execute_segment_k_off_kernel__5x_cublas,forward,kernel,48,,,1382.854,48,,sum of physical GPU activity durations; not GPU wall-clock time
medium_ctx256_train_step_fp32,cuda_activity,sm90_xmma_gemm_f32f32_tf32f32_f32_tn_n_tilesize64x128x32_warpgroupsize1x1x1_execute_segment_k_off_kernel__5x_cublas,forward,kernel,120,,,2132.772,120,,sum of physical GPU activity durations; not GPU wall-clock time
medium_ctx256_train_step_fp32,cuda_activity,"void (anonymous namespace)::elementwise_kernel_with_index<int, at::native::arange_cuda_out(c10::Scalar const&, c10::Scalar const&, c10::Scalar const&, at::Tensor&)::{lambda()#1}::operator()() const::{lambda()#4}::operator()() const::{lambda(long)#1}>(int, at::native::arange_cuda_out(c10::Scalar const&, c10::Scalar const&, c10::Scalar const&, at::Tensor&)::{lambda()#1}::operator()() const::{lambda()#4}::operator()() const::{lambda(long)#1}, function_traits<at::native::arange_cuda_out(c10::Scalar const&, c10::Scalar const&, c10::Scalar const&, at::Tensor&)::{lambda()#1}::operator()() const::{lambda()#4}::operator()() const::{lambda(long)#1}>::result_type*)",forward,kernel,24,,,25.246000000000002,24,,sum of physical GPU activity durations; not GPU wall-clock time
medium_ctx256_train_step_fp32,cuda_activity,"void at::native::(anonymous namespace)::CatArrayBatchedCopy<at::native::(anonymous namespace)::OpaqueType<4u>, unsigned int, 4, 64, 64>(at::native::(anonymous namespace)::OpaqueType<4u>*, at::native::(anonymous namespace)::CatArrInputTensorMetadata<at::native::(anonymous namespace)::OpaqueType<4u>, unsigned int, 64, 64>, at::native::(anonymous namespace)::TensorSizeStride<unsigned int, 4u>, int, unsigned int)",forward,kernel,48,,,382.81,48,,sum of physical GPU activity durations; not GPU wall-clock time
medium_ctx256_train_step_fp32,cuda_activity,"void at::native::_scatter_gather_elementwise_kernel<128, 8, at::native::_cuda_scatter_gather_internal_kernel<false, at::native::OpaqueType<4>, long>::operator()<at::native::TensorAssign>(at::TensorIterator&, long, long, long, at::native::TensorAssign const&)::{lambda(int)#1}>(int, at::native::_cuda_scatter_gather_internal_kernel<false, at::native::OpaqueType<4>, long>::operator()<at::native::TensorAssign>(at::TensorIterator&, long, long, long, at::native::TensorAssign const&)::{lambda(int)#1})",forward,kernel,1,,,8.928,1,,sum of physical GPU activity durations; not GPU wall-clock time
medium_ctx256_train_step_fp32,cuda_activity,"void at::native::elementwise_kernel<128, 2, at::native::gpu_kernel_impl_nocast<at::native::(anonymous namespace)::where_kernel_impl(at::TensorIterator&)::{lambda()#1}::operator()() const::{lambda()#11}::operator()() const::{lambda(bool, float, float)#1}>(at::TensorIteratorBase&, at::native::(anonymous namespace)::where_kernel_impl(at::TensorIterator&)::{lambda()#1}::operator()() const::{lambda()#11}::operator()() const::{lambda(bool, float, float)#1} const&)::{lambda(int)#1}>(int, at::native::gpu_kernel_impl_nocast<at::native::(anonymous namespace)::where_kernel_impl(at::TensorIterator&)::{lambda()#1}::operator()() const::{lambda()#11}::operator()() const::{lambda(bool, float, float)#1}>(at::TensorIteratorBase&, at::native::(anonymous namespace)::where_kernel_impl(at::TensorIterator&)::{lambda()#1}::operator()() const::{lambda()#11}::operator()() const::{lambda(bool, float, float)#1} const&)::{lambda(int)#1})",forward,kernel,24,,,308.956,24,,sum of physical GPU activity durations; not GPU wall-clock time
medium_ctx256_train_step_fp32,cuda_activity,"void at::native::elementwise_kernel<128, 2, at::native::gpu_kernel_impl_nocast<at::native::BinaryFunctor<float, float, float, at::native::binary_internal::DivFunctor<float> > >(at::TensorIteratorBase&, at::native::BinaryFunctor<float, float, float, at::native::binary_internal::DivFunctor<float> > const&)::{lambda(int)#1}>(int, at::native::gpu_kernel_impl_nocast<at::native::BinaryFunctor<float, float, float, at::native::binary_internal::DivFunctor<float> > >(at::TensorIteratorBase&, at::native::BinaryFunctor<float, float, float, at::native::binary_internal::DivFunctor<float> > const&)::{lambda(int)#1})",forward,kernel,24,,,367.551,24,,sum of physical GPU activity durations; not GPU wall-clock time
medium_ctx256_train_step_fp32,cuda_activity,"void at::native::elementwise_kernel<128, 2, at::native::gpu_kernel_impl_nocast<at::native::BinaryFunctor<float, float, float, at::native::binary_internal::MulFunctor<float> > >(at::TensorIteratorBase&, at::native::BinaryFunctor<float, float, float, at::native::binary_internal::MulFunctor<float> > const&)::{lambda(int)#1}>(int, at::native::gpu_kernel_impl_nocast<at::native::BinaryFunctor<float, float, float, at::native::binary_internal::MulFunctor<float> > >(at::TensorIteratorBase&, at::native::BinaryFunctor<float, float, float, at::native::binary_internal::MulFunctor<float> > const&)::{lambda(int)#1})",forward,kernel,290,,,1175.498,290,,sum of physical GPU activity durations; not GPU wall-clock time
medium_ctx256_train_step_fp32,cuda_activity,"void at::native::elementwise_kernel<128, 2, at::native::gpu_kernel_impl_nocast<at::native::CUDAFunctor_add<float> >(at::TensorIteratorBase&, at::native::CUDAFunctor_add<float> const&)::{lambda(int)#1}>(int, at::native::gpu_kernel_impl_nocast<at::native::CUDAFunctor_add<float> >(at::TensorIteratorBase&, at::native::CUDAFunctor_add<float> const&)::{lambda(int)#1})",forward,kernel,26,,,358.048,26,,sum of physical GPU activity durations; not GPU wall-clock time
medium_ctx256_train_step_fp32,cuda_activity,"void at::native::elementwise_kernel<128, 2, at::native::gpu_kernel_impl_nocast<at::native::direct_copy_kernel_cuda(at::TensorIteratorBase&)::{lambda()#3}::operator()() const::{lambda()#7}::operator()() const::{lambda(float)#1}>(at::TensorIteratorBase&, at::native::direct_copy_kernel_cuda(at::TensorIteratorBase&)::{lambda()#3}::operator()() const::{lambda()#7}::operator()() const::{lambda(float)#1} const&)::{lambda(int)#1}>(int, at::native::gpu_kernel_impl_nocast<at::native::direct_copy_kernel_cuda(at::TensorIteratorBase&)::{lambda()#3}::operator()() const::{lambda()#7}::operator()() const::{lambda(float)#1}>(at::TensorIteratorBase&, at::native::direct_copy_kernel_cuda(at::TensorIteratorBase&)::{lambda()#3}::operator()() const::{lambda()#7}::operator()() const::{lambda(float)#1} const&)::{lambda(int)#1})",forward,kernel,48,,,266.308,48,,sum of physical GPU activity durations; not GPU wall-clock time
medium_ctx256_train_step_fp32,cuda_activity,"void at::native::elementwise_kernel<128, 4, at::native::gpu_kernel_impl_nocast<at::native::(anonymous namespace)::CompareFunctor<long> >(at::TensorIteratorBase&, at::native::(anonymous namespace)::CompareFunctor<long> const&)::{lambda(int)#1}>(int, at::native::gpu_kernel_impl_nocast<at::native::(anonymous namespace)::CompareFunctor<long> >(at::TensorIteratorBase&, at::native::(anonymous namespace)::CompareFunctor<long> const&)::{lambda(int)#1})",forward,kernel,24,,,68.03,24,,sum of physical GPU activity durations; not GPU wall-clock time
medium_ctx256_train_step_fp32,cuda_activity,"void at::native::reduce_kernel<512, 1, at::native::ReduceOp<float, at::native::MaxOps<float>, unsigned int, float, 4, 4> >(at::native::ReduceOp<float, at::native::MaxOps<float>, unsigned int, float, 4, 4>)",forward,kernel,25,,,343.554,25,,sum of physical GPU activity durations; not GPU wall-clock time
medium_ctx256_train_step_fp32,cuda_activity,"void at::native::reduce_kernel<512, 1, at::native::ReduceOp<float, at::native::MeanOps<float, float, float, float>, unsigned int, float, 4, 4> >(at::native::ReduceOp<float, at::native::MeanOps<float, float, float, float>, unsigned int, float, 4, 4>)",forward,kernel,50,,,249.633,50,,sum of physical GPU activity durations; not GPU wall-clock time
medium_ctx256_train_step_fp32,cuda_activity,"void at::native::reduce_kernel<512, 1, at::native::ReduceOp<float, at::native::func_wrapper_t<float, at::native::sum_functor<float, float, float>::operator()(at::TensorIterator&)::{lambda(float, float)#1}>, unsigned int, float, 4, 4> >(at::native::ReduceOp<float, at::native::func_wrapper_t<float, at::native::sum_functor<float, float, float>::operator()(at::TensorIterator&)::{lambda(float, float)#1}>, unsigned int, float, 4, 4>)",forward,kernel,25,,,184.417,25,,sum of physical GPU activity durations; not GPU wall-clock time
medium_ctx256_train_step_fp32,cuda_activity,"void at::native::vectorized_elementwise_kernel<4, at::native::(anonymous namespace)::pow_tensor_scalar_kernel_impl<float, float>(at::TensorIteratorBase&, float)::{lambda(float)#1}, std::array<char*, 2ul> >(int, at::native::(anonymous namespace)::pow_tensor_scalar_kernel_impl<float, float>(at::TensorIteratorBase&, float)::{lambda(float)#1}, std::array<char*, 2ul>)",forward,kernel,49,,,121.888,49,,sum of physical GPU activity durations; not GPU wall-clock time
medium_ctx256_train_step_fp32,cuda_activity,"void at::native::vectorized_elementwise_kernel<4, at::native::BUnaryFunctor<float, float, float, at::native::binary_internal::MulFunctor<float> >, std::array<char*, 2ul> >(int, at::native::BUnaryFunctor<float, float, float, at::native::binary_internal::MulFunctor<float> >, std::array<char*, 2ul>)",forward,kernel,24,,,167.393,24,,sum of physical GPU activity durations; not GPU wall-clock time
medium_ctx256_train_step_fp32,cuda_activity,"void at::native::vectorized_elementwise_kernel<4, at::native::BinaryFunctor<float, float, float, at::native::binary_internal::MulFunctor<float> >, std::array<char*, 3ul> >(int, at::native::BinaryFunctor<float, float, float, at::native::binary_internal::MulFunctor<float> >, std::array<char*, 3ul>)",forward,kernel,48,,,481.75600000000003,48,,sum of physical GPU activity durations; not GPU wall-clock time
medium_ctx256_train_step_fp32,cuda_activity,"void at::native::vectorized_elementwise_kernel<4, at::native::CUDAFunctorOnSelf_add<float>, std::array<char*, 2ul> >(int, at::native::CUDAFunctorOnSelf_add<float>, std::array<char*, 2ul>)",forward,kernel,49,,,67.55499999999999,49,,sum of physical GPU activity durations; not GPU wall-clock time
medium_ctx256_train_step_fp32,cuda_activity,"void at::native::vectorized_elementwise_kernel<4, at::native::CUDAFunctor_add<float>, std::array<char*, 3ul> >(int, at::native::CUDAFunctor_add<float>, std::array<char*, 3ul>)",forward,kernel,144,,,434.716,144,,sum of physical GPU activity durations; not GPU wall-clock time
medium_ctx256_train_step_fp32,cuda_activity,"void at::native::vectorized_elementwise_kernel<4, at::native::FillFunctor<float>, std::array<char*, 1ul> >(int, at::native::FillFunctor<float>, std::array<char*, 1ul>)",forward,kernel,24,,,30.181,24,,sum of physical GPU activity durations; not GPU wall-clock time
medium_ctx256_train_step_fp32,cuda_activity,"void at::native::vectorized_elementwise_kernel<4, at::native::exp_kernel_cuda(at::TensorIteratorBase&)::{lambda()#2}::operator()() const::{lambda()#2}::operator()() const::{lambda(float)#1}, std::array<char*, 2ul> >(int, at::native::exp_kernel_cuda(at::TensorIteratorBase&)::{lambda()#2}::operator()() const::{lambda()#2}::operator()() const::{lambda(float)#1}, std::array<char*, 2ul>)",forward,kernel,25,,,187.007,25,,sum of physical GPU activity durations; not GPU wall-clock time
medium_ctx256_train_step_fp32,cuda_activity,"void at::native::vectorized_elementwise_kernel<4, at::native::log_kernel_cuda(at::TensorIteratorBase&)::{lambda()#2}::operator()() const::{lambda()#2}::operator()() const::{lambda(float)#1}, std::array<char*, 2ul> >(int, at::native::log_kernel_cuda(at::TensorIteratorBase&)::{lambda()#2}::operator()() const::{lambda()#2}::operator()() const::{lambda(float)#1}, std::array<char*, 2ul>)",forward,kernel,1,,,1.728,1,,sum of physical GPU activity durations; not GPU wall-clock time
medium_ctx256_train_step_fp32,cuda_activity,"void at::native::vectorized_elementwise_kernel<4, at::native::neg_kernel_cuda(at::TensorIteratorBase&)::{lambda()#2}::operator()() const::{lambda()#7}::operator()() const::{lambda(float)#1}, std::array<char*, 2ul> >(int, at::native::neg_kernel_cuda(at::TensorIteratorBase&)::{lambda()#2}::operator()() const::{lambda()#7}::operator()() const::{lambda(float)#1}, std::array<char*, 2ul>)",forward,kernel,1,,,20.0,1,,sum of physical GPU activity durations; not GPU wall-clock time
medium_ctx256_train_step_fp32,cuda_activity,"void at::native::vectorized_elementwise_kernel<4, at::native::rsqrt_kernel_cuda(at::TensorIteratorBase&)::{lambda()#2}::operator()() const::{lambda()#2}::operator()() const::{lambda(float)#1}, std::array<char*, 2ul> >(int, at::native::rsqrt_kernel_cuda(at::TensorIteratorBase&)::{lambda()#2}::operator()() const::{lambda()#2}::operator()() const::{lambda(float)#1}, std::array<char*, 2ul>)",forward,kernel,49,,,70.718,49,,sum of physical GPU activity durations; not GPU wall-clock time
medium_ctx256_train_step_fp32,cuda_activity,"void at::native::vectorized_elementwise_kernel<4, at::native::sigmoid_kernel_cuda(at::TensorIteratorBase&)::{lambda()#2}::operator()() const::{lambda()#2}::operator()() const::{lambda(float)#1}, std::array<char*, 2ul> >(int, at::native::sigmoid_kernel_cuda(at::TensorIteratorBase&)::{lambda()#2}::operator()() const::{lambda()#2}::operator()() const::{lambda(float)#1}, std::array<char*, 2ul>)",forward,kernel,24,,,166.911,24,,sum of physical GPU activity durations; not GPU wall-clock time
medium_ctx256_train_step_fp32,cuda_activity,"void at::native::vectorized_gather_kernel<16, long>(char*, char*, long*, int, long, long, long, long, bool)",forward,kernel,1,,,4.383,1,,sum of physical GPU activity durations; not GPU wall-clock time
medium_ctx256_train_step_fp32,cuda_activity,void cutlass::Kernel2<cutlass_80_tensorop_s1688gemm_256x64_16x4_tn_align4>(cutlass_80_tensorop_s1688gemm_256x64_16x4_tn_align4::Params),forward,kernel,24,,,252.449,24,,sum of physical GPU activity durations; not GPU wall-clock time
medium_ctx256_train_step_fp32,cuda_activity,void cutlass::Kernel2<cutlass_80_tensorop_s1688gemm_64x64_16x6_nn_align4>(cutlass_80_tensorop_s1688gemm_64x64_16x6_nn_align4::Params),forward,kernel,24,,,193.407,24,,sum of physical GPU activity durations; not GPU wall-clock time
medium_ctx256_train_step_fp32,cuda_activity,Memcpy DtoD (Device -> Device),backward,gpu_memcpy,49,,,131.234,0,,sum of physical GPU activity durations; not GPU wall-clock time
medium_ctx256_train_step_fp32,cuda_activity,Memset (Device),backward,gpu_memset,99,,,79.102,0,,sum of physical GPU activity durations; not GPU wall-clock time
medium_ctx256_train_step_fp32,cuda_activity,sm90_xmma_gemm_f32f32_tf32f32_f32_nn_n_tilesize128x128x32_warpgroupsize1x1x1_execute_segment_k_off_kernel__5x_cublas,backward,kernel,24,,,799.7139999999999,24,,sum of physical GPU activity durations; not GPU wall-clock time
medium_ctx256_train_step_fp32,cuda_activity,sm90_xmma_gemm_f32f32_tf32f32_f32_nn_n_tilesize128x256x32_warpgroupsize2x1x1_execute_segment_k_on_kernel__5x_cublas,backward,kernel,1,,,79.521,1,,sum of physical GPU activity durations; not GPU wall-clock time
medium_ctx256_train_step_fp32,cuda_activity,sm90_xmma_gemm_f32f32_tf32f32_f32_nn_n_tilesize64x128x32_warpgroupsize1x1x1_execute_segment_k_off_kernel__5x_cublas,backward,kernel,96,,,1357.63,96,,sum of physical GPU activity durations; not GPU wall-clock time
medium_ctx256_train_step_fp32,cuda_activity,sm90_xmma_gemm_f32f32_tf32f32_f32_nn_n_tilesize64x128x32_warpgroupsize1x1x1_execute_segment_k_on_kernel__5x_cublas,backward,kernel,48,,,2139.554,48,,sum of physical GPU activity durations; not GPU wall-clock time
medium_ctx256_train_step_fp32,cuda_activity,sm90_xmma_gemm_f32f32_tf32f32_f32_nt_n_tilesize128x128x32_warpgroupsize1x1x1_execute_segment_k_off_kernel__5x_cublas,backward,kernel,1,,,113.376,1,,sum of physical GPU activity durations; not GPU wall-clock time
medium_ctx256_train_step_fp32,cuda_activity,sm90_xmma_gemm_f32f32_tf32f32_f32_nt_n_tilesize128x256x32_warpgroupsize2x1x1_execute_segment_k_off_kernel__5x_cublas,backward,kernel,72,,,3164.062,72,,sum of physical GPU activity durations; not GPU wall-clock time
medium_ctx256_train_step_fp32,cuda_activity,"void (anonymous namespace)::elementwise_kernel_with_index<int, at::native::arange_cuda_out(c10::Scalar const&, c10::Scalar const&, c10::Scalar const&, at::Tensor&)::{lambda()#1}::operator()() const::{lambda()#4}::operator()() const::{lambda(long)#1}>(int, at::native::arange_cuda_out(c10::Scalar const&, c10::Scalar const&, c10::Scalar const&, at::Tensor&)::{lambda()#1}::operator()() const::{lambda()#4}::operator()() const::{lambda(long)#1}, function_traits<at::native::arange_cuda_out(c10::Scalar const&, c10::Scalar const&, c10::Scalar const&, at::Tensor&)::{lambda()#1}::operator()() const::{lambda()#4}::operator()() const::{lambda(long)#1}>::result_type*)",backward,kernel,1,,,1.088,1,,sum of physical GPU activity durations; not GPU wall-clock time
medium_ctx256_train_step_fp32,cuda_activity,"void (anonymous namespace)::indexing_backward_kernel<float, 4>(long const*, long const*, float const*, float*, long, long, long, long, bool)",backward,kernel,1,,,5.599,1,,sum of physical GPU activity durations; not GPU wall-clock time
medium_ctx256_train_step_fp32,cuda_activity,"void at::native::(anonymous namespace)::CatArrayBatchedCopy<at::native::(anonymous namespace)::OpaqueType<4u>, unsigned int, 4, 64, 64>(at::native::(anonymous namespace)::OpaqueType<4u>*, at::native::(anonymous namespace)::CatArrInputTensorMetadata<at::native::(anonymous namespace)::OpaqueType<4u>, unsigned int, 64, 64>, at::native::(anonymous namespace)::TensorSizeStride<unsigned int, 4u>, int, unsigned int)",backward,kernel,24,,,208.031,24,,sum of physical GPU activity durations; not GPU wall-clock time
medium_ctx256_train_step_fp32,cuda_activity,"void at::native::(anonymous namespace)::CatArrayBatchedCopy_vectorized<at::native::(anonymous namespace)::OpaqueType<4u>, unsigned int, 1, 128, 1, 16, 4>(char*, at::native::(anonymous namespace)::CatArrInputTensorMetadata<at::native::(anonymous namespace)::OpaqueType<4u>, unsigned int, 128, 1>, at::native::(anonymous namespace)::TensorSizeStride<unsigned int, 4u>, int, unsigned int)",backward,kernel,24,,,83.136,24,,sum of physical GPU activity durations; not GPU wall-clock time
medium_ctx256_train_step_fp32,cuda_activity,"void at::native::_scatter_gather_elementwise_kernel<128, 8, at::native::_cuda_scatter_gather_internal_kernel<true, at::native::OpaqueType<4>, long>::operator()<at::native::TensorAssign>(at::TensorIterator&, long, long, long, at::native::TensorAssign const&)::{lambda(int)#1}>(int, at::native::_cuda_scatter_gather_internal_kernel<true, at::native::OpaqueType<4>, long>::operator()<at::native::TensorAssign>(at::TensorIterator&, long, long, long, at::native::TensorAssign const&)::{lambda(int)#1})",backward,kernel,25,,,192.547,25,,sum of physical GPU activity durations; not GPU wall-clock time
medium_ctx256_train_step_fp32,cuda_activity,"void at::native::_scatter_gather_elementwise_kernel<128, 8, at::native::_cuda_scatter_gather_internal_kernel<true, float, long>::operator()<at::native::ReduceAdd>(at::TensorIterator&, long, long, long, at::native::ReduceAdd const&)::{lambda(int)#1}>(int, at::native::_cuda_scatter_gather_internal_kernel<true, float, long>::operator()<at::native::ReduceAdd>(at::TensorIterator&, long, long, long, at::native::ReduceAdd const&)::{lambda(int)#1})",backward,kernel,1,,,6.784,1,,sum of physical GPU activity durations; not GPU wall-clock time
medium_ctx256_train_step_fp32,cuda_activity,"void at::native::elementwise_kernel<128, 2, at::native::gpu_kernel_impl_nocast<at::native::(anonymous namespace)::where_kernel_impl(at::TensorIterator&)::{lambda()#1}::operator()() const::{lambda()#11}::operator()() const::{lambda(bool, float, float)#1}>(at::TensorIteratorBase&, at::native::(anonymous namespace)::where_kernel_impl(at::TensorIterator&)::{lambda()#1}::operator()() const::{lambda()#11}::operator()() const::{lambda(bool, float, float)#1} const&)::{lambda(int)#1}>(int, at::native::gpu_kernel_impl_nocast<at::native::(anonymous namespace)::where_kernel_impl(at::TensorIterator&)::{lambda()#1}::operator()() const::{lambda()#11}::operator()() const::{lambda(bool, float, float)#1}>(at::TensorIteratorBase&, at::native::(anonymous namespace)::where_kernel_impl(at::TensorIterator&)::{lambda()#1}::operator()() const::{lambda()#11}::operator()() const::{lambda(bool, float, float)#1} const&)::{lambda(int)#1})",backward,kernel,24,,,310.306,24,,sum of physical GPU activity durations; not GPU wall-clock time
medium_ctx256_train_step_fp32,cuda_activity,"void at::native::elementwise_kernel<128, 2, at::native::gpu_kernel_impl_nocast<at::native::BUnaryFunctor<float, float, float, at::native::binary_internal::MulFunctor<float> > >(at::TensorIteratorBase&, at::native::BUnaryFunctor<float, float, float, at::native::binary_internal::MulFunctor<float> > const&)::{lambda(int)#1}>(int, at::native::gpu_kernel_impl_nocast<at::native::BUnaryFunctor<float, float, float, at::native::binary_internal::MulFunctor<float> > >(at::TensorIteratorBase&, at::native::BUnaryFunctor<float, float, float, at::native::binary_internal::MulFunctor<float> > const&)::{lambda(int)#1})",backward,kernel,50,,,218.30200000000002,50,,sum of physical GPU activity durations; not GPU wall-clock time
medium_ctx256_train_step_fp32,cuda_activity,"void at::native::elementwise_kernel<128, 2, at::native::gpu_kernel_impl_nocast<at::native::BinaryFunctor<float, float, float, at::native::binary_internal::DivFunctor<float> > >(at::TensorIteratorBase&, at::native::BinaryFunctor<float, float, float, at::native::binary_internal::DivFunctor<float> > const&)::{lambda(int)#1}>(int, at::native::gpu_kernel_impl_nocast<at::native::BinaryFunctor<float, float, float, at::native::binary_internal::DivFunctor<float> > >(at::TensorIteratorBase&, at::native::BinaryFunctor<float, float, float, at::native::binary_internal::DivFunctor<float> > const&)::{lambda(int)#1})",backward,kernel,72,,,1182.179,72,,sum of physical GPU activity durations; not GPU wall-clock time
medium_ctx256_train_step_fp32,cuda_activity,"void at::native::elementwise_kernel<128, 2, at::native::gpu_kernel_impl_nocast<at::native::BinaryFunctor<float, float, float, at::native::binary_internal::MulFunctor<float> > >(at::TensorIteratorBase&, at::native::BinaryFunctor<float, float, float, at::native::binary_internal::MulFunctor<float> > const&)::{lambda(int)#1}>(int, at::native::gpu_kernel_impl_nocast<at::native::BinaryFunctor<float, float, float, at::native::binary_internal::MulFunctor<float> > >(at::TensorIteratorBase&, at::native::BinaryFunctor<float, float, float, at::native::binary_internal::MulFunctor<float> > const&)::{lambda(int)#1})",backward,kernel,291,,,1363.915,291,,sum of physical GPU activity durations; not GPU wall-clock time
medium_ctx256_train_step_fp32,cuda_activity,"void at::native::elementwise_kernel<128, 2, at::native::gpu_kernel_impl_nocast<at::native::CUDAFunctor_add<float> >(at::TensorIteratorBase&, at::native::CUDAFunctor_add<float> const&)::{lambda(int)#1}>(int, at::native::gpu_kernel_impl_nocast<at::native::CUDAFunctor_add<float> >(at::TensorIteratorBase&, at::native::CUDAFunctor_add<float> const&)::{lambda(int)#1})",backward,kernel,24,,,300.798,24,,sum of physical GPU activity durations; not GPU wall-clock time
medium_ctx256_train_step_fp32,cuda_activity,"void at::native::elementwise_kernel<128, 2, at::native::gpu_kernel_impl_nocast<at::native::direct_copy_kernel_cuda(at::TensorIteratorBase&)::{lambda()#3}::operator()() const::{lambda()#7}::operator()() const::{lambda(float)#1}>(at::TensorIteratorBase&, at::native::direct_copy_kernel_cuda(at::TensorIteratorBase&)::{lambda()#3}::operator()() const::{lambda()#7}::operator()() const::{lambda(float)#1} const&)::{lambda(int)#1}>(int, at::native::gpu_kernel_impl_nocast<at::native::direct_copy_kernel_cuda(at::TensorIteratorBase&)::{lambda()#3}::operator()() const::{lambda()#7}::operator()() const::{lambda(float)#1}>(at::TensorIteratorBase&, at::native::direct_copy_kernel_cuda(at::TensorIteratorBase&)::{lambda()#3}::operator()() const::{lambda()#7}::operator()() const::{lambda(float)#1} const&)::{lambda(int)#1})",backward,kernel,313,,,4044.609,313,,sum of physical GPU activity durations; not GPU wall-clock time
medium_ctx256_train_step_fp32,cuda_activity,"void at::native::elementwise_kernel<128, 2, at::native::gpu_kernel_impl_nocast<at::native::neg_kernel_cuda(at::TensorIteratorBase&)::{lambda()#2}::operator()() const::{lambda()#7}::operator()() const::{lambda(float)#1}>(at::TensorIteratorBase&, at::native::neg_kernel_cuda(at::TensorIteratorBase&)::{lambda()#2}::operator()() const::{lambda()#7}::operator()() const::{lambda(float)#1} const&)::{lambda(int)#1}>(int, at::native::gpu_kernel_impl_nocast<at::native::neg_kernel_cuda(at::TensorIteratorBase&)::{lambda()#2}::operator()() const::{lambda()#7}::operator()() const::{lambda(float)#1}>(at::TensorIteratorBase&, at::native::neg_kernel_cuda(at::TensorIteratorBase&)::{lambda()#2}::operator()() const::{lambda()#7}::operator()() const::{lambda(float)#1} const&)::{lambda(int)#1})",backward,kernel,48,,,159.198,48,,sum of physical GPU activity durations; not GPU wall-clock time
medium_ctx256_train_step_fp32,cuda_activity,"void at::native::reduce_kernel<128, 4, at::native::ReduceOp<float, at::native::func_wrapper_t<float, at::native::sum_functor<float, float, float>::operator()(at::TensorIterator&)::{lambda(float, float)#1}>, unsigned int, float, 4, 4> >(at::native::ReduceOp<float, at::native::func_wrapper_t<float, at::native::sum_functor<float, float, float>::operator()(at::TensorIterator&)::{lambda(float, float)#1}>, unsigned int, float, 4, 4>)",backward,kernel,49,,,482.34,49,,sum of physical GPU activity durations; not GPU wall-clock time
medium_ctx256_train_step_fp32,cuda_activity,"void at::native::reduce_kernel<512, 1, at::native::ReduceOp<float, at::native::func_wrapper_t<float, at::native::sum_functor<float, float, float>::operator()(at::TensorIterator&)::{lambda(float, float)#1}>, unsigned int, float, 4, 4> >(at::native::ReduceOp<float, at::native::func_wrapper_t<float, at::native::sum_functor<float, float, float>::operator()(at::TensorIterator&)::{lambda(float, float)#1}>, unsigned int, float, 4, 4>)",backward,kernel,99,,,674.627,99,,sum of physical GPU activity durations; not GPU wall-clock time
medium_ctx256_train_step_fp32,cuda_activity,"void at::native::vectorized_elementwise_kernel<2, at::native::AUnaryFunctor<long, long, long, at::native::binary_internal::MulFunctor<long> >, std::array<char*, 2ul> >(int, at::native::AUnaryFunctor<long, long, long, at::native::binary_internal::MulFunctor<long> >, std::array<char*, 2ul>)",backward,kernel,1,,,1.472,1,,sum of physical GPU activity durations; not GPU wall-clock time
medium_ctx256_train_step_fp32,cuda_activity,"void at::native::vectorized_elementwise_kernel<2, at::native::BUnaryFunctor<long, long, long, at::native::binary_internal::div_trunc_kernel_cuda(at::TensorIteratorBase&)::{lambda()#1}::operator()() const::{lambda()#4}::operator()() const::{lambda(long, long)#1}>, std::array<char*, 2ul> >(int, at::native::BUnaryFunctor<long, long, long, at::native::binary_internal::div_trunc_kernel_cuda(at::TensorIteratorBase&)::{lambda()#1}::operator()() const::{lambda()#4}::operator()() const::{lambda(long, long)#1}>, std::array<char*, 2ul>)",backward,kernel,1,,,2.177,1,,sum of physical GPU activity durations; not GPU wall-clock time
medium_ctx256_train_step_fp32,cuda_activity,"void at::native::vectorized_elementwise_kernel<2, at::native::BUnaryFunctor<long, long, long, at::native::remainder_kernel_cuda(at::TensorIteratorBase&)::{lambda()#1}::operator()() const::{lambda()#4}::operator()() const::{lambda(long, long)#1}>, std::array<char*, 2ul> >(int, at::native::BUnaryFunctor<long, long, long, at::native::remainder_kernel_cuda(at::TensorIteratorBase&)::{lambda()#1}::operator()() const::{lambda()#4}::operator()() const::{lambda(long, long)#1}>, std::array<char*, 2ul>)",backward,kernel,1,,,2.432,1,,sum of physical GPU activity durations; not GPU wall-clock time
medium_ctx256_train_step_fp32,cuda_activity,"void at::native::vectorized_elementwise_kernel<4, at::native::(anonymous namespace)::pow_tensor_scalar_kernel_impl<float, float>(at::TensorIteratorBase&, float)::{lambda(float)#2}, std::array<char*, 2ul> >(int, at::native::(anonymous namespace)::pow_tensor_scalar_kernel_impl<float, float>(at::TensorIteratorBase&, float)::{lambda(float)#2}, std::array<char*, 2ul>)",backward,kernel,49,,,58.111000000000004,49,,sum of physical GPU activity durations; not GPU wall-clock time
medium_ctx256_train_step_fp32,cuda_activity,"void at::native::vectorized_elementwise_kernel<4, at::native::AUnaryFunctor<float, float, float, at::native::binary_internal::MulFunctor<float> >, std::array<char*, 2ul> >(int, at::native::AUnaryFunctor<float, float, float, at::native::binary_internal::MulFunctor<float> >, std::array<char*, 2ul>)",backward,kernel,98,,,179.257,98,,sum of physical GPU activity durations; not GPU wall-clock time
medium_ctx256_train_step_fp32,cuda_activity,"void at::native::vectorized_elementwise_kernel<4, at::native::BUnaryFunctor<float, float, float, at::native::binary_internal::MulFunctor<float> >, std::array<char*, 2ul> >(int, at::native::BUnaryFunctor<float, float, float, at::native::binary_internal::MulFunctor<float> >, std::array<char*, 2ul>)",backward,kernel,24,,,165.72899999999998,24,,sum of physical GPU activity durations; not GPU wall-clock time
medium_ctx256_train_step_fp32,cuda_activity,"void at::native::vectorized_elementwise_kernel<4, at::native::BinaryFunctor<float, float, float, at::native::binary_internal::DivFunctor<float> >, std::array<char*, 3ul> >(int, at::native::BinaryFunctor<float, float, float, at::native::binary_internal::DivFunctor<float> >, std::array<char*, 3ul>)",backward,kernel,1,,,1.856,1,,sum of physical GPU activity durations; not GPU wall-clock time
medium_ctx256_train_step_fp32,cuda_activity,"void at::native::vectorized_elementwise_kernel<4, at::native::BinaryFunctor<float, float, float, at::native::binary_internal::MulFunctor<float> >, std::array<char*, 3ul> >(int, at::native::BinaryFunctor<float, float, float, at::native::binary_internal::MulFunctor<float> >, std::array<char*, 3ul>)",backward,kernel,340,,,2372.705,340,,sum of physical GPU activity durations; not GPU wall-clock time
medium_ctx256_train_step_fp32,cuda_activity,"void at::native::vectorized_elementwise_kernel<4, at::native::CUDAFunctor_add<float>, std::array<char*, 3ul> >(int, at::native::CUDAFunctor_add<float>, std::array<char*, 3ul>)",backward,kernel,315,,,1373.708,315,,sum of physical GPU activity durations; not GPU wall-clock time
medium_ctx256_train_step_fp32,cuda_activity,"void at::native::vectorized_elementwise_kernel<4, at::native::FillFunctor<float>, std::array<char*, 1ul> >(int, at::native::FillFunctor<float>, std::array<char*, 1ul>)",backward,kernel,52,,,179.746,52,,sum of physical GPU activity durations; not GPU wall-clock time
medium_ctx256_train_step_fp32,cuda_activity,"void at::native::vectorized_elementwise_kernel<4, at::native::neg_kernel_cuda(at::TensorIteratorBase&)::{lambda()#2}::operator()() const::{lambda()#7}::operator()() const::{lambda(float)#1}, std::array<char*, 2ul> >(int, at::native::neg_kernel_cuda(at::TensorIteratorBase&)::{lambda()#2}::operator()() const::{lambda()#7}::operator()() const::{lambda(float)#1}, std::array<char*, 2ul>)",backward,kernel,51,,,477.661,51,,sum of physical GPU activity durations; not GPU wall-clock time
medium_ctx256_train_step_fp32,cuda_activity,"void at::native::vectorized_elementwise_kernel<4, at::native::sigmoid_backward_kernel_cuda(at::TensorIteratorBase&)::{lambda()#2}::operator()() const::{lambda()#2}::operator()() const::{lambda(float, float)#1}, std::array<char*, 3ul> >(int, at::native::sigmoid_backward_kernel_cuda(at::TensorIteratorBase&)::{lambda()#2}::operator()() const::{lambda()#2}::operator()() const::{lambda(float, float)#1}, std::array<char*, 3ul>)",backward,kernel,24,,,316.609,24,,sum of physical GPU activity durations; not GPU wall-clock time
medium_ctx256_train_step_fp32,cuda_activity,"void at_cuda_detail::cub::DeviceRadixSortSingleTileKernel<at_cuda_detail::cub::DeviceRadixSortPolicy<long, at::cuda::cub::detail::OpaqueType<8>, unsigned long long>::Policy900, false, long, at::cuda::cub::detail::OpaqueType<8>, unsigned long long, at_cuda_detail::cub::detail::identity_decomposer_t>(long const*, long*, at::cuda::cub::detail::OpaqueType<8> const*, at::cuda::cub::detail::OpaqueType<8>*, unsigned long long, int, int, at_cuda_detail::cub::detail::identity_decomposer_t)",backward,kernel,1,,,5.504,1,,sum of physical GPU activity durations; not GPU wall-clock time
medium_ctx256_train_step_fp32,cuda_activity,void cutlass::Kernel2<cutlass_80_tensorop_s1688gemm_128x64_16x6_nt_align4>(cutlass_80_tensorop_s1688gemm_128x64_16x6_nt_align4::Params),backward,kernel,24,,,196.929,24,,sum of physical GPU activity durations; not GPU wall-clock time
medium_ctx256_train_step_fp32,cuda_activity,void cutlass::Kernel2<cutlass_80_tensorop_s1688gemm_128x64_32x6_nt_align4>(cutlass_80_tensorop_s1688gemm_128x64_32x6_nt_align4::Params),backward,kernel,96,,,1752.2589999999998,96,,sum of physical GPU activity durations; not GPU wall-clock time
medium_ctx256_train_step_fp32,cuda_activity,void cutlass::Kernel2<cutlass_80_tensorop_s1688gemm_256x64_16x4_tn_align4>(cutlass_80_tensorop_s1688gemm_256x64_16x4_tn_align4::Params),backward,kernel,24,,,265.53499999999997,24,,sum of physical GPU activity durations; not GPU wall-clock time
medium_ctx256_train_step_fp32,cuda_activity,void cutlass::Kernel2<cutlass_80_tensorop_s1688gemm_64x64_16x6_nn_align4>(cutlass_80_tensorop_s1688gemm_64x64_16x6_nn_align4::Params),backward,kernel,24,,,202.846,24,,sum of physical GPU activity durations; not GPU wall-clock time
medium_ctx256_train_step_fp32,cuda_activity,void cutlass::Kernel2<cutlass_80_tensorop_s1688gemm_64x64_16x6_nt_align4>(cutlass_80_tensorop_s1688gemm_64x64_16x6_nt_align4::Params),backward,kernel,24,,,229.344,24,,sum of physical GPU activity durations; not GPU wall-clock time
medium_ctx256_train_step_fp32,cuda_activity,Memcpy DtoH (Device -> Pinned),optimizer,gpu_memcpy,1,,,2.656,0,,sum of physical GPU activity durations; not GPU wall-clock time
medium_ctx256_train_step_fp32,cuda_activity,Memcpy HtoD (Pageable -> Device),optimizer,gpu_memcpy,1,,,0.8,0,,sum of physical GPU activity durations; not GPU wall-clock time
medium_ctx256_train_step_fp32,cuda_activity,Memset (Device),optimizer,gpu_memset,170,,,148.197,0,,sum of physical GPU activity durations; not GPU wall-clock time
medium_ctx256_train_step_fp32,cuda_activity,"void at::native::elementwise_kernel<128, 2, at::native::gpu_kernel_impl_nocast<at::native::BinaryFunctor<float, float, float, at::native::binary_internal::MulFunctor<float> > >(at::TensorIteratorBase&, at::native::BinaryFunctor<float, float, float, at::native::binary_internal::MulFunctor<float> > const&)::{lambda(int)#1}>(int, at::native::gpu_kernel_impl_nocast<at::native::BinaryFunctor<float, float, float, at::native::binary_internal::MulFunctor<float> > >(at::TensorIteratorBase&, at::native::BinaryFunctor<float, float, float, at::native::binary_internal::MulFunctor<float> > const&)::{lambda(int)#1})",optimizer,kernel,219,,,1742.593,219,,sum of physical GPU activity durations; not GPU wall-clock time
medium_ctx256_train_step_fp32,cuda_activity,"void at::native::reduce_kernel<512, 1, at::native::ReduceOp<float, at::native::func_wrapper_t<float, at::native::sum_functor<float, float, float>::operator()(at::TensorIterator&)::{lambda(float, float)#1}>, unsigned int, float, 4, 4> >(at::native::ReduceOp<float, at::native::func_wrapper_t<float, at::native::sum_functor<float, float, float>::operator()(at::TensorIterator&)::{lambda(float, float)#1}>, unsigned int, float, 4, 4>)",optimizer,kernel,219,,,1269.229,219,,sum of physical GPU activity durations; not GPU wall-clock time
medium_ctx256_train_step_fp32,cuda_activity,"void at::native::vectorized_elementwise_kernel<4, at::native::(anonymous namespace)::pow_tensor_scalar_kernel_impl<float, float>(at::TensorIteratorBase&, float)::{lambda(float)#1}, std::array<char*, 2ul> >(int, at::native::(anonymous namespace)::pow_tensor_scalar_kernel_impl<float, float>(at::TensorIteratorBase&, float)::{lambda(float)#1}, std::array<char*, 2ul>)",optimizer,kernel,438,,,2132.222,438,,sum of physical GPU activity durations; not GPU wall-clock time
medium_ctx256_train_step_fp32,cuda_activity,"void at::native::vectorized_elementwise_kernel<4, at::native::AUnaryFunctor<float, float, float, at::native::binary_internal::MulFunctor<float> >, std::array<char*, 2ul> >(int, at::native::AUnaryFunctor<float, float, float, at::native::binary_internal::MulFunctor<float> >, std::array<char*, 2ul>)",optimizer,kernel,1315,,,6454.641,1315,,sum of physical GPU activity durations; not GPU wall-clock time
medium_ctx256_train_step_fp32,cuda_activity,"void at::native::vectorized_elementwise_kernel<4, at::native::BinaryFunctor<float, float, float, at::native::binary_internal::DivFunctor<float> >, std::array<char*, 3ul> >(int, at::native::BinaryFunctor<float, float, float, at::native::binary_internal::DivFunctor<float> >, std::array<char*, 3ul>)",optimizer,kernel,219,,,1229.699,219,,sum of physical GPU activity durations; not GPU wall-clock time
medium_ctx256_train_step_fp32,cuda_activity,"void at::native::vectorized_elementwise_kernel<4, at::native::CUDAFunctorOnSelf_add<float>, std::array<char*, 2ul> >(int, at::native::CUDAFunctorOnSelf_add<float>, std::array<char*, 2ul>)",optimizer,kernel,220,,,822.843,220,,sum of physical GPU activity durations; not GPU wall-clock time
medium_ctx256_train_step_fp32,cuda_activity,"void at::native::vectorized_elementwise_kernel<4, at::native::CUDAFunctor_add<float>, std::array<char*, 3ul> >(int, at::native::CUDAFunctor_add<float>, std::array<char*, 3ul>)",optimizer,kernel,1095,,,4906.218,1095,,sum of physical GPU activity durations; not GPU wall-clock time
medium_ctx256_train_step_fp32,cuda_activity,"void at::native::vectorized_elementwise_kernel<4, at::native::FillFunctor<float>, std::array<char*, 1ul> >(int, at::native::FillFunctor<float>, std::array<char*, 1ul>)",optimizer,kernel,438,,,1259.173,438,,sum of physical GPU activity durations; not GPU wall-clock time
medium_ctx256_train_step_fp32,cuda_activity,"void at::native::vectorized_elementwise_kernel<4, at::native::compare_scalar_kernel<float>(at::TensorIteratorBase&, at::native::(anonymous namespace)::OpType, float)::{lambda(float)#1}, std::array<char*, 2ul> >(int, at::native::compare_scalar_kernel<float>(at::TensorIteratorBase&, at::native::(anonymous namespace)::OpType, float)::{lambda(float)#1}, std::array<char*, 2ul>)",optimizer,kernel,1,,,1.6,1,,sum of physical GPU activity durations; not GPU wall-clock time
medium_ctx256_train_step_fp32,cuda_activity,"void at::native::vectorized_elementwise_kernel<4, at::native::reciprocal_kernel_cuda(at::TensorIteratorBase&)::{lambda()#1}::operator()() const::{lambda()#2}::operator()() const::{lambda(float)#1}, std::array<char*, 2ul> >(int, at::native::reciprocal_kernel_cuda(at::TensorIteratorBase&)::{lambda()#1}::operator()() const::{lambda()#2}::operator()() const::{lambda(float)#1}, std::array<char*, 2ul>)",optimizer,kernel,1,,,1.696,1,,sum of physical GPU activity durations; not GPU wall-clock time
medium_ctx256_train_step_fp32,cuda_activity,"void at::native::vectorized_elementwise_kernel<4, at::native::sqrt_kernel_cuda(at::TensorIteratorBase&)::{lambda()#2}::operator()() const::{lambda()#2}::operator()() const::{lambda(float)#1}, std::array<char*, 2ul> >(int, at::native::sqrt_kernel_cuda(at::TensorIteratorBase&)::{lambda()#2}::operator()() const::{lambda()#2}::operator()() const::{lambda(float)#1}, std::array<char*, 2ul>)",optimizer,kernel,220,,,1032.705,220,,sum of physical GPU activity durations; not GPU wall-clock time
medium_ctx512_train_step_fp32,range,profile/measure,profile/measure,,1,145290.375,,,,true,measurement wall-clock CPU range; do not interpret as CUDA time
medium_ctx512_train_step_fp32,range,forward,forward,,1,39435.954,,,,true,inclusive CPU annotation range
medium_ctx512_train_step_fp32,range,backward,backward,,1,63719.723,,,,true,inclusive CPU annotation range
medium_ctx512_train_step_fp32,range,optimizer,optimizer,,1,38888.644,,,,true,inclusive CPU annotation range
medium_ctx512_train_step_fp32,range,attention/scores,forward,,24,3394.325,,,,true,inclusive nested range; do not add to forward
medium_ctx512_train_step_fp32,range,attention/softmax,forward,,24,3424.197,,,,true,inclusive nested range; do not add to forward
medium_ctx512_train_step_fp32,range,attention/value,forward,,24,2747.661,,,,true,inclusive nested range; do not add to forward
medium_ctx512_train_step_fp32,cpu_op,aten::_reshape_alias,forward,,241,,313.189,,,,sum of CPU operation durations; nested operations may overlap
medium_ctx512_train_step_fp32,cpu_op,aten::_unsafe_view,forward,,48,,83.438,,,,sum of CPU operation durations; nested operations may overlap
medium_ctx512_train_step_fp32,cpu_op,aten::add,forward,,145,,1230.676,,,,sum of CPU operation durations; nested operations may overlap
medium_ctx512_train_step_fp32,cpu_op,aten::alias,forward,,48,,61.908,,,,sum of CPU operation durations; nested operations may overlap
medium_ctx512_train_step_fp32,cpu_op,aten::arange,forward,,48,,639.231,,,,sum of CPU operation durations; nested operations may overlap
medium_ctx512_train_step_fp32,cpu_op,aten::as_strided,forward,,2053,,686.731,,,,sum of CPU operation durations; nested operations may overlap
medium_ctx512_train_step_fp32,cpu_op,aten::bmm,forward,,217,,5474.727,,,,sum of CPU operation durations; nested operations may overlap
medium_ctx512_train_step_fp32,cpu_op,aten::cat,forward,,48,,537.794,,,,sum of CPU operation durations; nested operations may overlap
medium_ctx512_train_step_fp32,cpu_op,aten::clone,forward,,48,,808.113,,,,sum of CPU operation durations; nested operations may overlap
medium_ctx512_train_step_fp32,cpu_op,aten::concat,forward,,48,,596.396,,,,sum of CPU operation durations; nested operations may overlap
medium_ctx512_train_step_fp32,cpu_op,aten::copy_,forward,,48,,442.936,,,,sum of CPU operation durations; nested operations may overlap
medium_ctx512_train_step_fp32,cpu_op,aten::div,forward,,48,,556.195,,,,sum of CPU operation durations; nested operations may overlap
medium_ctx512_train_step_fp32,cpu_op,aten::einsum,forward,,217,,13471.273,,,,sum of CPU operation durations; nested operations may overlap
medium_ctx512_train_step_fp32,cpu_op,aten::empty,forward,,120,,289.882,,,,sum of CPU operation durations; nested operations may overlap
medium_ctx512_train_step_fp32,cpu_op,aten::empty_like,forward,,48,,197.047,,,,sum of CPU operation durations; nested operations may overlap
medium_ctx512_train_step_fp32,cpu_op,aten::exp,forward,,25,,281.733,,,,sum of CPU operation durations; nested operations may overlap
medium_ctx512_train_step_fp32,cpu_op,aten::fill_,forward,,24,,205.588,,,,sum of CPU operation durations; nested operations may overlap
medium_ctx512_train_step_fp32,cpu_op,aten::gather,forward,,1,,16.2,,,,sum of CPU operation durations; nested operations may overlap
medium_ctx512_train_step_fp32,cpu_op,aten::ge,forward,,24,,252.52700000000002,,,,sum of CPU operation durations; nested operations may overlap
medium_ctx512_train_step_fp32,cpu_op,aten::index,forward,,1,,46.875,,,,sum of CPU operation durations; nested operations may overlap
medium_ctx512_train_step_fp32,cpu_op,aten::log,forward,,1,,8.61,,,,sum of CPU operation durations; nested operations may overlap
medium_ctx512_train_step_fp32,cpu_op,aten::max,forward,,25,,416.117,,,,sum of CPU operation durations; nested operations may overlap
medium_ctx512_train_step_fp32,cpu_op,aten::mean,forward,,51,,620.524,,,,sum of CPU operation durations; nested operations may overlap
medium_ctx512_train_step_fp32,cpu_op,aten::mul,forward,,338,,2842.565,,,,sum of CPU operation durations; nested operations may overlap
medium_ctx512_train_step_fp32,cpu_op,aten::neg,forward,,1,,10.555,,,,sum of CPU operation durations; nested operations may overlap
medium_ctx512_train_step_fp32,cpu_op,aten::permute,forward,,1229,,2635.415,,,,sum of CPU operation durations; nested operations may overlap
medium_ctx512_train_step_fp32,cpu_op,aten::pow,forward,,49,,609.027,,,,sum of CPU operation durations; nested operations may overlap
medium_ctx512_train_step_fp32,cpu_op,aten::reshape,forward,,627,,2288.792,,,,sum of CPU operation durations; nested operations may overlap
medium_ctx512_train_step_fp32,cpu_op,aten::resize_,forward,,48,,111.987,,,,sum of CPU operation durations; nested operations may overlap
medium_ctx512_train_step_fp32,cpu_op,aten::result_type,forward,,49,,14.869,,,,sum of CPU operation durations; nested operations may overlap
medium_ctx512_train_step_fp32,cpu_op,aten::rsqrt,forward,,49,,442.815,,,,sum of CPU operation durations; nested operations may overlap
medium_ctx512_train_step_fp32,cpu_op,aten::scalar_tensor,forward,,24,,345.447,,,,sum of CPU operation durations; nested operations may overlap
medium_ctx512_train_step_fp32,cpu_op,aten::select,forward,,192,,343.619,,,,sum of CPU operation durations; nested operations may overlap
medium_ctx512_train_step_fp32,cpu_op,aten::sigmoid,forward,,24,,253.794,,,,sum of CPU operation durations; nested operations may overlap
medium_ctx512_train_step_fp32,cpu_op,aten::sub,forward,,74,,661.073,,,,sum of CPU operation durations; nested operations may overlap
medium_ctx512_train_step_fp32,cpu_op,aten::sum,forward,,25,,319.137,,,,sum of CPU operation durations; nested operations may overlap
medium_ctx512_train_step_fp32,cpu_op,aten::to,forward,,171,,40.745,,,,sum of CPU operation durations; nested operations may overlap
medium_ctx512_train_step_fp32,cpu_op,aten::unbind,forward,,96,,612.647,,,,sum of CPU operation durations; nested operations may overlap
medium_ctx512_train_step_fp32,cpu_op,aten::unsqueeze,forward,,628,,1395.036,,,,sum of CPU operation durations; nested operations may overlap
medium_ctx512_train_step_fp32,cpu_op,aten::view,forward,,772,,840.26,,,,sum of CPU operation durations; nested operations may overlap
medium_ctx512_train_step_fp32,cpu_op,aten::where,forward,,48,,1360.625,,,,sum of CPU operation durations; nested operations may overlap
medium_ctx512_train_step_fp32,cpu_op,AddBackward0,backward,,145,,51.516,,,,sum of CPU operation durations; nested operations may overlap
medium_ctx512_train_step_fp32,cpu_op,BmmBackward0,backward,,217,,10274.458,,,,sum of CPU operation durations; nested operations may overlap
medium_ctx512_train_step_fp32,cpu_op,CatBackward0,backward,,48,,497.421,,,,sum of CPU operation durations; nested operations may overlap
medium_ctx512_train_step_fp32,cpu_op,CloneBackward0,backward,,48,,9.053,,,,sum of CPU operation durations; nested operations may overlap
medium_ctx512_train_step_fp32,cpu_op,DivBackward0,backward,,48,,1212.273,,,,sum of CPU operation durations; nested operations may overlap
medium_ctx512_train_step_fp32,cpu_op,ExpBackward0,backward,,25,,204.426,,,,sum of CPU operation durations; nested operations may overlap
medium_ctx512_train_step_fp32,cpu_op,GatherBackward0,backward,,1,,47.646,,,,sum of CPU operation durations; nested operations may overlap
medium_ctx512_train_step_fp32,cpu_op,IndexBackward0,backward,,1,,100.25,,,,sum of CPU operation durations; nested operations may overlap
medium_ctx512_train_step_fp32,cpu_op,LogBackward0,backward,,1,,10.066,,,,sum of CPU operation durations; nested operations may overlap
medium_ctx512_train_step_fp32,cpu_op,MaxBackward0,backward,,25,,773.733,,,,sum of CPU operation durations; nested operations may overlap
medium_ctx512_train_step_fp32,cpu_op,MeanBackward0,backward,,1,,97.124,,,,sum of CPU operation durations; nested operations may overlap
medium_ctx512_train_step_fp32,cpu_op,MeanBackward1,backward,,49,,690.413,,,,sum of CPU operation durations; nested operations may overlap
medium_ctx512_train_step_fp32,cpu_op,MulBackward0,backward,,338,,4252.685,,,,sum of CPU operation durations; nested operations may overlap
medium_ctx512_train_step_fp32,cpu_op,NegBackward0,backward,,1,,11.075,,,,sum of CPU operation durations; nested operations may overlap
medium_ctx512_train_step_fp32,cpu_op,PermuteBackward0,backward,,1229,,3186.724,,,,sum of CPU operation durations; nested operations may overlap
medium_ctx512_train_step_fp32,cpu_op,PowBackward0,backward,,49,,1536.164,,,,sum of CPU operation durations; nested operations may overlap
medium_ctx512_train_step_fp32,cpu_op,ReshapeAliasBackward0,backward,,241,,1219.103,,,,sum of CPU operation durations; nested operations may overlap
medium_ctx512_train_step_fp32,cpu_op,RsqrtBackward0,backward,,49,,1483.296,,,,sum of CPU operation durations; nested operations may overlap
medium_ctx512_train_step_fp32,cpu_op,SigmoidBackward0,backward,,24,,234.383,,,,sum of CPU operation durations; nested operations may overlap
medium_ctx512_train_step_fp32,cpu_op,SubBackward0,backward,,74,,543.855,,,,sum of CPU operation durations; nested operations may overlap
medium_ctx512_train_step_fp32,cpu_op,SumBackward1,backward,,25,,91.021,,,,sum of CPU operation durations; nested operations may overlap
medium_ctx512_train_step_fp32,cpu_op,UnbindBackward0,backward,,48,,657.573,,,,sum of CPU operation durations; nested operations may overlap
medium_ctx512_train_step_fp32,cpu_op,UnsafeViewBackward0,backward,,48,,100.982,,,,sum of CPU operation durations; nested operations may overlap
medium_ctx512_train_step_fp32,cpu_op,UnsqueezeBackward0,backward,,603,,1328.2549999999999,,,,sum of CPU operation durations; nested operations may overlap
medium_ctx512_train_step_fp32,cpu_op,ViewBackward0,backward,,723,,2807.8849999999998,,,,sum of CPU operation durations; nested operations may overlap
medium_ctx512_train_step_fp32,cpu_op,WhereBackward0,backward,,24,,730.843,,,,sum of CPU operation durations; nested operations may overlap
medium_ctx512_train_step_fp32,cpu_op,aten::_index_put_impl_,backward,,1,,81.918,,,,sum of CPU operation durations; nested operations may overlap
medium_ctx512_train_step_fp32,cpu_op,aten::_reshape_alias,backward,,24,,38.208,,,,sum of CPU operation durations; nested operations may overlap
medium_ctx512_train_step_fp32,cpu_op,aten::_unsafe_view,backward,,144,,96.049,,,,sum of CPU operation durations; nested operations may overlap
medium_ctx512_train_step_fp32,cpu_op,aten::add,backward,,48,,360.475,,,,sum of CPU operation durations; nested operations may overlap
medium_ctx512_train_step_fp32,cpu_op,aten::add_,backward,,291,,1437.17,,,,sum of CPU operation durations; nested operations may overlap
medium_ctx512_train_step_fp32,cpu_op,aten::arange,backward,,2,,22.785,,,,sum of CPU operation durations; nested operations may overlap
medium_ctx512_train_step_fp32,cpu_op,aten::as_strided,backward,,2490,,969.001,,,,sum of CPU operation durations; nested operations may overlap
medium_ctx512_train_step_fp32,cpu_op,aten::bmm,backward,,434,,8646.672,,,,sum of CPU operation durations; nested operations may overlap
medium_ctx512_train_step_fp32,cpu_op,aten::cat,backward,,48,,426.127,,,,sum of CPU operation durations; nested operations may overlap
medium_ctx512_train_step_fp32,cpu_op,aten::clone,backward,,144,,1489.292,,,,sum of CPU operation durations; nested operations may overlap
medium_ctx512_train_step_fp32,cpu_op,aten::copy_,backward,,362,,2548.063,,,,sum of CPU operation durations; nested operations may overlap
medium_ctx512_train_step_fp32,cpu_op,aten::detach,backward,,50,,85.751,,,,sum of CPU operation durations; nested operations may overlap
medium_ctx512_train_step_fp32,cpu_op,aten::div,backward,,197,,1659.295,,,,sum of CPU operation durations; nested operations may overlap
medium_ctx512_train_step_fp32,cpu_op,aten::div_,backward,,2,,16.79,,,,sum of CPU operation durations; nested operations may overlap
medium_ctx512_train_step_fp32,cpu_op,aten::divide_,backward,,1,,10.459,,,,sum of CPU operation durations; nested operations may overlap
medium_ctx512_train_step_fp32,cpu_op,aten::empty,backward,,222,,464.037,,,,sum of CPU operation durations; nested operations may overlap
medium_ctx512_train_step_fp32,cpu_op,aten::empty_like,backward,,147,,465.599,,,,sum of CPU operation durations; nested operations may overlap
medium_ctx512_train_step_fp32,cpu_op,aten::empty_strided,backward,,170,,395.61,,,,sum of CPU operation durations; nested operations may overlap
medium_ctx512_train_step_fp32,cpu_op,aten::expand,backward,,76,,191.117,,,,sum of CPU operation durations; nested operations may overlap
medium_ctx512_train_step_fp32,cpu_op,aten::fill_,backward,,52,,294.673,,,,sum of CPU operation durations; nested operations may overlap
medium_ctx512_train_step_fp32,cpu_op,aten::gather_backward,backward,,1,,44.098,,,,sum of CPU operation durations; nested operations may overlap
medium_ctx512_train_step_fp32,cpu_op,aten::mul,backward,,829,,6003.165,,,,sum of CPU operation durations; nested operations may overlap
medium_ctx512_train_step_fp32,cpu_op,aten::narrow,backward,,96,,422.259,,,,sum of CPU operation durations; nested operations may overlap
medium_ctx512_train_step_fp32,cpu_op,aten::neg,backward,,99,,669.622,,,,sum of CPU operation durations; nested operations may overlap
medium_ctx512_train_step_fp32,cpu_op,aten::new_empty,backward,,2,,13.671,,,,sum of CPU operation durations; nested operations may overlap
medium_ctx512_train_step_fp32,cpu_op,aten::new_empty_strided,backward,,169,,696.099,,,,sum of CPU operation durations; nested operations may overlap
medium_ctx512_train_step_fp32,cpu_op,aten::new_zeros,backward,,2,,37.438,,,,sum of CPU operation durations; nested operations may overlap
medium_ctx512_train_step_fp32,cpu_op,aten::ones_like,backward,,1,,17.286,,,,sum of CPU operation durations; nested operations may overlap
medium_ctx512_train_step_fp32,cpu_op,aten::permute,backward,,1229,,2291.467,,,,sum of CPU operation durations; nested operations may overlap
medium_ctx512_train_step_fp32,cpu_op,aten::pow,backward,,98,,1287.466,,,,sum of CPU operation durations; nested operations may overlap
medium_ctx512_train_step_fp32,cpu_op,aten::remainder,backward,,2,,19.156,,,,sum of CPU operation durations; nested operations may overlap
medium_ctx512_train_step_fp32,cpu_op,aten::reshape,backward,,1013,,3169.904,,,,sum of CPU operation durations; nested operations may overlap
medium_ctx512_train_step_fp32,cpu_op,aten::resize_,backward,,25,,57.572,,,,sum of CPU operation durations; nested operations may overlap
medium_ctx512_train_step_fp32,cpu_op,aten::result_type,backward,,98,,17.898,,,,sum of CPU operation durations; nested operations may overlap
medium_ctx512_train_step_fp32,cpu_op,aten::scalar_tensor,backward,,24,,235.494,,,,sum of CPU operation durations; nested operations may overlap
medium_ctx512_train_step_fp32,cpu_op,aten::scatter_,backward,,25,,323.726,,,,sum of CPU operation durations; nested operations may overlap
medium_ctx512_train_step_fp32,cpu_op,aten::scatter_add_,backward,,1,,16.798,,,,sum of CPU operation durations; nested operations may overlap
medium_ctx512_train_step_fp32,cpu_op,aten::sigmoid_backward,backward,,24,,187.539,,,,sum of CPU operation durations; nested operations may overlap
medium_ctx512_train_step_fp32,cpu_op,aten::slice,backward,,96,,289.615,,,,sum of CPU operation durations; nested operations may overlap
medium_ctx512_train_step_fp32,cpu_op,aten::squeeze,backward,,603,,949.635,,,,sum of CPU operation durations; nested operations may overlap
medium_ctx512_train_step_fp32,cpu_op,aten::stack,backward,,48,,584.373,,,,sum of CPU operation durations; nested operations may overlap
medium_ctx512_train_step_fp32,cpu_op,aten::sum,backward,,148,,1537.172,,,,sum of CPU operation durations; nested operations may overlap
medium_ctx512_train_step_fp32,cpu_op,aten::to,backward,,123,,16.951,,,,sum of CPU operation durations; nested operations may overlap
medium_ctx512_train_step_fp32,cpu_op,aten::transpose,backward,,434,,848.166,,,,sum of CPU operation durations; nested operations may overlap
medium_ctx512_train_step_fp32,cpu_op,aten::value_selecting_reduction_backward,backward,,25,,722.761,,,,sum of CPU operation durations; nested operations may overlap
medium_ctx512_train_step_fp32,cpu_op,aten::view,backward,,942,,631.893,,,,sum of CPU operation durations; nested operations may overlap
medium_ctx512_train_step_fp32,cpu_op,aten::where,backward,,48,,1068.287,,,,sum of CPU operation durations; nested operations may overlap
medium_ctx512_train_step_fp32,cpu_op,aten::zero_,backward,,27,,225.545,,,,sum of CPU operation durations; nested operations may overlap
medium_ctx512_train_step_fp32,cpu_op,aten::zeros,backward,,25,,325.272,,,,sum of CPU operation durations; nested operations may overlap
medium_ctx512_train_step_fp32,cpu_op,autograd::engine::evaluate_function: AddBackward0,backward,,145,,404.787,,,,sum of CPU operation durations; nested operations may overlap
medium_ctx512_train_step_fp32,cpu_op,autograd::engine::evaluate_function: BmmBackward0,backward,,217,,11183.286,,,,sum of CPU operation durations; nested operations may overlap
medium_ctx512_train_step_fp32,cpu_op,autograd::engine::evaluate_function: CatBackward0,backward,,48,,699.315,,,,sum of CPU operation durations; nested operations may overlap
medium_ctx512_train_step_fp32,cpu_op,autograd::engine::evaluate_function: CloneBackward0,backward,,48,,100.713,,,,sum of CPU operation durations; nested operations may overlap
medium_ctx512_train_step_fp32,cpu_op,autograd::engine::evaluate_function: DivBackward0,backward,,48,,1628.514,,,,sum of CPU operation durations; nested operations may overlap
medium_ctx512_train_step_fp32,cpu_op,autograd::engine::evaluate_function: ExpBackward0,backward,,25,,292.418,,,,sum of CPU operation durations; nested operations may overlap
medium_ctx512_train_step_fp32,cpu_op,autograd::engine::evaluate_function: GatherBackward0,backward,,1,,58.522,,,,sum of CPU operation durations; nested operations may overlap
medium_ctx512_train_step_fp32,cpu_op,autograd::engine::evaluate_function: IndexBackward0,backward,,1,,103.683,,,,sum of CPU operation durations; nested operations may overlap
medium_ctx512_train_step_fp32,cpu_op,autograd::engine::evaluate_function: LogBackward0,backward,,1,,13.75,,,,sum of CPU operation durations; nested operations may overlap
medium_ctx512_train_step_fp32,cpu_op,autograd::engine::evaluate_function: MaxBackward0,backward,,25,,1031.462,,,,sum of CPU operation durations; nested operations may overlap
medium_ctx512_train_step_fp32,cpu_op,autograd::engine::evaluate_function: MeanBackward0,backward,,1,,107.802,,,,sum of CPU operation durations; nested operations may overlap
medium_ctx512_train_step_fp32,cpu_op,autograd::engine::evaluate_function: MeanBackward1,backward,,49,,818.156,,,,sum of CPU operation durations; nested operations may overlap
medium_ctx512_train_step_fp32,cpu_op,autograd::engine::evaluate_function: MulBackward0,backward,,338,,7653.037,,,,sum of CPU operation durations; nested operations may overlap
medium_ctx512_train_step_fp32,cpu_op,autograd::engine::evaluate_function: NegBackward0,backward,,1,,14.047,,,,sum of CPU operation durations; nested operations may overlap
medium_ctx512_train_step_fp32,cpu_op,autograd::engine::evaluate_function: PermuteBackward0,backward,,1229,,5903.591,,,,sum of CPU operation durations; nested operations may overlap
medium_ctx512_train_step_fp32,cpu_op,autograd::engine::evaluate_function: PowBackward0,backward,,49,,2016.422,,,,sum of CPU operation durations; nested operations may overlap
medium_ctx512_train_step_fp32,cpu_op,autograd::engine::evaluate_function: ReshapeAliasBackward0,backward,,241,,1817.319,,,,sum of CPU operation durations; nested operations may overlap
medium_ctx512_train_step_fp32,cpu_op,autograd::engine::evaluate_function: RsqrtBackward0,backward,,49,,1621.475,,,,sum of CPU operation durations; nested operations may overlap
medium_ctx512_train_step_fp32,cpu_op,autograd::engine::evaluate_function: SigmoidBackward0,backward,,24,,467.303,,,,sum of CPU operation durations; nested operations may overlap
medium_ctx512_train_step_fp32,cpu_op,autograd::engine::evaluate_function: SubBackward0,backward,,74,,964.997,,,,sum of CPU operation durations; nested operations may overlap
medium_ctx512_train_step_fp32,cpu_op,autograd::engine::evaluate_function: SumBackward1,backward,,25,,356.918,,,,sum of CPU operation durations; nested operations may overlap
medium_ctx512_train_step_fp32,cpu_op,autograd::engine::evaluate_function: UnbindBackward0,backward,,48,,787.117,,,,sum of CPU operation durations; nested operations may overlap
medium_ctx512_train_step_fp32,cpu_op,autograd::engine::evaluate_function: UnsafeViewBackward0,backward,,48,,204.492,,,,sum of CPU operation durations; nested operations may overlap
medium_ctx512_train_step_fp32,cpu_op,autograd::engine::evaluate_function: UnsqueezeBackward0,backward,,603,,3316.58,,,,sum of CPU operation durations; nested operations may overlap
medium_ctx512_train_step_fp32,cpu_op,autograd::engine::evaluate_function: ViewBackward0,backward,,723,,4350.291,,,,sum of CPU operation durations; nested operations may overlap
medium_ctx512_train_step_fp32,cpu_op,autograd::engine::evaluate_function: WhereBackward0,backward,,24,,826.265,,,,sum of CPU operation durations; nested operations may overlap
medium_ctx512_train_step_fp32,cpu_op,autograd::engine::evaluate_function: torch::autograd::AccumulateGrad,backward,,219,,2948.291,,,,sum of CPU operation durations; nested operations may overlap
medium_ctx512_train_step_fp32,cpu_op,detach,backward,,50,,54.056,,,,sum of CPU operation durations; nested operations may overlap
medium_ctx512_train_step_fp32,cpu_op,torch::autograd::AccumulateGrad,backward,,219,,2523.806,,,,sum of CPU operation durations; nested operations may overlap
medium_ctx512_train_step_fp32,cpu_op,aten::_has_compatible_shallow_copy_type,optimizer,,438,,41.989,,,,sum of CPU operation durations; nested operations may overlap
medium_ctx512_train_step_fp32,cpu_op,aten::_local_scalar_dense,optimizer,,1,,22.629,,,,sum of CPU operation durations; nested operations may overlap
medium_ctx512_train_step_fp32,cpu_op,aten::_to_copy,optimizer,,1,,52.447,,,,sum of CPU operation durations; nested operations may overlap
medium_ctx512_train_step_fp32,cpu_op,aten::add,optimizer,,658,,3791.995,,,,sum of CPU operation durations; nested operations may overlap
medium_ctx512_train_step_fp32,cpu_op,aten::add_,optimizer,,219,,1028.441,,,,sum of CPU operation durations; nested operations may overlap
medium_ctx512_train_step_fp32,cpu_op,aten::as_strided,optimizer,,219,,57.258,,,,sum of CPU operation durations; nested operations may overlap
medium_ctx512_train_step_fp32,cpu_op,aten::copy_,optimizer,,1,,33.977,,,,sum of CPU operation durations; nested operations may overlap
medium_ctx512_train_step_fp32,cpu_op,aten::detach_,optimizer,,1,,1.781,,,,sum of CPU operation durations; nested operations may overlap
medium_ctx512_train_step_fp32,cpu_op,aten::div,optimizer,,219,,1241.246,,,,sum of CPU operation durations; nested operations may overlap
medium_ctx512_train_step_fp32,cpu_op,aten::empty,optimizer,,1,,6.162,,,,sum of CPU operation durations; nested operations may overlap
medium_ctx512_train_step_fp32,cpu_op,aten::empty_like,optimizer,,438,,1185.303,,,,sum of CPU operation durations; nested operations may overlap
medium_ctx512_train_step_fp32,cpu_op,aten::empty_strided,optimizer,,439,,852.627,,,,sum of CPU operation durations; nested operations may overlap
medium_ctx512_train_step_fp32,cpu_op,aten::fill_,optimizer,,438,,1803.881,,,,sum of CPU operation durations; nested operations may overlap
medium_ctx512_train_step_fp32,cpu_op,aten::is_nonzero,optimizer,,1,,25.882,,,,sum of CPU operation durations; nested operations may overlap
medium_ctx512_train_step_fp32,cpu_op,aten::item,optimizer,,1,,24.33,,,,sum of CPU operation durations; nested operations may overlap
medium_ctx512_train_step_fp32,cpu_op,aten::lift_fresh,optimizer,,1,,0.284,,,,sum of CPU operation durations; nested operations may overlap
medium_ctx512_train_step_fp32,cpu_op,aten::lt,optimizer,,1,,10.909,,,,sum of CPU operation durations; nested operations may overlap
medium_ctx512_train_step_fp32,cpu_op,aten::mul,optimizer,,1315,,7785.248,,,,sum of CPU operation durations; nested operations may overlap
medium_ctx512_train_step_fp32,cpu_op,aten::mul_,optimizer,,219,,995.529,,,,sum of CPU operation durations; nested operations may overlap
medium_ctx512_train_step_fp32,cpu_op,aten::pow,optimizer,,438,,2954.741,,,,sum of CPU operation durations; nested operations may overlap
medium_ctx512_train_step_fp32,cpu_op,aten::reciprocal,optimizer,,1,,9.228,,,,sum of CPU operation durations; nested operations may overlap
medium_ctx512_train_step_fp32,cpu_op,aten::result_type,optimizer,,438,,27.795,,,,sum of CPU operation durations; nested operations may overlap
medium_ctx512_train_step_fp32,cpu_op,aten::sqrt,optimizer,,220,,1200.903,,,,sum of CPU operation durations; nested operations may overlap
medium_ctx512_train_step_fp32,cpu_op,aten::square,optimizer,,219,,1617.569,,,,sum of CPU operation durations; nested operations may overlap
medium_ctx512_train_step_fp32,cpu_op,aten::sub_,optimizer,,438,,2018.136,,,,sum of CPU operation durations; nested operations may overlap
medium_ctx512_train_step_fp32,cpu_op,aten::sum,optimizer,,438,,4809.668,,,,sum of CPU operation durations; nested operations may overlap
medium_ctx512_train_step_fp32,cpu_op,aten::to,optimizer,,439,,79.419,,,,sum of CPU operation durations; nested operations may overlap
medium_ctx512_train_step_fp32,cpu_op,aten::zero_,optimizer,,438,,2264.348,,,,sum of CPU operation durations; nested operations may overlap
medium_ctx512_train_step_fp32,cpu_op,aten::zeros_like,optimizer,,438,,3942.227,,,,sum of CPU operation durations; nested operations may overlap
medium_ctx512_train_step_fp32,cpu_op,detach_,optimizer,,1,,0.848,,,,sum of CPU operation durations; nested operations may overlap
medium_ctx512_train_step_fp32,cuda_activity,Memset (Device),forward,gpu_memset,73,,,57.544,0,,sum of physical GPU activity durations; not GPU wall-clock time
medium_ctx512_train_step_fp32,cuda_activity,sm90_xmma_gemm_f32f32_tf32f32_f32_tn_n_tilesize128x128x32_warpgroupsize1x1x1_execute_segment_k_off_kernel__5x_cublas,forward,kernel,169,,,5288.49,169,,sum of physical GPU activity durations; not GPU wall-clock time
medium_ctx512_train_step_fp32,cuda_activity,sm90_xmma_gemm_f32f32_tf32f32_f32_tn_n_tilesize64x128x32_warpgroupsize1x1x1_execute_segment_k_off_kernel__5x_cublas,forward,kernel,24,,,673.438,24,,sum of physical GPU activity durations; not GPU wall-clock time
medium_ctx512_train_step_fp32,cuda_activity,"void (anonymous namespace)::elementwise_kernel_with_index<int, at::native::arange_cuda_out(c10::Scalar const&, c10::Scalar const&, c10::Scalar const&, at::Tensor&)::{lambda()#1}::operator()() const::{lambda()#4}::operator()() const::{lambda(long)#1}>(int, at::native::arange_cuda_out(c10::Scalar const&, c10::Scalar const&, c10::Scalar const&, at::Tensor&)::{lambda()#1}::operator()() const::{lambda()#4}::operator()() const::{lambda(long)#1}, function_traits<at::native::arange_cuda_out(c10::Scalar const&, c10::Scalar const&, c10::Scalar const&, at::Tensor&)::{lambda()#1}::operator()() const::{lambda()#4}::operator()() const::{lambda(long)#1}>::result_type*)",forward,kernel,24,,,27.008,24,,sum of physical GPU activity durations; not GPU wall-clock time
medium_ctx512_train_step_fp32,cuda_activity,"void at::native::(anonymous namespace)::CatArrayBatchedCopy<at::native::(anonymous namespace)::OpaqueType<4u>, unsigned int, 4, 64, 64>(at::native::(anonymous namespace)::OpaqueType<4u>*, at::native::(anonymous namespace)::CatArrInputTensorMetadata<at::native::(anonymous namespace)::OpaqueType<4u>, unsigned int, 64, 64>, at::native::(anonymous namespace)::TensorSizeStride<unsigned int, 4u>, int, unsigned int)",forward,kernel,48,,,565.86,48,,sum of physical GPU activity durations; not GPU wall-clock time
medium_ctx512_train_step_fp32,cuda_activity,"void at::native::_scatter_gather_elementwise_kernel<128, 8, at::native::_cuda_scatter_gather_internal_kernel<false, at::native::OpaqueType<4>, long>::operator()<at::native::TensorAssign>(at::TensorIterator&, long, long, long, at::native::TensorAssign const&)::{lambda(int)#1}>(int, at::native::_cuda_scatter_gather_internal_kernel<false, at::native::OpaqueType<4>, long>::operator()<at::native::TensorAssign>(at::TensorIterator&, long, long, long, at::native::TensorAssign const&)::{lambda(int)#1})",forward,kernel,1,,,10.976,1,,sum of physical GPU activity durations; not GPU wall-clock time
medium_ctx512_train_step_fp32,cuda_activity,"void at::native::elementwise_kernel<128, 2, at::native::gpu_kernel_impl_nocast<at::native::(anonymous namespace)::where_kernel_impl(at::TensorIterator&)::{lambda()#1}::operator()() const::{lambda()#11}::operator()() const::{lambda(bool, float, float)#1}>(at::TensorIteratorBase&, at::native::(anonymous namespace)::where_kernel_impl(at::TensorIterator&)::{lambda()#1}::operator()() const::{lambda()#11}::operator()() const::{lambda(bool, float, float)#1} const&)::{lambda(int)#1}>(int, at::native::gpu_kernel_impl_nocast<at::native::(anonymous namespace)::where_kernel_impl(at::TensorIterator&)::{lambda()#1}::operator()() const::{lambda()#11}::operator()() const::{lambda(bool, float, float)#1}>(at::TensorIteratorBase&, at::native::(anonymous namespace)::where_kernel_impl(at::TensorIterator&)::{lambda()#1}::operator()() const::{lambda()#11}::operator()() const::{lambda(bool, float, float)#1} const&)::{lambda(int)#1})",forward,kernel,24,,,1187.458,24,,sum of physical GPU activity durations; not GPU wall-clock time
medium_ctx512_train_step_fp32,cuda_activity,"void at::native::elementwise_kernel<128, 2, at::native::gpu_kernel_impl_nocast<at::native::BinaryFunctor<float, float, float, at::native::binary_internal::DivFunctor<float> > >(at::TensorIteratorBase&, at::native::BinaryFunctor<float, float, float, at::native::binary_internal::DivFunctor<float> > const&)::{lambda(int)#1}>(int, at::native::gpu_kernel_impl_nocast<at::native::BinaryFunctor<float, float, float, at::native::binary_internal::DivFunctor<float> > >(at::TensorIteratorBase&, at::native::BinaryFunctor<float, float, float, at::native::binary_internal::DivFunctor<float> > const&)::{lambda(int)#1})",forward,kernel,24,,,1449.092,24,,sum of physical GPU activity durations; not GPU wall-clock time
medium_ctx512_train_step_fp32,cuda_activity,"void at::native::elementwise_kernel<128, 2, at::native::gpu_kernel_impl_nocast<at::native::BinaryFunctor<float, float, float, at::native::binary_internal::MulFunctor<float> > >(at::TensorIteratorBase&, at::native::BinaryFunctor<float, float, float, at::native::binary_internal::MulFunctor<float> > const&)::{lambda(int)#1}>(int, at::native::gpu_kernel_impl_nocast<at::native::BinaryFunctor<float, float, float, at::native::binary_internal::MulFunctor<float> > >(at::TensorIteratorBase&, at::native::BinaryFunctor<float, float, float, at::native::binary_internal::MulFunctor<float> > const&)::{lambda(int)#1})",forward,kernel,290,,,1800.5520000000001,290,,sum of physical GPU activity durations; not GPU wall-clock time
medium_ctx512_train_step_fp32,cuda_activity,"void at::native::elementwise_kernel<128, 2, at::native::gpu_kernel_impl_nocast<at::native::CUDAFunctor_add<float> >(at::TensorIteratorBase&, at::native::CUDAFunctor_add<float> const&)::{lambda(int)#1}>(int, at::native::gpu_kernel_impl_nocast<at::native::CUDAFunctor_add<float> >(at::TensorIteratorBase&, at::native::CUDAFunctor_add<float> const&)::{lambda(int)#1})",forward,kernel,26,,,1353.406,26,,sum of physical GPU activity durations; not GPU wall-clock time
medium_ctx512_train_step_fp32,cuda_activity,"void at::native::elementwise_kernel<128, 2, at::native::gpu_kernel_impl_nocast<at::native::direct_copy_kernel_cuda(at::TensorIteratorBase&)::{lambda()#3}::operator()() const::{lambda()#7}::operator()() const::{lambda(float)#1}>(at::TensorIteratorBase&, at::native::direct_copy_kernel_cuda(at::TensorIteratorBase&)::{lambda()#3}::operator()() const::{lambda()#7}::operator()() const::{lambda(float)#1} const&)::{lambda(int)#1}>(int, at::native::gpu_kernel_impl_nocast<at::native::direct_copy_kernel_cuda(at::TensorIteratorBase&)::{lambda()#3}::operator()() const::{lambda()#7}::operator()() const::{lambda(float)#1}>(at::TensorIteratorBase&, at::native::direct_copy_kernel_cuda(at::TensorIteratorBase&)::{lambda()#3}::operator()() const::{lambda()#7}::operator()() const::{lambda(float)#1} const&)::{lambda(int)#1})",forward,kernel,48,,,429.85699999999997,48,,sum of physical GPU activity durations; not GPU wall-clock time
medium_ctx512_train_step_fp32,cuda_activity,"void at::native::elementwise_kernel<128, 4, at::native::gpu_kernel_impl_nocast<at::native::(anonymous namespace)::CompareFunctor<long> >(at::TensorIteratorBase&, at::native::(anonymous namespace)::CompareFunctor<long> const&)::{lambda(int)#1}>(int, at::native::gpu_kernel_impl_nocast<at::native::(anonymous namespace)::CompareFunctor<long> >(at::TensorIteratorBase&, at::native::(anonymous namespace)::CompareFunctor<long> const&)::{lambda(int)#1})",forward,kernel,24,,,83.905,24,,sum of physical GPU activity durations; not GPU wall-clock time
medium_ctx512_train_step_fp32,cuda_activity,"void at::native::reduce_kernel<512, 1, at::native::ReduceOp<float, at::native::MaxOps<float>, unsigned int, float, 4, 4> >(at::native::ReduceOp<float, at::native::MaxOps<float>, unsigned int, float, 4, 4>)",forward,kernel,25,,,904.609,25,,sum of physical GPU activity durations; not GPU wall-clock time
medium_ctx512_train_step_fp32,cuda_activity,"void at::native::reduce_kernel<512, 1, at::native::ReduceOp<float, at::native::MeanOps<float, float, float, float>, unsigned int, float, 4, 4> >(at::native::ReduceOp<float, at::native::MeanOps<float, float, float, float>, unsigned int, float, 4, 4>)",forward,kernel,50,,,267.90500000000003,50,,sum of physical GPU activity durations; not GPU wall-clock time
medium_ctx512_train_step_fp32,cuda_activity,"void at::native::reduce_kernel<512, 1, at::native::ReduceOp<float, at::native::func_wrapper_t<float, at::native::sum_functor<float, float, float>::operator()(at::TensorIterator&)::{lambda(float, float)#1}>, unsigned int, float, 4, 4> >(at::native::ReduceOp<float, at::native::func_wrapper_t<float, at::native::sum_functor<float, float, float>::operator()(at::TensorIterator&)::{lambda(float, float)#1}>, unsigned int, float, 4, 4>)",forward,kernel,25,,,702.594,25,,sum of physical GPU activity durations; not GPU wall-clock time
medium_ctx512_train_step_fp32,cuda_activity,"void at::native::vectorized_elementwise_kernel<4, at::native::(anonymous namespace)::pow_tensor_scalar_kernel_impl<float, float>(at::TensorIteratorBase&, float)::{lambda(float)#1}, std::array<char*, 2ul> >(int, at::native::(anonymous namespace)::pow_tensor_scalar_kernel_impl<float, float>(at::TensorIteratorBase&, float)::{lambda(float)#1}, std::array<char*, 2ul>)",forward,kernel,49,,,179.844,49,,sum of physical GPU activity durations; not GPU wall-clock time
medium_ctx512_train_step_fp32,cuda_activity,"void at::native::vectorized_elementwise_kernel<4, at::native::BUnaryFunctor<float, float, float, at::native::binary_internal::MulFunctor<float> >, std::array<char*, 2ul> >(int, at::native::BUnaryFunctor<float, float, float, at::native::binary_internal::MulFunctor<float> >, std::array<char*, 2ul>)",forward,kernel,24,,,813.951,24,,sum of physical GPU activity durations; not GPU wall-clock time
medium_ctx512_train_step_fp32,cuda_activity,"void at::native::vectorized_elementwise_kernel<4, at::native::BinaryFunctor<float, float, float, at::native::binary_internal::MulFunctor<float> >, std::array<char*, 3ul> >(int, at::native::BinaryFunctor<float, float, float, at::native::binary_internal::MulFunctor<float> >, std::array<char*, 3ul>)",forward,kernel,48,,,1181.695,48,,sum of physical GPU activity durations; not GPU wall-clock time
medium_ctx512_train_step_fp32,cuda_activity,"void at::native::vectorized_elementwise_kernel<4, at::native::CUDAFunctorOnSelf_add<float>, std::array<char*, 2ul> >(int, at::native::CUDAFunctorOnSelf_add<float>, std::array<char*, 2ul>)",forward,kernel,49,,,68.671,49,,sum of physical GPU activity durations; not GPU wall-clock time
medium_ctx512_train_step_fp32,cuda_activity,"void at::native::vectorized_elementwise_kernel<4, at::native::CUDAFunctor_add<float>, std::array<char*, 3ul> >(int, at::native::CUDAFunctor_add<float>, std::array<char*, 3ul>)",forward,kernel,144,,,619.206,144,,sum of physical GPU activity durations; not GPU wall-clock time
medium_ctx512_train_step_fp32,cuda_activity,"void at::native::vectorized_elementwise_kernel<4, at::native::FillFunctor<float>, std::array<char*, 1ul> >(int, at::native::FillFunctor<float>, std::array<char*, 1ul>)",forward,kernel,24,,,30.079,24,,sum of physical GPU activity durations; not GPU wall-clock time
medium_ctx512_train_step_fp32,cuda_activity,"void at::native::vectorized_elementwise_kernel<4, at::native::exp_kernel_cuda(at::TensorIteratorBase&)::{lambda()#2}::operator()() const::{lambda()#2}::operator()() const::{lambda(float)#1}, std::array<char*, 2ul> >(int, at::native::exp_kernel_cuda(at::TensorIteratorBase&)::{lambda()#2}::operator()() const::{lambda()#2}::operator()() const::{lambda(float)#1}, std::array<char*, 2ul>)",forward,kernel,25,,,817.793,25,,sum of physical GPU activity durations; not GPU wall-clock time
medium_ctx512_train_step_fp32,cuda_activity,"void at::native::vectorized_elementwise_kernel<4, at::native::log_kernel_cuda(at::TensorIteratorBase&)::{lambda()#2}::operator()() const::{lambda()#2}::operator()() const::{lambda(float)#1}, std::array<char*, 2ul> >(int, at::native::log_kernel_cuda(at::TensorIteratorBase&)::{lambda()#2}::operator()() const::{lambda()#2}::operator()() const::{lambda(float)#1}, std::array<char*, 2ul>)",forward,kernel,1,,,2.08,1,,sum of physical GPU activity durations; not GPU wall-clock time
medium_ctx512_train_step_fp32,cuda_activity,"void at::native::vectorized_elementwise_kernel<4, at::native::neg_kernel_cuda(at::TensorIteratorBase&)::{lambda()#2}::operator()() const::{lambda()#7}::operator()() const::{lambda(float)#1}, std::array<char*, 2ul> >(int, at::native::neg_kernel_cuda(at::TensorIteratorBase&)::{lambda()#2}::operator()() const::{lambda()#7}::operator()() const::{lambda(float)#1}, std::array<char*, 2ul>)",forward,kernel,1,,,40.064,1,,sum of physical GPU activity durations; not GPU wall-clock time
medium_ctx512_train_step_fp32,cuda_activity,"void at::native::vectorized_elementwise_kernel<4, at::native::rsqrt_kernel_cuda(at::TensorIteratorBase&)::{lambda()#2}::operator()() const::{lambda()#2}::operator()() const::{lambda(float)#1}, std::array<char*, 2ul> >(int, at::native::rsqrt_kernel_cuda(at::TensorIteratorBase&)::{lambda()#2}::operator()() const::{lambda()#2}::operator()() const::{lambda(float)#1}, std::array<char*, 2ul>)",forward,kernel,49,,,71.392,49,,sum of physical GPU activity durations; not GPU wall-clock time
medium_ctx512_train_step_fp32,cuda_activity,"void at::native::vectorized_elementwise_kernel<4, at::native::sigmoid_kernel_cuda(at::TensorIteratorBase&)::{lambda()#2}::operator()() const::{lambda()#2}::operator()() const::{lambda(float)#1}, std::array<char*, 2ul> >(int, at::native::sigmoid_kernel_cuda(at::TensorIteratorBase&)::{lambda()#2}::operator()() const::{lambda()#2}::operator()() const::{lambda(float)#1}, std::array<char*, 2ul>)",forward,kernel,24,,,396.959,24,,sum of physical GPU activity durations; not GPU wall-clock time
medium_ctx512_train_step_fp32,cuda_activity,"void at::native::vectorized_gather_kernel<16, long>(char*, char*, long*, int, long, long, long, long, bool)",forward,kernel,1,,,6.688,1,,sum of physical GPU activity durations; not GPU wall-clock time
medium_ctx512_train_step_fp32,cuda_activity,void cutlass::Kernel2<cutlass_80_tensorop_s1688gemm_64x128_32x3_nn_align4>(cutlass_80_tensorop_s1688gemm_64x128_32x3_nn_align4::Params),forward,kernel,24,,,615.713,24,,sum of physical GPU activity durations; not GPU wall-clock time
medium_ctx512_train_step_fp32,cuda_activity,Memcpy DtoD (Device -> Device),backward,gpu_memcpy,49,,,257.662,0,,sum of physical GPU activity durations; not GPU wall-clock time
medium_ctx512_train_step_fp32,cuda_activity,Memset (Device),backward,gpu_memset,98,,,84.19500000000001,0,,sum of physical GPU activity durations; not GPU wall-clock time
medium_ctx512_train_step_fp32,cuda_activity,sm90_xmma_gemm_f32f32_tf32f32_f32_nn_n_tilesize128x128x32_warpgroupsize1x1x1_execute_segment_k_off_kernel__5x_cublas,backward,kernel,169,,,5891.625,169,,sum of physical GPU activity durations; not GPU wall-clock time
medium_ctx512_train_step_fp32,cuda_activity,sm90_xmma_gemm_f32f32_tf32f32_f32_nt_n_tilesize128x128x32_warpgroupsize1x1x1_execute_segment_k_off_kernel__5x_cublas,backward,kernel,1,,,209.504,1,,sum of physical GPU activity durations; not GPU wall-clock time
medium_ctx512_train_step_fp32,cuda_activity,sm90_xmma_gemm_f32f32_tf32f32_f32_nt_n_tilesize128x256x32_warpgroupsize2x1x1_execute_segment_k_off_kernel__5x_cublas,backward,kernel,72,,,5476.615,72,,sum of physical GPU activity durations; not GPU wall-clock time
medium_ctx512_train_step_fp32,cuda_activity,sm90_xmma_gemm_f32f32_tf32f32_f32_tn_n_tilesize64x128x32_warpgroupsize1x1x1_execute_segment_k_off_kernel__5x_cublas,backward,kernel,24,,,674.273,24,,sum of physical GPU activity durations; not GPU wall-clock time
medium_ctx512_train_step_fp32,cuda_activity,"void (anonymous namespace)::elementwise_kernel_with_index<int, at::native::arange_cuda_out(c10::Scalar const&, c10::Scalar const&, c10::Scalar const&, at::Tensor&)::{lambda()#1}::operator()() const::{lambda()#4}::operator()() const::{lambda(long)#1}>(int, at::native::arange_cuda_out(c10::Scalar const&, c10::Scalar const&, c10::Scalar const&, at::Tensor&)::{lambda()#1}::operator()() const::{lambda()#4}::operator()() const::{lambda(long)#1}, function_traits<at::native::arange_cuda_out(c10::Scalar const&, c10::Scalar const&, c10::Scalar const&, at::Tensor&)::{lambda()#1}::operator()() const::{lambda()#4}::operator()() const::{lambda(long)#1}>::result_type*)",backward,kernel,1,,,1.152,1,,sum of physical GPU activity durations; not GPU wall-clock time
medium_ctx512_train_step_fp32,cuda_activity,"void (anonymous namespace)::indexing_backward_kernel<float, 4>(long const*, long const*, float const*, float*, long, long, long, long, bool)",backward,kernel,1,,,8.832,1,,sum of physical GPU activity durations; not GPU wall-clock time
medium_ctx512_train_step_fp32,cuda_activity,"void at::native::(anonymous namespace)::CatArrayBatchedCopy<at::native::(anonymous namespace)::OpaqueType<4u>, unsigned int, 4, 64, 64>(at::native::(anonymous namespace)::OpaqueType<4u>*, at::native::(anonymous namespace)::CatArrInputTensorMetadata<at::native::(anonymous namespace)::OpaqueType<4u>, unsigned int, 64, 64>, at::native::(anonymous namespace)::TensorSizeStride<unsigned int, 4u>, int, unsigned int)",backward,kernel,24,,,317.923,24,,sum of physical GPU activity durations; not GPU wall-clock time
medium_ctx512_train_step_fp32,cuda_activity,"void at::native::(anonymous namespace)::CatArrayBatchedCopy_vectorized<at::native::(anonymous namespace)::OpaqueType<4u>, unsigned int, 1, 128, 1, 16, 4>(char*, at::native::(anonymous namespace)::CatArrInputTensorMetadata<at::native::(anonymous namespace)::OpaqueType<4u>, unsigned int, 128, 1>, at::native::(anonymous namespace)::TensorSizeStride<unsigned int, 4u>, int, unsigned int)",backward,kernel,24,,,119.329,24,,sum of physical GPU activity durations; not GPU wall-clock time
medium_ctx512_train_step_fp32,cuda_activity,"void at::native::_scatter_gather_elementwise_kernel<128, 8, at::native::_cuda_scatter_gather_internal_kernel<true, at::native::OpaqueType<4>, long>::operator()<at::native::TensorAssign>(at::TensorIterator&, long, long, long, at::native::TensorAssign const&)::{lambda(int)#1}>(int, at::native::_cuda_scatter_gather_internal_kernel<true, at::native::OpaqueType<4>, long>::operator()<at::native::TensorAssign>(at::TensorIterator&, long, long, long, at::native::TensorAssign const&)::{lambda(int)#1})",backward,kernel,25,,,246.913,25,,sum of physical GPU activity durations; not GPU wall-clock time
medium_ctx512_train_step_fp32,cuda_activity,"void at::native::_scatter_gather_elementwise_kernel<128, 8, at::native::_cuda_scatter_gather_internal_kernel<true, float, long>::operator()<at::native::ReduceAdd>(at::TensorIterator&, long, long, long, at::native::ReduceAdd const&)::{lambda(int)#1}>(int, at::native::_cuda_scatter_gather_internal_kernel<true, float, long>::operator()<at::native::ReduceAdd>(at::TensorIterator&, long, long, long, at::native::ReduceAdd const&)::{lambda(int)#1})",backward,kernel,1,,,9.12,1,,sum of physical GPU activity durations; not GPU wall-clock time
medium_ctx512_train_step_fp32,cuda_activity,"void at::native::elementwise_kernel<128, 2, at::native::gpu_kernel_impl_nocast<at::native::(anonymous namespace)::where_kernel_impl(at::TensorIterator&)::{lambda()#1}::operator()() const::{lambda()#11}::operator()() const::{lambda(bool, float, float)#1}>(at::TensorIteratorBase&, at::native::(anonymous namespace)::where_kernel_impl(at::TensorIterator&)::{lambda()#1}::operator()() const::{lambda()#11}::operator()() const::{lambda(bool, float, float)#1} const&)::{lambda(int)#1}>(int, at::native::gpu_kernel_impl_nocast<at::native::(anonymous namespace)::where_kernel_impl(at::TensorIterator&)::{lambda()#1}::operator()() const::{lambda()#11}::operator()() const::{lambda(bool, float, float)#1}>(at::TensorIteratorBase&, at::native::(anonymous namespace)::where_kernel_impl(at::TensorIterator&)::{lambda()#1}::operator()() const::{lambda()#11}::operator()() const::{lambda(bool, float, float)#1} const&)::{lambda(int)#1})",backward,kernel,24,,,1187.84,24,,sum of physical GPU activity durations; not GPU wall-clock time
medium_ctx512_train_step_fp32,cuda_activity,"void at::native::elementwise_kernel<128, 2, at::native::gpu_kernel_impl_nocast<at::native::BUnaryFunctor<float, float, float, at::native::binary_internal::MulFunctor<float> > >(at::TensorIteratorBase&, at::native::BUnaryFunctor<float, float, float, at::native::binary_internal::MulFunctor<float> > const&)::{lambda(int)#1}>(int, at::native::gpu_kernel_impl_nocast<at::native::BUnaryFunctor<float, float, float, at::native::binary_internal::MulFunctor<float> > >(at::TensorIteratorBase&, at::native::BUnaryFunctor<float, float, float, at::native::binary_internal::MulFunctor<float> > const&)::{lambda(int)#1})",backward,kernel,50,,,348.895,50,,sum of physical GPU activity durations; not GPU wall-clock time
medium_ctx512_train_step_fp32,cuda_activity,"void at::native::elementwise_kernel<128, 2, at::native::gpu_kernel_impl_nocast<at::native::BinaryFunctor<float, float, float, at::native::binary_internal::DivFunctor<float> > >(at::TensorIteratorBase&, at::native::BinaryFunctor<float, float, float, at::native::binary_internal::DivFunctor<float> > const&)::{lambda(int)#1}>(int, at::native::gpu_kernel_impl_nocast<at::native::BinaryFunctor<float, float, float, at::native::binary_internal::DivFunctor<float> > >(at::TensorIteratorBase&, at::native::BinaryFunctor<float, float, float, at::native::binary_internal::DivFunctor<float> > const&)::{lambda(int)#1})",backward,kernel,72,,,4323.908,72,,sum of physical GPU activity durations; not GPU wall-clock time
medium_ctx512_train_step_fp32,cuda_activity,"void at::native::elementwise_kernel<128, 2, at::native::gpu_kernel_impl_nocast<at::native::BinaryFunctor<float, float, float, at::native::binary_internal::MulFunctor<float> > >(at::TensorIteratorBase&, at::native::BinaryFunctor<float, float, float, at::native::binary_internal::MulFunctor<float> > const&)::{lambda(int)#1}>(int, at::native::gpu_kernel_impl_nocast<at::native::BinaryFunctor<float, float, float, at::native::binary_internal::MulFunctor<float> > >(at::TensorIteratorBase&, at::native::BinaryFunctor<float, float, float, at::native::binary_internal::MulFunctor<float> > const&)::{lambda(int)#1})",backward,kernel,291,,,2026.822,291,,sum of physical GPU activity durations; not GPU wall-clock time
medium_ctx512_train_step_fp32,cuda_activity,"void at::native::elementwise_kernel<128, 2, at::native::gpu_kernel_impl_nocast<at::native::CUDAFunctor_add<float> >(at::TensorIteratorBase&, at::native::CUDAFunctor_add<float> const&)::{lambda(int)#1}>(int, at::native::gpu_kernel_impl_nocast<at::native::CUDAFunctor_add<float> >(at::TensorIteratorBase&, at::native::CUDAFunctor_add<float> const&)::{lambda(int)#1})",backward,kernel,24,,,1199.811,24,,sum of physical GPU activity durations; not GPU wall-clock time
medium_ctx512_train_step_fp32,cuda_activity,"void at::native::elementwise_kernel<128, 2, at::native::gpu_kernel_impl_nocast<at::native::direct_copy_kernel_cuda(at::TensorIteratorBase&)::{lambda()#3}::operator()() const::{lambda()#7}::operator()() const::{lambda(float)#1}>(at::TensorIteratorBase&, at::native::direct_copy_kernel_cuda(at::TensorIteratorBase&)::{lambda()#3}::operator()() const::{lambda()#7}::operator()() const::{lambda(float)#1} const&)::{lambda(int)#1}>(int, at::native::gpu_kernel_impl_nocast<at::native::direct_copy_kernel_cuda(at::TensorIteratorBase&)::{lambda()#3}::operator()() const::{lambda()#7}::operator()() const::{lambda(float)#1}>(at::TensorIteratorBase&, at::native::direct_copy_kernel_cuda(at::TensorIteratorBase&)::{lambda()#3}::operator()() const::{lambda()#7}::operator()() const::{lambda(float)#1} const&)::{lambda(int)#1})",backward,kernel,313,,,4565.673,313,,sum of physical GPU activity durations; not GPU wall-clock time
medium_ctx512_train_step_fp32,cuda_activity,"void at::native::elementwise_kernel<128, 2, at::native::gpu_kernel_impl_nocast<at::native::neg_kernel_cuda(at::TensorIteratorBase&)::{lambda()#2}::operator()() const::{lambda()#7}::operator()() const::{lambda(float)#1}>(at::TensorIteratorBase&, at::native::neg_kernel_cuda(at::TensorIteratorBase&)::{lambda()#2}::operator()() const::{lambda()#7}::operator()() const::{lambda(float)#1} const&)::{lambda(int)#1}>(int, at::native::gpu_kernel_impl_nocast<at::native::neg_kernel_cuda(at::TensorIteratorBase&)::{lambda()#2}::operator()() const::{lambda()#7}::operator()() const::{lambda(float)#1}>(at::TensorIteratorBase&, at::native::neg_kernel_cuda(at::TensorIteratorBase&)::{lambda()#2}::operator()() const::{lambda()#7}::operator()() const::{lambda(float)#1} const&)::{lambda(int)#1})",backward,kernel,48,,,254.75,48,,sum of physical GPU activity durations; not GPU wall-clock time
medium_ctx512_train_step_fp32,cuda_activity,"void at::native::reduce_kernel<128, 4, at::native::ReduceOp<float, at::native::func_wrapper_t<float, at::native::sum_functor<float, float, float>::operator()(at::TensorIterator&)::{lambda(float, float)#1}>, unsigned int, float, 4, 4> >(at::native::ReduceOp<float, at::native::func_wrapper_t<float, at::native::sum_functor<float, float, float>::operator()(at::TensorIterator&)::{lambda(float, float)#1}>, unsigned int, float, 4, 4>)",backward,kernel,49,,,548.164,49,,sum of physical GPU activity durations; not GPU wall-clock time
medium_ctx512_train_step_fp32,cuda_activity,"void at::native::reduce_kernel<512, 1, at::native::ReduceOp<float, at::native::func_wrapper_t<float, at::native::sum_functor<float, float, float>::operator()(at::TensorIterator&)::{lambda(float, float)#1}>, unsigned int, float, 4, 4> >(at::native::ReduceOp<float, at::native::func_wrapper_t<float, at::native::sum_functor<float, float, float>::operator()(at::TensorIterator&)::{lambda(float, float)#1}>, unsigned int, float, 4, 4>)",backward,kernel,99,,,1668.126,99,,sum of physical GPU activity durations; not GPU wall-clock time
medium_ctx512_train_step_fp32,cuda_activity,"void at::native::vectorized_elementwise_kernel<2, at::native::AUnaryFunctor<long, long, long, at::native::binary_internal::MulFunctor<long> >, std::array<char*, 2ul> >(int, at::native::AUnaryFunctor<long, long, long, at::native::binary_internal::MulFunctor<long> >, std::array<char*, 2ul>)",backward,kernel,1,,,1.472,1,,sum of physical GPU activity durations; not GPU wall-clock time
medium_ctx512_train_step_fp32,cuda_activity,"void at::native::vectorized_elementwise_kernel<2, at::native::BUnaryFunctor<long, long, long, at::native::binary_internal::div_trunc_kernel_cuda(at::TensorIteratorBase&)::{lambda()#1}::operator()() const::{lambda()#4}::operator()() const::{lambda(long, long)#1}>, std::array<char*, 2ul> >(int, at::native::BUnaryFunctor<long, long, long, at::native::binary_internal::div_trunc_kernel_cuda(at::TensorIteratorBase&)::{lambda()#1}::operator()() const::{lambda()#4}::operator()() const::{lambda(long, long)#1}>, std::array<char*, 2ul>)",backward,kernel,1,,,2.208,1,,sum of physical GPU activity durations; not GPU wall-clock time
medium_ctx512_train_step_fp32,cuda_activity,"void at::native::vectorized_elementwise_kernel<2, at::native::BUnaryFunctor<long, long, long, at::native::remainder_kernel_cuda(at::TensorIteratorBase&)::{lambda()#1}::operator()() const::{lambda()#4}::operator()() const::{lambda(long, long)#1}>, std::array<char*, 2ul> >(int, at::native::BUnaryFunctor<long, long, long, at::native::remainder_kernel_cuda(at::TensorIteratorBase&)::{lambda()#1}::operator()() const::{lambda()#4}::operator()() const::{lambda(long, long)#1}>, std::array<char*, 2ul>)",backward,kernel,1,,,2.336,1,,sum of physical GPU activity durations; not GPU wall-clock time
medium_ctx512_train_step_fp32,cuda_activity,"void at::native::vectorized_elementwise_kernel<4, at::native::(anonymous namespace)::pow_tensor_scalar_kernel_impl<float, float>(at::TensorIteratorBase&, float)::{lambda(float)#2}, std::array<char*, 2ul> >(int, at::native::(anonymous namespace)::pow_tensor_scalar_kernel_impl<float, float>(at::TensorIteratorBase&, float)::{lambda(float)#2}, std::array<char*, 2ul>)",backward,kernel,49,,,70.306,49,,sum of physical GPU activity durations; not GPU wall-clock time
medium_ctx512_train_step_fp32,cuda_activity,"void at::native::vectorized_elementwise_kernel<4, at::native::AUnaryFunctor<float, float, float, at::native::binary_internal::MulFunctor<float> >, std::array<char*, 2ul> >(int, at::native::AUnaryFunctor<float, float, float, at::native::binary_internal::MulFunctor<float> >, std::array<char*, 2ul>)",backward,kernel,98,,,271.971,98,,sum of physical GPU activity durations; not GPU wall-clock time
medium_ctx512_train_step_fp32,cuda_activity,"void at::native::vectorized_elementwise_kernel<4, at::native::BUnaryFunctor<float, float, float, at::native::binary_internal::MulFunctor<float> >, std::array<char*, 2ul> >(int, at::native::BUnaryFunctor<float, float, float, at::native::binary_internal::MulFunctor<float> >, std::array<char*, 2ul>)",backward,kernel,24,,,802.401,24,,sum of physical GPU activity durations; not GPU wall-clock time
medium_ctx512_train_step_fp32,cuda_activity,"void at::native::vectorized_elementwise_kernel<4, at::native::BinaryFunctor<float, float, float, at::native::binary_internal::DivFunctor<float> >, std::array<char*, 3ul> >(int, at::native::BinaryFunctor<float, float, float, at::native::binary_internal::DivFunctor<float> >, std::array<char*, 3ul>)",backward,kernel,1,,,2.016,1,,sum of physical GPU activity durations; not GPU wall-clock time
medium_ctx512_train_step_fp32,cuda_activity,"void at::native::vectorized_elementwise_kernel<4, at::native::BinaryFunctor<float, float, float, at::native::binary_internal::MulFunctor<float> >, std::array<char*, 3ul> >(int, at::native::BinaryFunctor<float, float, float, at::native::binary_internal::MulFunctor<float> >, std::array<char*, 3ul>)",backward,kernel,340,,,5653.827,340,,sum of physical GPU activity durations; not GPU wall-clock time
medium_ctx512_train_step_fp32,cuda_activity,"void at::native::vectorized_elementwise_kernel<4, at::native::CUDAFunctor_add<float>, std::array<char*, 3ul> >(int, at::native::CUDAFunctor_add<float>, std::array<char*, 3ul>)",backward,kernel,315,,,3263.428,315,,sum of physical GPU activity durations; not GPU wall-clock time
medium_ctx512_train_step_fp32,cuda_activity,"void at::native::vectorized_elementwise_kernel<4, at::native::FillFunctor<float>, std::array<char*, 1ul> >(int, at::native::FillFunctor<float>, std::array<char*, 1ul>)",backward,kernel,52,,,456.834,52,,sum of physical GPU activity durations; not GPU wall-clock time
medium_ctx512_train_step_fp32,cuda_activity,"void at::native::vectorized_elementwise_kernel<4, at::native::neg_kernel_cuda(at::TensorIteratorBase&)::{lambda()#2}::operator()() const::{lambda()#7}::operator()() const::{lambda(float)#1}, std::array<char*, 2ul> >(int, at::native::neg_kernel_cuda(at::TensorIteratorBase&)::{lambda()#2}::operator()() const::{lambda()#7}::operator()() const::{lambda(float)#1}, std::array<char*, 2ul>)",backward,kernel,51,,,1676.446,51,,sum of physical GPU activity durations; not GPU wall-clock time
medium_ctx512_train_step_fp32,cuda_activity,"void at::native::vectorized_elementwise_kernel<4, at::native::sigmoid_backward_kernel_cuda(at::TensorIteratorBase&)::{lambda()#2}::operator()() const::{lambda()#2}::operator()() const::{lambda(float, float)#1}, std::array<char*, 3ul> >(int, at::native::sigmoid_backward_kernel_cuda(at::TensorIteratorBase&)::{lambda()#2}::operator()() const::{lambda()#2}::operator()() const::{lambda(float, float)#1}, std::array<char*, 3ul>)",backward,kernel,24,,,614.848,24,,sum of physical GPU activity durations; not GPU wall-clock time
medium_ctx512_train_step_fp32,cuda_activity,"void at_cuda_detail::cub::DeviceRadixSortSingleTileKernel<at_cuda_detail::cub::DeviceRadixSortPolicy<long, at::cuda::cub::detail::OpaqueType<8>, unsigned long long>::Policy900, false, long, at::cuda::cub::detail::OpaqueType<8>, unsigned long long, at_cuda_detail::cub::detail::identity_decomposer_t>(long const*, long*, at::cuda::cub::detail::OpaqueType<8> const*, at::cuda::cub::detail::OpaqueType<8>*, unsigned long long, int, int, at_cuda_detail::cub::detail::identity_decomposer_t)",backward,kernel,1,,,6.432,1,,sum of physical GPU activity durations; not GPU wall-clock time
medium_ctx512_train_step_fp32,cuda_activity,void cutlass::Kernel2<cutlass_80_tensorop_s1688gemm_128x64_16x6_nt_align4>(cutlass_80_tensorop_s1688gemm_128x64_16x6_nt_align4::Params),backward,kernel,24,,,614.944,24,,sum of physical GPU activity durations; not GPU wall-clock time
medium_ctx512_train_step_fp32,cuda_activity,void cutlass::Kernel2<cutlass_80_tensorop_s1688gemm_128x64_32x6_nt_align4>(cutlass_80_tensorop_s1688gemm_128x64_32x6_nt_align4::Params),backward,kernel,96,,,3093.1259999999997,96,,sum of physical GPU activity durations; not GPU wall-clock time
medium_ctx512_train_step_fp32,cuda_activity,void cutlass::Kernel2<cutlass_80_tensorop_s1688gemm_64x128_32x3_nn_align4>(cutlass_80_tensorop_s1688gemm_64x128_32x3_nn_align4::Params),backward,kernel,24,,,587.938,24,,sum of physical GPU activity durations; not GPU wall-clock time
medium_ctx512_train_step_fp32,cuda_activity,void cutlass::Kernel2<cutlass_80_tensorop_s1688gemm_64x256_16x4_nt_align4>(cutlass_80_tensorop_s1688gemm_64x256_16x4_nt_align4::Params),backward,kernel,24,,,645.025,24,,sum of physical GPU activity durations; not GPU wall-clock time
medium_ctx512_train_step_fp32,cuda_activity,Memcpy DtoH (Device -> Pinned),optimizer,gpu_memcpy,1,,,2.655,0,,sum of physical GPU activity durations; not GPU wall-clock time
medium_ctx512_train_step_fp32,cuda_activity,Memcpy HtoD (Pageable -> Device),optimizer,gpu_memcpy,1,,,0.8,0,,sum of physical GPU activity durations; not GPU wall-clock time
medium_ctx512_train_step_fp32,cuda_activity,Memset (Device),optimizer,gpu_memset,170,,,159.392,0,,sum of physical GPU activity durations; not GPU wall-clock time
medium_ctx512_train_step_fp32,cuda_activity,"void at::native::elementwise_kernel<128, 2, at::native::gpu_kernel_impl_nocast<at::native::BinaryFunctor<float, float, float, at::native::binary_internal::MulFunctor<float> > >(at::TensorIteratorBase&, at::native::BinaryFunctor<float, float, float, at::native::binary_internal::MulFunctor<float> > const&)::{lambda(int)#1}>(int, at::native::gpu_kernel_impl_nocast<at::native::BinaryFunctor<float, float, float, at::native::binary_internal::MulFunctor<float> > >(at::TensorIteratorBase&, at::native::BinaryFunctor<float, float, float, at::native::binary_internal::MulFunctor<float> > const&)::{lambda(int)#1})",optimizer,kernel,219,,,1750.942,219,,sum of physical GPU activity durations; not GPU wall-clock time
medium_ctx512_train_step_fp32,cuda_activity,"void at::native::reduce_kernel<512, 1, at::native::ReduceOp<float, at::native::func_wrapper_t<float, at::native::sum_functor<float, float, float>::operator()(at::TensorIterator&)::{lambda(float, float)#1}>, unsigned int, float, 4, 4> >(at::native::ReduceOp<float, at::native::func_wrapper_t<float, at::native::sum_functor<float, float, float>::operator()(at::TensorIterator&)::{lambda(float, float)#1}>, unsigned int, float, 4, 4>)",optimizer,kernel,219,,,1267.82,219,,sum of physical GPU activity durations; not GPU wall-clock time
medium_ctx512_train_step_fp32,cuda_activity,"void at::native::vectorized_elementwise_kernel<4, at::native::(anonymous namespace)::pow_tensor_scalar_kernel_impl<float, float>(at::TensorIteratorBase&, float)::{lambda(float)#1}, std::array<char*, 2ul> >(int, at::native::(anonymous namespace)::pow_tensor_scalar_kernel_impl<float, float>(at::TensorIteratorBase&, float)::{lambda(float)#1}, std::array<char*, 2ul>)",optimizer,kernel,438,,,2123.385,438,,sum of physical GPU activity durations; not GPU wall-clock time
medium_ctx512_train_step_fp32,cuda_activity,"void at::native::vectorized_elementwise_kernel<4, at::native::AUnaryFunctor<float, float, float, at::native::binary_internal::MulFunctor<float> >, std::array<char*, 2ul> >(int, at::native::AUnaryFunctor<float, float, float, at::native::binary_internal::MulFunctor<float> >, std::array<char*, 2ul>)",optimizer,kernel,1315,,,6450.03,1315,,sum of physical GPU activity durations; not GPU wall-clock time
medium_ctx512_train_step_fp32,cuda_activity,"void at::native::vectorized_elementwise_kernel<4, at::native::BinaryFunctor<float, float, float, at::native::binary_internal::DivFunctor<float> >, std::array<char*, 3ul> >(int, at::native::BinaryFunctor<float, float, float, at::native::binary_internal::DivFunctor<float> >, std::array<char*, 3ul>)",optimizer,kernel,219,,,1233.0,219,,sum of physical GPU activity durations; not GPU wall-clock time
medium_ctx512_train_step_fp32,cuda_activity,"void at::native::vectorized_elementwise_kernel<4, at::native::CUDAFunctorOnSelf_add<float>, std::array<char*, 2ul> >(int, at::native::CUDAFunctorOnSelf_add<float>, std::array<char*, 2ul>)",optimizer,kernel,220,,,828.545,220,,sum of physical GPU activity durations; not GPU wall-clock time
medium_ctx512_train_step_fp32,cuda_activity,"void at::native::vectorized_elementwise_kernel<4, at::native::CUDAFunctor_add<float>, std::array<char*, 3ul> >(int, at::native::CUDAFunctor_add<float>, std::array<char*, 3ul>)",optimizer,kernel,1095,,,4912.863,1095,,sum of physical GPU activity durations; not GPU wall-clock time
medium_ctx512_train_step_fp32,cuda_activity,"void at::native::vectorized_elementwise_kernel<4, at::native::FillFunctor<float>, std::array<char*, 1ul> >(int, at::native::FillFunctor<float>, std::array<char*, 1ul>)",optimizer,kernel,438,,,1262.914,438,,sum of physical GPU activity durations; not GPU wall-clock time
medium_ctx512_train_step_fp32,cuda_activity,"void at::native::vectorized_elementwise_kernel<4, at::native::compare_scalar_kernel<float>(at::TensorIteratorBase&, at::native::(anonymous namespace)::OpType, float)::{lambda(float)#1}, std::array<char*, 2ul> >(int, at::native::compare_scalar_kernel<float>(at::TensorIteratorBase&, at::native::(anonymous namespace)::OpType, float)::{lambda(float)#1}, std::array<char*, 2ul>)",optimizer,kernel,1,,,1.631,1,,sum of physical GPU activity durations; not GPU wall-clock time
medium_ctx512_train_step_fp32,cuda_activity,"void at::native::vectorized_elementwise_kernel<4, at::native::reciprocal_kernel_cuda(at::TensorIteratorBase&)::{lambda()#1}::operator()() const::{lambda()#2}::operator()() const::{lambda(float)#1}, std::array<char*, 2ul> >(int, at::native::reciprocal_kernel_cuda(at::TensorIteratorBase&)::{lambda()#1}::operator()() const::{lambda()#2}::operator()() const::{lambda(float)#1}, std::array<char*, 2ul>)",optimizer,kernel,1,,,1.665,1,,sum of physical GPU activity durations; not GPU wall-clock time
medium_ctx512_train_step_fp32,cuda_activity,"void at::native::vectorized_elementwise_kernel<4, at::native::sqrt_kernel_cuda(at::TensorIteratorBase&)::{lambda()#2}::operator()() const::{lambda()#2}::operator()() const::{lambda(float)#1}, std::array<char*, 2ul> >(int, at::native::sqrt_kernel_cuda(at::TensorIteratorBase&)::{lambda()#2}::operator()() const::{lambda()#2}::operator()() const::{lambda(float)#1}, std::array<char*, 2ul>)",optimizer,kernel,220,,,1032.708,220,,sum of physical GPU activity durations; not GPU wall-clock time
medium_ctx1024_train_step_fp32,range,profile/measure,profile/measure,,1,210674.969,,,,true,measurement wall-clock CPU range; do not interpret as CUDA time
medium_ctx1024_train_step_fp32,range,forward,forward,,1,41606.785,,,,true,inclusive CPU annotation range
medium_ctx1024_train_step_fp32,range,backward,backward,,1,85445.519,,,,true,inclusive CPU annotation range
medium_ctx1024_train_step_fp32,range,optimizer,optimizer,,1,80329.808,,,,true,inclusive CPU annotation range
medium_ctx1024_train_step_fp32,range,attention/scores,forward,,24,3611.84,,,,true,inclusive nested range; do not add to forward
medium_ctx1024_train_step_fp32,range,attention/softmax,forward,,24,3551.016,,,,true,inclusive nested range; do not add to forward
medium_ctx1024_train_step_fp32,range,attention/value,forward,,24,3220.348,,,,true,inclusive nested range; do not add to forward
medium_ctx1024_train_step_fp32,cpu_op,aten::_reshape_alias,forward,,241,,363.496,,,,sum of CPU operation durations; nested operations may overlap
medium_ctx1024_train_step_fp32,cpu_op,aten::_unsafe_view,forward,,48,,92.613,,,,sum of CPU operation durations; nested operations may overlap
medium_ctx1024_train_step_fp32,cpu_op,aten::add,forward,,145,,1268.392,,,,sum of CPU operation durations; nested operations may overlap
medium_ctx1024_train_step_fp32,cpu_op,aten::alias,forward,,48,,72.026,,,,sum of CPU operation durations; nested operations may overlap
medium_ctx1024_train_step_fp32,cpu_op,aten::arange,forward,,48,,650.176,,,,sum of CPU operation durations; nested operations may overlap
medium_ctx1024_train_step_fp32,cpu_op,aten::as_strided,forward,,2053,,698.833,,,,sum of CPU operation durations; nested operations may overlap
medium_ctx1024_train_step_fp32,cpu_op,aten::bmm,forward,,217,,5813.099,,,,sum of CPU operation durations; nested operations may overlap
medium_ctx1024_train_step_fp32,cpu_op,aten::cat,forward,,48,,574.42,,,,sum of CPU operation durations; nested operations may overlap
medium_ctx1024_train_step_fp32,cpu_op,aten::clone,forward,,48,,841.835,,,,sum of CPU operation durations; nested operations may overlap
medium_ctx1024_train_step_fp32,cpu_op,aten::concat,forward,,48,,630.848,,,,sum of CPU operation durations; nested operations may overlap
medium_ctx1024_train_step_fp32,cpu_op,aten::copy_,forward,,48,,469.397,,,,sum of CPU operation durations; nested operations may overlap
medium_ctx1024_train_step_fp32,cpu_op,aten::div,forward,,48,,574.936,,,,sum of CPU operation durations; nested operations may overlap
medium_ctx1024_train_step_fp32,cpu_op,aten::einsum,forward,,217,,14069.637,,,,sum of CPU operation durations; nested operations may overlap
medium_ctx1024_train_step_fp32,cpu_op,aten::empty,forward,,120,,308.008,,,,sum of CPU operation durations; nested operations may overlap
medium_ctx1024_train_step_fp32,cpu_op,aten::empty_like,forward,,48,,198.693,,,,sum of CPU operation durations; nested operations may overlap
medium_ctx1024_train_step_fp32,cpu_op,aten::exp,forward,,25,,280.351,,,,sum of CPU operation durations; nested operations may overlap
medium_ctx1024_train_step_fp32,cpu_op,aten::fill_,forward,,24,,216.485,,,,sum of CPU operation durations; nested operations may overlap
medium_ctx1024_train_step_fp32,cpu_op,aten::gather,forward,,1,,15.048,,,,sum of CPU operation durations; nested operations may overlap
medium_ctx1024_train_step_fp32,cpu_op,aten::ge,forward,,24,,263.362,,,,sum of CPU operation durations; nested operations may overlap
medium_ctx1024_train_step_fp32,cpu_op,aten::index,forward,,1,,48.921,,,,sum of CPU operation durations; nested operations may overlap
medium_ctx1024_train_step_fp32,cpu_op,aten::log,forward,,1,,9.461,,,,sum of CPU operation durations; nested operations may overlap
medium_ctx1024_train_step_fp32,cpu_op,aten::max,forward,,25,,433.724,,,,sum of CPU operation durations; nested operations may overlap
medium_ctx1024_train_step_fp32,cpu_op,aten::mean,forward,,51,,645.031,,,,sum of CPU operation durations; nested operations may overlap
medium_ctx1024_train_step_fp32,cpu_op,aten::mul,forward,,338,,2882.745,,,,sum of CPU operation durations; nested operations may overlap
medium_ctx1024_train_step_fp32,cpu_op,aten::neg,forward,,1,,10.101,,,,sum of CPU operation durations; nested operations may overlap
medium_ctx1024_train_step_fp32,cpu_op,aten::permute,forward,,1229,,2637.836,,,,sum of CPU operation durations; nested operations may overlap
medium_ctx1024_train_step_fp32,cpu_op,aten::pow,forward,,49,,633.882,,,,sum of CPU operation durations; nested operations may overlap
medium_ctx1024_train_step_fp32,cpu_op,aten::reshape,forward,,627,,2469.004,,,,sum of CPU operation durations; nested operations may overlap
medium_ctx1024_train_step_fp32,cpu_op,aten::resize_,forward,,48,,117.293,,,,sum of CPU operation durations; nested operations may overlap
medium_ctx1024_train_step_fp32,cpu_op,aten::result_type,forward,,49,,15.959,,,,sum of CPU operation durations; nested operations may overlap
medium_ctx1024_train_step_fp32,cpu_op,aten::rsqrt,forward,,49,,456.006,,,,sum of CPU operation durations; nested operations may overlap
medium_ctx1024_train_step_fp32,cpu_op,aten::scalar_tensor,forward,,24,,368.134,,,,sum of CPU operation durations; nested operations may overlap
medium_ctx1024_train_step_fp32,cpu_op,aten::select,forward,,192,,340.112,,,,sum of CPU operation durations; nested operations may overlap
medium_ctx1024_train_step_fp32,cpu_op,aten::sigmoid,forward,,24,,259.998,,,,sum of CPU operation durations; nested operations may overlap
medium_ctx1024_train_step_fp32,cpu_op,aten::sub,forward,,74,,690.647,,,,sum of CPU operation durations; nested operations may overlap
medium_ctx1024_train_step_fp32,cpu_op,aten::sum,forward,,25,,324.804,,,,sum of CPU operation durations; nested operations may overlap
medium_ctx1024_train_step_fp32,cpu_op,aten::to,forward,,171,,48.384,,,,sum of CPU operation durations; nested operations may overlap
medium_ctx1024_train_step_fp32,cpu_op,aten::unbind,forward,,96,,616.188,,,,sum of CPU operation durations; nested operations may overlap
medium_ctx1024_train_step_fp32,cpu_op,aten::unsqueeze,forward,,628,,1392.693,,,,sum of CPU operation durations; nested operations may overlap
medium_ctx1024_train_step_fp32,cpu_op,aten::view,forward,,772,,912.299,,,,sum of CPU operation durations; nested operations may overlap
medium_ctx1024_train_step_fp32,cpu_op,aten::where,forward,,48,,1405.142,,,,sum of CPU operation durations; nested operations may overlap
medium_ctx1024_train_step_fp32,cpu_op,AddBackward0,backward,,145,,54.37,,,,sum of CPU operation durations; nested operations may overlap
medium_ctx1024_train_step_fp32,cpu_op,BmmBackward0,backward,,217,,12451.114,,,,sum of CPU operation durations; nested operations may overlap
medium_ctx1024_train_step_fp32,cpu_op,CatBackward0,backward,,48,,541.866,,,,sum of CPU operation durations; nested operations may overlap
medium_ctx1024_train_step_fp32,cpu_op,CloneBackward0,backward,,48,,10.136,,,,sum of CPU operation durations; nested operations may overlap
medium_ctx1024_train_step_fp32,cpu_op,DivBackward0,backward,,48,,1293.915,,,,sum of CPU operation durations; nested operations may overlap
medium_ctx1024_train_step_fp32,cpu_op,ExpBackward0,backward,,25,,210.927,,,,sum of CPU operation durations; nested operations may overlap
medium_ctx1024_train_step_fp32,cpu_op,GatherBackward0,backward,,1,,46.044,,,,sum of CPU operation durations; nested operations may overlap
medium_ctx1024_train_step_fp32,cpu_op,IndexBackward0,backward,,1,,146.087,,,,sum of CPU operation durations; nested operations may overlap
medium_ctx1024_train_step_fp32,cpu_op,LogBackward0,backward,,1,,10.386,,,,sum of CPU operation durations; nested operations may overlap
medium_ctx1024_train_step_fp32,cpu_op,MaxBackward0,backward,,25,,787.273,,,,sum of CPU operation durations; nested operations may overlap
medium_ctx1024_train_step_fp32,cpu_op,MeanBackward0,backward,,1,,103.23,,,,sum of CPU operation durations; nested operations may overlap
medium_ctx1024_train_step_fp32,cpu_op,MeanBackward1,backward,,49,,744.111,,,,sum of CPU operation durations; nested operations may overlap
medium_ctx1024_train_step_fp32,cpu_op,MulBackward0,backward,,338,,8919.319,,,,sum of CPU operation durations; nested operations may overlap
medium_ctx1024_train_step_fp32,cpu_op,NegBackward0,backward,,1,,11.403,,,,sum of CPU operation durations; nested operations may overlap
medium_ctx1024_train_step_fp32,cpu_op,PermuteBackward0,backward,,1229,,3296.643,,,,sum of CPU operation durations; nested operations may overlap
medium_ctx1024_train_step_fp32,cpu_op,PowBackward0,backward,,49,,1814.196,,,,sum of CPU operation durations; nested operations may overlap
medium_ctx1024_train_step_fp32,cpu_op,ReshapeAliasBackward0,backward,,241,,2825.439,,,,sum of CPU operation durations; nested operations may overlap
medium_ctx1024_train_step_fp32,cpu_op,RsqrtBackward0,backward,,49,,1847.092,,,,sum of CPU operation durations; nested operations may overlap
medium_ctx1024_train_step_fp32,cpu_op,SigmoidBackward0,backward,,24,,258.295,,,,sum of CPU operation durations; nested operations may overlap
medium_ctx1024_train_step_fp32,cpu_op,SubBackward0,backward,,74,,2039.081,,,,sum of CPU operation durations; nested operations may overlap
medium_ctx1024_train_step_fp32,cpu_op,SumBackward1,backward,,25,,104.727,,,,sum of CPU operation durations; nested operations may overlap
medium_ctx1024_train_step_fp32,cpu_op,UnbindBackward0,backward,,48,,3650.129,,,,sum of CPU operation durations; nested operations may overlap
medium_ctx1024_train_step_fp32,cpu_op,UnsafeViewBackward0,backward,,48,,117.108,,,,sum of CPU operation durations; nested operations may overlap
medium_ctx1024_train_step_fp32,cpu_op,UnsqueezeBackward0,backward,,603,,1397.792,,,,sum of CPU operation durations; nested operations may overlap
medium_ctx1024_train_step_fp32,cpu_op,ViewBackward0,backward,,723,,6043.61,,,,sum of CPU operation durations; nested operations may overlap
medium_ctx1024_train_step_fp32,cpu_op,WhereBackward0,backward,,24,,794.333,,,,sum of CPU operation durations; nested operations may overlap
medium_ctx1024_train_step_fp32,cpu_op,aten::_index_put_impl_,backward,,1,,126.77,,,,sum of CPU operation durations; nested operations may overlap
medium_ctx1024_train_step_fp32,cpu_op,aten::_reshape_alias,backward,,24,,51.215,,,,sum of CPU operation durations; nested operations may overlap
medium_ctx1024_train_step_fp32,cpu_op,aten::_unsafe_view,backward,,144,,111.655,,,,sum of CPU operation durations; nested operations may overlap
medium_ctx1024_train_step_fp32,cpu_op,aten::add,backward,,48,,355.763,,,,sum of CPU operation durations; nested operations may overlap
medium_ctx1024_train_step_fp32,cpu_op,aten::add_,backward,,291,,4732.551,,,,sum of CPU operation durations; nested operations may overlap
medium_ctx1024_train_step_fp32,cpu_op,aten::arange,backward,,2,,23.936999999999998,,,,sum of CPU operation durations; nested operations may overlap
medium_ctx1024_train_step_fp32,cpu_op,aten::as_strided,backward,,2490,,924.431,,,,sum of CPU operation durations; nested operations may overlap
medium_ctx1024_train_step_fp32,cpu_op,aten::bmm,backward,,434,,10736.605,,,,sum of CPU operation durations; nested operations may overlap
medium_ctx1024_train_step_fp32,cpu_op,aten::cat,backward,,48,,3394.386,,,,sum of CPU operation durations; nested operations may overlap
medium_ctx1024_train_step_fp32,cpu_op,aten::clone,backward,,144,,6182.281,,,,sum of CPU operation durations; nested operations may overlap
medium_ctx1024_train_step_fp32,cpu_op,aten::copy_,backward,,362,,7744.161,,,,sum of CPU operation durations; nested operations may overlap
medium_ctx1024_train_step_fp32,cpu_op,aten::detach,backward,,50,,89.226,,,,sum of CPU operation durations; nested operations may overlap
medium_ctx1024_train_step_fp32,cpu_op,aten::div,backward,,197,,1755.213,,,,sum of CPU operation durations; nested operations may overlap
medium_ctx1024_train_step_fp32,cpu_op,aten::div_,backward,,2,,22.588,,,,sum of CPU operation durations; nested operations may overlap
medium_ctx1024_train_step_fp32,cpu_op,aten::divide_,backward,,1,,13.791,,,,sum of CPU operation durations; nested operations may overlap
medium_ctx1024_train_step_fp32,cpu_op,aten::empty,backward,,222,,485.667,,,,sum of CPU operation durations; nested operations may overlap
medium_ctx1024_train_step_fp32,cpu_op,aten::empty_like,backward,,147,,488.526,,,,sum of CPU operation durations; nested operations may overlap
medium_ctx1024_train_step_fp32,cpu_op,aten::empty_strided,backward,,170,,442.772,,,,sum of CPU operation durations; nested operations may overlap
medium_ctx1024_train_step_fp32,cpu_op,aten::expand,backward,,76,,225.076,,,,sum of CPU operation durations; nested operations may overlap
medium_ctx1024_train_step_fp32,cpu_op,aten::fill_,backward,,52,,308.193,,,,sum of CPU operation durations; nested operations may overlap
medium_ctx1024_train_step_fp32,cpu_op,aten::gather_backward,backward,,1,,42.787,,,,sum of CPU operation durations; nested operations may overlap
medium_ctx1024_train_step_fp32,cpu_op,aten::mul,backward,,829,,11062.482,,,,sum of CPU operation durations; nested operations may overlap
medium_ctx1024_train_step_fp32,cpu_op,aten::narrow,backward,,96,,460.493,,,,sum of CPU operation durations; nested operations may overlap
medium_ctx1024_train_step_fp32,cpu_op,aten::neg,backward,,99,,2164.826,,,,sum of CPU operation durations; nested operations may overlap
medium_ctx1024_train_step_fp32,cpu_op,aten::new_empty,backward,,2,,10.389,,,,sum of CPU operation durations; nested operations may overlap
medium_ctx1024_train_step_fp32,cpu_op,aten::new_empty_strided,backward,,169,,755.396,,,,sum of CPU operation durations; nested operations may overlap
medium_ctx1024_train_step_fp32,cpu_op,aten::new_zeros,backward,,2,,35.364000000000004,,,,sum of CPU operation durations; nested operations may overlap
medium_ctx1024_train_step_fp32,cpu_op,aten::ones_like,backward,,1,,16.439,,,,sum of CPU operation durations; nested operations may overlap
medium_ctx1024_train_step_fp32,cpu_op,aten::permute,backward,,1229,,2342.485,,,,sum of CPU operation durations; nested operations may overlap
medium_ctx1024_train_step_fp32,cpu_op,aten::pow,backward,,98,,1351.741,,,,sum of CPU operation durations; nested operations may overlap
medium_ctx1024_train_step_fp32,cpu_op,aten::remainder,backward,,2,,28.151000000000003,,,,sum of CPU operation durations; nested operations may overlap
medium_ctx1024_train_step_fp32,cpu_op,aten::reshape,backward,,1013,,8006.533,,,,sum of CPU operation durations; nested operations may overlap
medium_ctx1024_train_step_fp32,cpu_op,aten::resize_,backward,,25,,59.411,,,,sum of CPU operation durations; nested operations may overlap
medium_ctx1024_train_step_fp32,cpu_op,aten::result_type,backward,,98,,18.466,,,,sum of CPU operation durations; nested operations may overlap
medium_ctx1024_train_step_fp32,cpu_op,aten::scalar_tensor,backward,,24,,245.395,,,,sum of CPU operation durations; nested operations may overlap
medium_ctx1024_train_step_fp32,cpu_op,aten::scatter_,backward,,25,,326.572,,,,sum of CPU operation durations; nested operations may overlap
medium_ctx1024_train_step_fp32,cpu_op,aten::scatter_add_,backward,,1,,17.285,,,,sum of CPU operation durations; nested operations may overlap
medium_ctx1024_train_step_fp32,cpu_op,aten::sigmoid_backward,backward,,24,,204.371,,,,sum of CPU operation durations; nested operations may overlap
medium_ctx1024_train_step_fp32,cpu_op,aten::slice,backward,,96,,323.781,,,,sum of CPU operation durations; nested operations may overlap
medium_ctx1024_train_step_fp32,cpu_op,aten::squeeze,backward,,603,,1009.229,,,,sum of CPU operation durations; nested operations may overlap
medium_ctx1024_train_step_fp32,cpu_op,aten::stack,backward,,48,,3567.914,,,,sum of CPU operation durations; nested operations may overlap
medium_ctx1024_train_step_fp32,cpu_op,aten::sum,backward,,148,,1656.354,,,,sum of CPU operation durations; nested operations may overlap
medium_ctx1024_train_step_fp32,cpu_op,aten::to,backward,,123,,17.951,,,,sum of CPU operation durations; nested operations may overlap
medium_ctx1024_train_step_fp32,cpu_op,aten::transpose,backward,,434,,899.066,,,,sum of CPU operation durations; nested operations may overlap
medium_ctx1024_train_step_fp32,cpu_op,aten::value_selecting_reduction_backward,backward,,25,,736.435,,,,sum of CPU operation durations; nested operations may overlap
medium_ctx1024_train_step_fp32,cpu_op,aten::view,backward,,942,,729.507,,,,sum of CPU operation durations; nested operations may overlap
medium_ctx1024_train_step_fp32,cpu_op,aten::where,backward,,48,,1157.417,,,,sum of CPU operation durations; nested operations may overlap
medium_ctx1024_train_step_fp32,cpu_op,aten::zero_,backward,,27,,235.709,,,,sum of CPU operation durations; nested operations may overlap
medium_ctx1024_train_step_fp32,cpu_op,aten::zeros,backward,,25,,333.437,,,,sum of CPU operation durations; nested operations may overlap
medium_ctx1024_train_step_fp32,cpu_op,autograd::engine::evaluate_function: AddBackward0,backward,,145,,387.771,,,,sum of CPU operation durations; nested operations may overlap
medium_ctx1024_train_step_fp32,cpu_op,autograd::engine::evaluate_function: BmmBackward0,backward,,217,,13414.244,,,,sum of CPU operation durations; nested operations may overlap
medium_ctx1024_train_step_fp32,cpu_op,autograd::engine::evaluate_function: CatBackward0,backward,,48,,768.973,,,,sum of CPU operation durations; nested operations may overlap
medium_ctx1024_train_step_fp32,cpu_op,autograd::engine::evaluate_function: CloneBackward0,backward,,48,,98.894,,,,sum of CPU operation durations; nested operations may overlap
medium_ctx1024_train_step_fp32,cpu_op,autograd::engine::evaluate_function: DivBackward0,backward,,48,,1736.93,,,,sum of CPU operation durations; nested operations may overlap
medium_ctx1024_train_step_fp32,cpu_op,autograd::engine::evaluate_function: ExpBackward0,backward,,25,,296.126,,,,sum of CPU operation durations; nested operations may overlap
medium_ctx1024_train_step_fp32,cpu_op,autograd::engine::evaluate_function: GatherBackward0,backward,,1,,56.63,,,,sum of CPU operation durations; nested operations may overlap
medium_ctx1024_train_step_fp32,cpu_op,autograd::engine::evaluate_function: IndexBackward0,backward,,1,,149.581,,,,sum of CPU operation durations; nested operations may overlap
medium_ctx1024_train_step_fp32,cpu_op,autograd::engine::evaluate_function: LogBackward0,backward,,1,,13.997,,,,sum of CPU operation durations; nested operations may overlap
medium_ctx1024_train_step_fp32,cpu_op,autograd::engine::evaluate_function: MaxBackward0,backward,,25,,1052.376,,,,sum of CPU operation durations; nested operations may overlap
medium_ctx1024_train_step_fp32,cpu_op,autograd::engine::evaluate_function: MeanBackward0,backward,,1,,113.836,,,,sum of CPU operation durations; nested operations may overlap
medium_ctx1024_train_step_fp32,cpu_op,autograd::engine::evaluate_function: MeanBackward1,backward,,49,,872.287,,,,sum of CPU operation durations; nested operations may overlap
medium_ctx1024_train_step_fp32,cpu_op,autograd::engine::evaluate_function: MulBackward0,backward,,338,,15471.99,,,,sum of CPU operation durations; nested operations may overlap
medium_ctx1024_train_step_fp32,cpu_op,autograd::engine::evaluate_function: NegBackward0,backward,,1,,14.705,,,,sum of CPU operation durations; nested operations may overlap
medium_ctx1024_train_step_fp32,cpu_op,autograd::engine::evaluate_function: PermuteBackward0,backward,,1229,,5980.13,,,,sum of CPU operation durations; nested operations may overlap
medium_ctx1024_train_step_fp32,cpu_op,autograd::engine::evaluate_function: PowBackward0,backward,,49,,2594.629,,,,sum of CPU operation durations; nested operations may overlap
medium_ctx1024_train_step_fp32,cpu_op,autograd::engine::evaluate_function: ReshapeAliasBackward0,backward,,241,,3425.553,,,,sum of CPU operation durations; nested operations may overlap
medium_ctx1024_train_step_fp32,cpu_op,autograd::engine::evaluate_function: RsqrtBackward0,backward,,49,,1999.369,,,,sum of CPU operation durations; nested operations may overlap
medium_ctx1024_train_step_fp32,cpu_op,autograd::engine::evaluate_function: SigmoidBackward0,backward,,24,,511.174,,,,sum of CPU operation durations; nested operations may overlap
medium_ctx1024_train_step_fp32,cpu_op,autograd::engine::evaluate_function: SubBackward0,backward,,74,,2468.253,,,,sum of CPU operation durations; nested operations may overlap
medium_ctx1024_train_step_fp32,cpu_op,autograd::engine::evaluate_function: SumBackward1,backward,,25,,392.272,,,,sum of CPU operation durations; nested operations may overlap
medium_ctx1024_train_step_fp32,cpu_op,autograd::engine::evaluate_function: UnbindBackward0,backward,,48,,3788.449,,,,sum of CPU operation durations; nested operations may overlap
medium_ctx1024_train_step_fp32,cpu_op,autograd::engine::evaluate_function: UnsafeViewBackward0,backward,,48,,224.401,,,,sum of CPU operation durations; nested operations may overlap
medium_ctx1024_train_step_fp32,cpu_op,autograd::engine::evaluate_function: UnsqueezeBackward0,backward,,603,,3468.758,,,,sum of CPU operation durations; nested operations may overlap
medium_ctx1024_train_step_fp32,cpu_op,autograd::engine::evaluate_function: ViewBackward0,backward,,723,,7596.9130000000005,,,,sum of CPU operation durations; nested operations may overlap
medium_ctx1024_train_step_fp32,cpu_op,autograd::engine::evaluate_function: WhereBackward0,backward,,24,,891.685,,,,sum of CPU operation durations; nested operations may overlap
medium_ctx1024_train_step_fp32,cpu_op,autograd::engine::evaluate_function: torch::autograd::AccumulateGrad,backward,,219,,3591.124,,,,sum of CPU operation durations; nested operations may overlap
medium_ctx1024_train_step_fp32,cpu_op,detach,backward,,50,,56.601,,,,sum of CPU operation durations; nested operations may overlap
medium_ctx1024_train_step_fp32,cpu_op,torch::autograd::AccumulateGrad,backward,,219,,3132.305,,,,sum of CPU operation durations; nested operations may overlap
medium_ctx1024_train_step_fp32,cpu_op,aten::_has_compatible_shallow_copy_type,optimizer,,438,,42.224,,,,sum of CPU operation durations; nested operations may overlap
medium_ctx1024_train_step_fp32,cpu_op,aten::_local_scalar_dense,optimizer,,1,,23.435,,,,sum of CPU operation durations; nested operations may overlap
medium_ctx1024_train_step_fp32,cpu_op,aten::_to_copy,optimizer,,1,,41097.886,,,,sum of CPU operation durations; nested operations may overlap
medium_ctx1024_train_step_fp32,cpu_op,aten::add,optimizer,,658,,3784.243,,,,sum of CPU operation durations; nested operations may overlap
medium_ctx1024_train_step_fp32,cpu_op,aten::add_,optimizer,,219,,1065.264,,,,sum of CPU operation durations; nested operations may overlap
medium_ctx1024_train_step_fp32,cpu_op,aten::as_strided,optimizer,,219,,47.717,,,,sum of CPU operation durations; nested operations may overlap
medium_ctx1024_train_step_fp32,cpu_op,aten::copy_,optimizer,,1,,41079.164,,,,sum of CPU operation durations; nested operations may overlap
medium_ctx1024_train_step_fp32,cpu_op,aten::detach_,optimizer,,1,,2.022,,,,sum of CPU operation durations; nested operations may overlap
medium_ctx1024_train_step_fp32,cpu_op,aten::div,optimizer,,219,,1244.325,,,,sum of CPU operation durations; nested operations may overlap
medium_ctx1024_train_step_fp32,cpu_op,aten::empty,optimizer,,1,,5.056,,,,sum of CPU operation durations; nested operations may overlap
medium_ctx1024_train_step_fp32,cpu_op,aten::empty_like,optimizer,,438,,1178.962,,,,sum of CPU operation durations; nested operations may overlap
medium_ctx1024_train_step_fp32,cpu_op,aten::empty_strided,optimizer,,439,,828.95,,,,sum of CPU operation durations; nested operations may overlap
medium_ctx1024_train_step_fp32,cpu_op,aten::fill_,optimizer,,438,,1727.389,,,,sum of CPU operation durations; nested operations may overlap
medium_ctx1024_train_step_fp32,cpu_op,aten::is_nonzero,optimizer,,1,,26.993,,,,sum of CPU operation durations; nested operations may overlap
medium_ctx1024_train_step_fp32,cpu_op,aten::item,optimizer,,1,,25.394,,,,sum of CPU operation durations; nested operations may overlap
medium_ctx1024_train_step_fp32,cpu_op,aten::lift_fresh,optimizer,,1,,0.297,,,,sum of CPU operation durations; nested operations may overlap
medium_ctx1024_train_step_fp32,cpu_op,aten::lt,optimizer,,1,,11.605,,,,sum of CPU operation durations; nested operations may overlap
medium_ctx1024_train_step_fp32,cpu_op,aten::mul,optimizer,,1315,,7763.291,,,,sum of CPU operation durations; nested operations may overlap
medium_ctx1024_train_step_fp32,cpu_op,aten::mul_,optimizer,,219,,1101.497,,,,sum of CPU operation durations; nested operations may overlap
medium_ctx1024_train_step_fp32,cpu_op,aten::pow,optimizer,,438,,2983.189,,,,sum of CPU operation durations; nested operations may overlap
medium_ctx1024_train_step_fp32,cpu_op,aten::reciprocal,optimizer,,1,,9.077,,,,sum of CPU operation durations; nested operations may overlap
medium_ctx1024_train_step_fp32,cpu_op,aten::result_type,optimizer,,438,,26.909,,,,sum of CPU operation durations; nested operations may overlap
medium_ctx1024_train_step_fp32,cpu_op,aten::sqrt,optimizer,,220,,1210.968,,,,sum of CPU operation durations; nested operations may overlap
medium_ctx1024_train_step_fp32,cpu_op,aten::square,optimizer,,219,,1612.64,,,,sum of CPU operation durations; nested operations may overlap
medium_ctx1024_train_step_fp32,cpu_op,aten::sub_,optimizer,,438,,2066.134,,,,sum of CPU operation durations; nested operations may overlap
medium_ctx1024_train_step_fp32,cpu_op,aten::sum,optimizer,,438,,4924.1,,,,sum of CPU operation durations; nested operations may overlap
medium_ctx1024_train_step_fp32,cpu_op,aten::to,optimizer,,439,,41131.082,,,,sum of CPU operation durations; nested operations may overlap
medium_ctx1024_train_step_fp32,cpu_op,aten::zero_,optimizer,,438,,2166.048,,,,sum of CPU operation durations; nested operations may overlap
medium_ctx1024_train_step_fp32,cpu_op,aten::zeros_like,optimizer,,438,,3839.072,,,,sum of CPU operation durations; nested operations may overlap
medium_ctx1024_train_step_fp32,cpu_op,detach_,optimizer,,1,,0.845,,,,sum of CPU operation durations; nested operations may overlap
medium_ctx1024_train_step_fp32,cuda_activity,Memset (Device),forward,gpu_memset,98,,,104.512,0,,sum of physical GPU activity durations; not GPU wall-clock time
medium_ctx1024_train_step_fp32,cuda_activity,sm90_xmma_gemm_f32f32_tf32f32_f32_nn_n_tilesize64x128x32_warpgroupsize1x1x1_execute_segment_k_off_kernel__5x_cublas,forward,kernel,24,,,1996.417,24,,sum of physical GPU activity durations; not GPU wall-clock time
medium_ctx1024_train_step_fp32,cuda_activity,sm90_xmma_gemm_f32f32_tf32f32_f32_tn_n_tilesize128x128x32_warpgroupsize1x1x1_execute_segment_k_off_kernel__5x_cublas,forward,kernel,168,,,9033.485,168,,sum of physical GPU activity durations; not GPU wall-clock time
medium_ctx1024_train_step_fp32,cuda_activity,sm90_xmma_gemm_f32f32_tf32f32_f32_tn_n_tilesize128x128x32_warpgroupsize1x1x1_execute_segment_k_on_kernel__5x_cublas,forward,kernel,1,,,221.569,1,,sum of physical GPU activity durations; not GPU wall-clock time
medium_ctx1024_train_step_fp32,cuda_activity,sm90_xmma_gemm_f32f32_tf32f32_f32_tn_n_tilesize64x256x32_warpgroupsize1x1x1_execute_segment_k_off_kernel__5x_cublas,forward,kernel,24,,,2036.45,24,,sum of physical GPU activity durations; not GPU wall-clock time
medium_ctx1024_train_step_fp32,cuda_activity,"void (anonymous namespace)::elementwise_kernel_with_index<int, at::native::arange_cuda_out(c10::Scalar const&, c10::Scalar const&, c10::Scalar const&, at::Tensor&)::{lambda()#1}::operator()() const::{lambda()#4}::operator()() const::{lambda(long)#1}>(int, at::native::arange_cuda_out(c10::Scalar const&, c10::Scalar const&, c10::Scalar const&, at::Tensor&)::{lambda()#1}::operator()() const::{lambda()#4}::operator()() const::{lambda(long)#1}, function_traits<at::native::arange_cuda_out(c10::Scalar const&, c10::Scalar const&, c10::Scalar const&, at::Tensor&)::{lambda()#1}::operator()() const::{lambda()#4}::operator()() const::{lambda(long)#1}>::result_type*)",forward,kernel,24,,,27.905,24,,sum of physical GPU activity durations; not GPU wall-clock time
medium_ctx1024_train_step_fp32,cuda_activity,"void at::native::(anonymous namespace)::CatArrayBatchedCopy<at::native::(anonymous namespace)::OpaqueType<4u>, unsigned int, 4, 64, 64>(at::native::(anonymous namespace)::OpaqueType<4u>*, at::native::(anonymous namespace)::CatArrInputTensorMetadata<at::native::(anonymous namespace)::OpaqueType<4u>, unsigned int, 64, 64>, at::native::(anonymous namespace)::TensorSizeStride<unsigned int, 4u>, int, unsigned int)",forward,kernel,48,,,919.425,48,,sum of physical GPU activity durations; not GPU wall-clock time
medium_ctx1024_train_step_fp32,cuda_activity,"void at::native::_scatter_gather_elementwise_kernel<128, 8, at::native::_cuda_scatter_gather_internal_kernel<false, at::native::OpaqueType<4>, long>::operator()<at::native::TensorAssign>(at::TensorIterator&, long, long, long, at::native::TensorAssign const&)::{lambda(int)#1}>(int, at::native::_cuda_scatter_gather_internal_kernel<false, at::native::OpaqueType<4>, long>::operator()<at::native::TensorAssign>(at::TensorIterator&, long, long, long, at::native::TensorAssign const&)::{lambda(int)#1})",forward,kernel,1,,,10.752,1,,sum of physical GPU activity durations; not GPU wall-clock time
medium_ctx1024_train_step_fp32,cuda_activity,"void at::native::elementwise_kernel<128, 2, at::native::gpu_kernel_impl_nocast<at::native::(anonymous namespace)::where_kernel_impl(at::TensorIterator&)::{lambda()#1}::operator()() const::{lambda()#11}::operator()() const::{lambda(bool, float, float)#1}>(at::TensorIteratorBase&, at::native::(anonymous namespace)::where_kernel_impl(at::TensorIterator&)::{lambda()#1}::operator()() const::{lambda()#11}::operator()() const::{lambda(bool, float, float)#1} const&)::{lambda(int)#1}>(int, at::native::gpu_kernel_impl_nocast<at::native::(anonymous namespace)::where_kernel_impl(at::TensorIterator&)::{lambda()#1}::operator()() const::{lambda()#11}::operator()() const::{lambda(bool, float, float)#1}>(at::TensorIteratorBase&, at::native::(anonymous namespace)::where_kernel_impl(at::TensorIterator&)::{lambda()#1}::operator()() const::{lambda()#11}::operator()() const::{lambda(bool, float, float)#1} const&)::{lambda(int)#1})",forward,kernel,24,,,4675.047,24,,sum of physical GPU activity durations; not GPU wall-clock time
medium_ctx1024_train_step_fp32,cuda_activity,"void at::native::elementwise_kernel<128, 2, at::native::gpu_kernel_impl_nocast<at::native::BinaryFunctor<float, float, float, at::native::binary_internal::DivFunctor<float> > >(at::TensorIteratorBase&, at::native::BinaryFunctor<float, float, float, at::native::binary_internal::DivFunctor<float> > const&)::{lambda(int)#1}>(int, at::native::gpu_kernel_impl_nocast<at::native::BinaryFunctor<float, float, float, at::native::binary_internal::DivFunctor<float> > >(at::TensorIteratorBase&, at::native::BinaryFunctor<float, float, float, at::native::binary_internal::DivFunctor<float> > const&)::{lambda(int)#1})",forward,kernel,24,,,5667.9710000000005,24,,sum of physical GPU activity durations; not GPU wall-clock time
medium_ctx1024_train_step_fp32,cuda_activity,"void at::native::elementwise_kernel<128, 2, at::native::gpu_kernel_impl_nocast<at::native::BinaryFunctor<float, float, float, at::native::binary_internal::MulFunctor<float> > >(at::TensorIteratorBase&, at::native::BinaryFunctor<float, float, float, at::native::binary_internal::MulFunctor<float> > const&)::{lambda(int)#1}>(int, at::native::gpu_kernel_impl_nocast<at::native::BinaryFunctor<float, float, float, at::native::binary_internal::MulFunctor<float> > >(at::TensorIteratorBase&, at::native::BinaryFunctor<float, float, float, at::native::binary_internal::MulFunctor<float> > const&)::{lambda(int)#1})",forward,kernel,290,,,3042.438,290,,sum of physical GPU activity durations; not GPU wall-clock time
medium_ctx1024_train_step_fp32,cuda_activity,"void at::native::elementwise_kernel<128, 2, at::native::gpu_kernel_impl_nocast<at::native::CUDAFunctor_add<float> >(at::TensorIteratorBase&, at::native::CUDAFunctor_add<float> const&)::{lambda(int)#1}>(int, at::native::gpu_kernel_impl_nocast<at::native::CUDAFunctor_add<float> >(at::TensorIteratorBase&, at::native::CUDAFunctor_add<float> const&)::{lambda(int)#1})",forward,kernel,26,,,5159.332,26,,sum of physical GPU activity durations; not GPU wall-clock time
medium_ctx1024_train_step_fp32,cuda_activity,"void at::native::elementwise_kernel<128, 2, at::native::gpu_kernel_impl_nocast<at::native::direct_copy_kernel_cuda(at::TensorIteratorBase&)::{lambda()#3}::operator()() const::{lambda()#7}::operator()() const::{lambda(float)#1}>(at::TensorIteratorBase&, at::native::direct_copy_kernel_cuda(at::TensorIteratorBase&)::{lambda()#3}::operator()() const::{lambda()#7}::operator()() const::{lambda(float)#1} const&)::{lambda(int)#1}>(int, at::native::gpu_kernel_impl_nocast<at::native::direct_copy_kernel_cuda(at::TensorIteratorBase&)::{lambda()#3}::operator()() const::{lambda()#7}::operator()() const::{lambda(float)#1}>(at::TensorIteratorBase&, at::native::direct_copy_kernel_cuda(at::TensorIteratorBase&)::{lambda()#3}::operator()() const::{lambda()#7}::operator()() const::{lambda(float)#1} const&)::{lambda(int)#1})",forward,kernel,48,,,758.914,48,,sum of physical GPU activity durations; not GPU wall-clock time
medium_ctx1024_train_step_fp32,cuda_activity,"void at::native::elementwise_kernel<128, 4, at::native::gpu_kernel_impl_nocast<at::native::(anonymous namespace)::CompareFunctor<long> >(at::TensorIteratorBase&, at::native::(anonymous namespace)::CompareFunctor<long> const&)::{lambda(int)#1}>(int, at::native::gpu_kernel_impl_nocast<at::native::(anonymous namespace)::CompareFunctor<long> >(at::TensorIteratorBase&, at::native::(anonymous namespace)::CompareFunctor<long> const&)::{lambda(int)#1})",forward,kernel,24,,,106.846,24,,sum of physical GPU activity durations; not GPU wall-clock time
medium_ctx1024_train_step_fp32,cuda_activity,"void at::native::reduce_kernel<512, 1, at::native::ReduceOp<float, at::native::MaxOps<float>, unsigned int, float, 4, 4> >(at::native::ReduceOp<float, at::native::MaxOps<float>, unsigned int, float, 4, 4>)",forward,kernel,25,,,2403.941,25,,sum of physical GPU activity durations; not GPU wall-clock time
medium_ctx1024_train_step_fp32,cuda_activity,"void at::native::reduce_kernel<512, 1, at::native::ReduceOp<float, at::native::MeanOps<float, float, float, float>, unsigned int, float, 4, 4> >(at::native::ReduceOp<float, at::native::MeanOps<float, float, float, float>, unsigned int, float, 4, 4>)",forward,kernel,50,,,292.48,50,,sum of physical GPU activity durations; not GPU wall-clock time
medium_ctx1024_train_step_fp32,cuda_activity,"void at::native::reduce_kernel<512, 1, at::native::ReduceOp<float, at::native::func_wrapper_t<float, at::native::sum_functor<float, float, float>::operator()(at::TensorIterator&)::{lambda(float, float)#1}>, unsigned int, float, 4, 4> >(at::native::ReduceOp<float, at::native::func_wrapper_t<float, at::native::sum_functor<float, float, float>::operator()(at::TensorIterator&)::{lambda(float, float)#1}>, unsigned int, float, 4, 4>)",forward,kernel,25,,,1961.537,25,,sum of physical GPU activity durations; not GPU wall-clock time
medium_ctx1024_train_step_fp32,cuda_activity,"void at::native::vectorized_elementwise_kernel<4, at::native::(anonymous namespace)::pow_tensor_scalar_kernel_impl<float, float>(at::TensorIteratorBase&, float)::{lambda(float)#1}, std::array<char*, 2ul> >(int, at::native::(anonymous namespace)::pow_tensor_scalar_kernel_impl<float, float>(at::TensorIteratorBase&, float)::{lambda(float)#1}, std::array<char*, 2ul>)",forward,kernel,49,,,350.721,49,,sum of physical GPU activity durations; not GPU wall-clock time
medium_ctx1024_train_step_fp32,cuda_activity,"void at::native::vectorized_elementwise_kernel<4, at::native::BUnaryFunctor<float, float, float, at::native::binary_internal::MulFunctor<float> >, std::array<char*, 2ul> >(int, at::native::BUnaryFunctor<float, float, float, at::native::binary_internal::MulFunctor<float> >, std::array<char*, 2ul>)",forward,kernel,24,,,3078.756,24,,sum of physical GPU activity durations; not GPU wall-clock time
medium_ctx1024_train_step_fp32,cuda_activity,"void at::native::vectorized_elementwise_kernel<4, at::native::BinaryFunctor<float, float, float, at::native::binary_internal::MulFunctor<float> >, std::array<char*, 3ul> >(int, at::native::BinaryFunctor<float, float, float, at::native::binary_internal::MulFunctor<float> >, std::array<char*, 3ul>)",forward,kernel,48,,,2325.058,48,,sum of physical GPU activity durations; not GPU wall-clock time
medium_ctx1024_train_step_fp32,cuda_activity,"void at::native::vectorized_elementwise_kernel<4, at::native::CUDAFunctorOnSelf_add<float>, std::array<char*, 2ul> >(int, at::native::CUDAFunctorOnSelf_add<float>, std::array<char*, 2ul>)",forward,kernel,49,,,64.636,49,,sum of physical GPU activity durations; not GPU wall-clock time
medium_ctx1024_train_step_fp32,cuda_activity,"void at::native::vectorized_elementwise_kernel<4, at::native::CUDAFunctor_add<float>, std::array<char*, 3ul> >(int, at::native::CUDAFunctor_add<float>, std::array<char*, 3ul>)",forward,kernel,144,,,1079.453,144,,sum of physical GPU activity durations; not GPU wall-clock time
medium_ctx1024_train_step_fp32,cuda_activity,"void at::native::vectorized_elementwise_kernel<4, at::native::FillFunctor<float>, std::array<char*, 1ul> >(int, at::native::FillFunctor<float>, std::array<char*, 1ul>)",forward,kernel,24,,,34.879999999999995,24,,sum of physical GPU activity durations; not GPU wall-clock time
medium_ctx1024_train_step_fp32,cuda_activity,"void at::native::vectorized_elementwise_kernel<4, at::native::exp_kernel_cuda(at::TensorIteratorBase&)::{lambda()#2}::operator()() const::{lambda()#2}::operator()() const::{lambda(float)#1}, std::array<char*, 2ul> >(int, at::native::exp_kernel_cuda(at::TensorIteratorBase&)::{lambda()#2}::operator()() const::{lambda()#2}::operator()() const::{lambda(float)#1}, std::array<char*, 2ul>)",forward,kernel,25,,,3092.841,25,,sum of physical GPU activity durations; not GPU wall-clock time
medium_ctx1024_train_step_fp32,cuda_activity,"void at::native::vectorized_elementwise_kernel<4, at::native::log_kernel_cuda(at::TensorIteratorBase&)::{lambda()#2}::operator()() const::{lambda()#2}::operator()() const::{lambda(float)#1}, std::array<char*, 2ul> >(int, at::native::log_kernel_cuda(at::TensorIteratorBase&)::{lambda()#2}::operator()() const::{lambda()#2}::operator()() const::{lambda(float)#1}, std::array<char*, 2ul>)",forward,kernel,1,,,2.08,1,,sum of physical GPU activity durations; not GPU wall-clock time
medium_ctx1024_train_step_fp32,cuda_activity,"void at::native::vectorized_elementwise_kernel<4, at::native::neg_kernel_cuda(at::TensorIteratorBase&)::{lambda()#2}::operator()() const::{lambda()#7}::operator()() const::{lambda(float)#1}, std::array<char*, 2ul> >(int, at::native::neg_kernel_cuda(at::TensorIteratorBase&)::{lambda()#2}::operator()() const::{lambda()#7}::operator()() const::{lambda(float)#1}, std::array<char*, 2ul>)",forward,kernel,1,,,75.904,1,,sum of physical GPU activity durations; not GPU wall-clock time
medium_ctx1024_train_step_fp32,cuda_activity,"void at::native::vectorized_elementwise_kernel<4, at::native::rsqrt_kernel_cuda(at::TensorIteratorBase&)::{lambda()#2}::operator()() const::{lambda()#2}::operator()() const::{lambda(float)#1}, std::array<char*, 2ul> >(int, at::native::rsqrt_kernel_cuda(at::TensorIteratorBase&)::{lambda()#2}::operator()() const::{lambda()#2}::operator()() const::{lambda(float)#1}, std::array<char*, 2ul>)",forward,kernel,49,,,67.806,49,,sum of physical GPU activity durations; not GPU wall-clock time
medium_ctx1024_train_step_fp32,cuda_activity,"void at::native::vectorized_elementwise_kernel<4, at::native::sigmoid_kernel_cuda(at::TensorIteratorBase&)::{lambda()#2}::operator()() const::{lambda()#2}::operator()() const::{lambda(float)#1}, std::array<char*, 2ul> >(int, at::native::sigmoid_kernel_cuda(at::TensorIteratorBase&)::{lambda()#2}::operator()() const::{lambda()#2}::operator()() const::{lambda(float)#1}, std::array<char*, 2ul>)",forward,kernel,24,,,769.25,24,,sum of physical GPU activity durations; not GPU wall-clock time
medium_ctx1024_train_step_fp32,cuda_activity,"void at::native::vectorized_gather_kernel<16, long>(char*, char*, long*, int, long, long, long, long, bool)",forward,kernel,1,,,10.528,1,,sum of physical GPU activity durations; not GPU wall-clock time
medium_ctx1024_train_step_fp32,cuda_activity,Memcpy DtoD (Device -> Device),backward,gpu_memcpy,49,,,517.024,0,,sum of physical GPU activity durations; not GPU wall-clock time
medium_ctx1024_train_step_fp32,cuda_activity,Memset (Device),backward,gpu_memset,127,,,130.657,0,,sum of physical GPU activity durations; not GPU wall-clock time
medium_ctx1024_train_step_fp32,cuda_activity,sm90_xmma_gemm_f32f32_tf32f32_f32_nn_n_tilesize128x128x32_warpgroupsize1x1x1_execute_segment_k_off_kernel__5x_cublas,backward,kernel,72,,,7581.709,72,,sum of physical GPU activity durations; not GPU wall-clock time
medium_ctx1024_train_step_fp32,cuda_activity,sm90_xmma_gemm_f32f32_tf32f32_f32_nn_n_tilesize128x256x32_warpgroupsize2x1x1_execute_segment_k_off_kernel__5x_cublas,backward,kernel,97,,,3078.088,97,,sum of physical GPU activity durations; not GPU wall-clock time
medium_ctx1024_train_step_fp32,cuda_activity,sm90_xmma_gemm_f32f32_tf32f32_f32_nn_n_tilesize64x128x32_warpgroupsize1x1x1_execute_segment_k_off_kernel__5x_cublas,backward,kernel,24,,,1903.587,24,,sum of physical GPU activity durations; not GPU wall-clock time
medium_ctx1024_train_step_fp32,cuda_activity,sm90_xmma_gemm_f32f32_tf32f32_f32_nt_n_tilesize128x256x32_warpgroupsize2x1x1_execute_segment_k_off_kernel__5x_cublas,backward,kernel,72,,,10005.996,72,,sum of physical GPU activity durations; not GPU wall-clock time
medium_ctx1024_train_step_fp32,cuda_activity,sm90_xmma_gemm_f32f32_tf32f32_f32_nt_n_tilesize256x128x32_warpgroupsize2x1x1_execute_segment_k_on_kernel__5x_cublas,backward,kernel,1,,,367.777,1,,sum of physical GPU activity durations; not GPU wall-clock time
medium_ctx1024_train_step_fp32,cuda_activity,sm90_xmma_gemm_f32f32_tf32f32_f32_tn_n_tilesize64x256x32_warpgroupsize1x1x1_execute_segment_k_off_kernel__5x_cublas,backward,kernel,24,,,2023.525,24,,sum of physical GPU activity durations; not GPU wall-clock time
medium_ctx1024_train_step_fp32,cuda_activity,"void (anonymous namespace)::elementwise_kernel_with_index<int, at::native::arange_cuda_out(c10::Scalar const&, c10::Scalar const&, c10::Scalar const&, at::Tensor&)::{lambda()#1}::operator()() const::{lambda()#4}::operator()() const::{lambda(long)#1}>(int, at::native::arange_cuda_out(c10::Scalar const&, c10::Scalar const&, c10::Scalar const&, at::Tensor&)::{lambda()#1}::operator()() const::{lambda()#4}::operator()() const::{lambda(long)#1}, function_traits<at::native::arange_cuda_out(c10::Scalar const&, c10::Scalar const&, c10::Scalar const&, at::Tensor&)::{lambda()#1}::operator()() const::{lambda()#4}::operator()() const::{lambda(long)#1}>::result_type*)",backward,kernel,1,,,1.184,1,,sum of physical GPU activity durations; not GPU wall-clock time
medium_ctx1024_train_step_fp32,cuda_activity,"void (anonymous namespace)::indexing_backward_kernel<float, 4>(long const*, long const*, float const*, float*, long, long, long, long, bool)",backward,kernel,1,,,13.536,1,,sum of physical GPU activity durations; not GPU wall-clock time
medium_ctx1024_train_step_fp32,cuda_activity,"void at::native::(anonymous namespace)::CatArrayBatchedCopy<at::native::(anonymous namespace)::OpaqueType<4u>, unsigned int, 4, 64, 64>(at::native::(anonymous namespace)::OpaqueType<4u>*, at::native::(anonymous namespace)::CatArrInputTensorMetadata<at::native::(anonymous namespace)::OpaqueType<4u>, unsigned int, 64, 64>, at::native::(anonymous namespace)::TensorSizeStride<unsigned int, 4u>, int, unsigned int)",backward,kernel,24,,,573.185,24,,sum of physical GPU activity durations; not GPU wall-clock time
medium_ctx1024_train_step_fp32,cuda_activity,"void at::native::(anonymous namespace)::CatArrayBatchedCopy_vectorized<at::native::(anonymous namespace)::OpaqueType<4u>, unsigned int, 1, 128, 1, 16, 4>(char*, at::native::(anonymous namespace)::CatArrInputTensorMetadata<at::native::(anonymous namespace)::OpaqueType<4u>, unsigned int, 128, 1>, at::native::(anonymous namespace)::TensorSizeStride<unsigned int, 4u>, int, unsigned int)",backward,kernel,24,,,209.471,24,,sum of physical GPU activity durations; not GPU wall-clock time
medium_ctx1024_train_step_fp32,cuda_activity,"void at::native::_scatter_gather_elementwise_kernel<128, 8, at::native::_cuda_scatter_gather_internal_kernel<true, at::native::OpaqueType<4>, long>::operator()<at::native::TensorAssign>(at::TensorIterator&, long, long, long, at::native::TensorAssign const&)::{lambda(int)#1}>(int, at::native::_cuda_scatter_gather_internal_kernel<true, at::native::OpaqueType<4>, long>::operator()<at::native::TensorAssign>(at::TensorIterator&, long, long, long, at::native::TensorAssign const&)::{lambda(int)#1})",backward,kernel,25,,,262.276,25,,sum of physical GPU activity durations; not GPU wall-clock time
medium_ctx1024_train_step_fp32,cuda_activity,"void at::native::_scatter_gather_elementwise_kernel<128, 8, at::native::_cuda_scatter_gather_internal_kernel<true, float, long>::operator()<at::native::ReduceAdd>(at::TensorIterator&, long, long, long, at::native::ReduceAdd const&)::{lambda(int)#1}>(int, at::native::_cuda_scatter_gather_internal_kernel<true, float, long>::operator()<at::native::ReduceAdd>(at::TensorIterator&, long, long, long, at::native::ReduceAdd const&)::{lambda(int)#1})",backward,kernel,1,,,9.632,1,,sum of physical GPU activity durations; not GPU wall-clock time
medium_ctx1024_train_step_fp32,cuda_activity,"void at::native::elementwise_kernel<128, 2, at::native::gpu_kernel_impl_nocast<at::native::(anonymous namespace)::where_kernel_impl(at::TensorIterator&)::{lambda()#1}::operator()() const::{lambda()#11}::operator()() const::{lambda(bool, float, float)#1}>(at::TensorIteratorBase&, at::native::(anonymous namespace)::where_kernel_impl(at::TensorIterator&)::{lambda()#1}::operator()() const::{lambda()#11}::operator()() const::{lambda(bool, float, float)#1} const&)::{lambda(int)#1}>(int, at::native::gpu_kernel_impl_nocast<at::native::(anonymous namespace)::where_kernel_impl(at::TensorIterator&)::{lambda()#1}::operator()() const::{lambda()#11}::operator()() const::{lambda(bool, float, float)#1}>(at::TensorIteratorBase&, at::native::(anonymous namespace)::where_kernel_impl(at::TensorIterator&)::{lambda()#1}::operator()() const::{lambda()#11}::operator()() const::{lambda(bool, float, float)#1} const&)::{lambda(int)#1})",backward,kernel,24,,,4667.945,24,,sum of physical GPU activity durations; not GPU wall-clock time
medium_ctx1024_train_step_fp32,cuda_activity,"void at::native::elementwise_kernel<128, 2, at::native::gpu_kernel_impl_nocast<at::native::BUnaryFunctor<float, float, float, at::native::binary_internal::MulFunctor<float> > >(at::TensorIteratorBase&, at::native::BUnaryFunctor<float, float, float, at::native::binary_internal::MulFunctor<float> > const&)::{lambda(int)#1}>(int, at::native::gpu_kernel_impl_nocast<at::native::BUnaryFunctor<float, float, float, at::native::binary_internal::MulFunctor<float> > >(at::TensorIteratorBase&, at::native::BUnaryFunctor<float, float, float, at::native::binary_internal::MulFunctor<float> > const&)::{lambda(int)#1})",backward,kernel,50,,,590.845,50,,sum of physical GPU activity durations; not GPU wall-clock time
medium_ctx1024_train_step_fp32,cuda_activity,"void at::native::elementwise_kernel<128, 2, at::native::gpu_kernel_impl_nocast<at::native::BinaryFunctor<float, float, float, at::native::binary_internal::DivFunctor<float> > >(at::TensorIteratorBase&, at::native::BinaryFunctor<float, float, float, at::native::binary_internal::DivFunctor<float> > const&)::{lambda(int)#1}>(int, at::native::gpu_kernel_impl_nocast<at::native::BinaryFunctor<float, float, float, at::native::binary_internal::DivFunctor<float> > >(at::TensorIteratorBase&, at::native::BinaryFunctor<float, float, float, at::native::binary_internal::DivFunctor<float> > const&)::{lambda(int)#1})",backward,kernel,72,,,16613.492,72,,sum of physical GPU activity durations; not GPU wall-clock time
medium_ctx1024_train_step_fp32,cuda_activity,"void at::native::elementwise_kernel<128, 2, at::native::gpu_kernel_impl_nocast<at::native::BinaryFunctor<float, float, float, at::native::binary_internal::MulFunctor<float> > >(at::TensorIteratorBase&, at::native::BinaryFunctor<float, float, float, at::native::binary_internal::MulFunctor<float> > const&)::{lambda(int)#1}>(int, at::native::gpu_kernel_impl_nocast<at::native::BinaryFunctor<float, float, float, at::native::binary_internal::MulFunctor<float> > >(at::TensorIteratorBase&, at::native::BinaryFunctor<float, float, float, at::native::binary_internal::MulFunctor<float> > const&)::{lambda(int)#1})",backward,kernel,291,,,3515.339,291,,sum of physical GPU activity durations; not GPU wall-clock time
medium_ctx1024_train_step_fp32,cuda_activity,"void at::native::elementwise_kernel<128, 2, at::native::gpu_kernel_impl_nocast<at::native::CUDAFunctor_add<float> >(at::TensorIteratorBase&, at::native::CUDAFunctor_add<float> const&)::{lambda(int)#1}>(int, at::native::gpu_kernel_impl_nocast<at::native::CUDAFunctor_add<float> >(at::TensorIteratorBase&, at::native::CUDAFunctor_add<float> const&)::{lambda(int)#1})",backward,kernel,24,,,4863.335,24,,sum of physical GPU activity durations; not GPU wall-clock time
medium_ctx1024_train_step_fp32,cuda_activity,"void at::native::elementwise_kernel<128, 2, at::native::gpu_kernel_impl_nocast<at::native::direct_copy_kernel_cuda(at::TensorIteratorBase&)::{lambda()#3}::operator()() const::{lambda()#7}::operator()() const::{lambda(float)#1}>(at::TensorIteratorBase&, at::native::direct_copy_kernel_cuda(at::TensorIteratorBase&)::{lambda()#3}::operator()() const::{lambda()#7}::operator()() const::{lambda(float)#1} const&)::{lambda(int)#1}>(int, at::native::gpu_kernel_impl_nocast<at::native::direct_copy_kernel_cuda(at::TensorIteratorBase&)::{lambda()#3}::operator()() const::{lambda()#7}::operator()() const::{lambda(float)#1}>(at::TensorIteratorBase&, at::native::direct_copy_kernel_cuda(at::TensorIteratorBase&)::{lambda()#3}::operator()() const::{lambda()#7}::operator()() const::{lambda(float)#1} const&)::{lambda(int)#1})",backward,kernel,313,,,5515.374,313,,sum of physical GPU activity durations; not GPU wall-clock time
medium_ctx1024_train_step_fp32,cuda_activity,"void at::native::elementwise_kernel<128, 2, at::native::gpu_kernel_impl_nocast<at::native::neg_kernel_cuda(at::TensorIteratorBase&)::{lambda()#2}::operator()() const::{lambda()#7}::operator()() const::{lambda(float)#1}>(at::TensorIteratorBase&, at::native::neg_kernel_cuda(at::TensorIteratorBase&)::{lambda()#2}::operator()() const::{lambda()#7}::operator()() const::{lambda(float)#1} const&)::{lambda(int)#1}>(int, at::native::gpu_kernel_impl_nocast<at::native::neg_kernel_cuda(at::TensorIteratorBase&)::{lambda()#2}::operator()() const::{lambda()#7}::operator()() const::{lambda(float)#1}>(at::TensorIteratorBase&, at::native::neg_kernel_cuda(at::TensorIteratorBase&)::{lambda()#2}::operator()() const::{lambda()#7}::operator()() const::{lambda(float)#1} const&)::{lambda(int)#1})",backward,kernel,48,,,424.071,48,,sum of physical GPU activity durations; not GPU wall-clock time
medium_ctx1024_train_step_fp32,cuda_activity,"void at::native::reduce_kernel<128, 4, at::native::ReduceOp<float, at::native::func_wrapper_t<float, at::native::sum_functor<float, float, float>::operator()(at::TensorIterator&)::{lambda(float, float)#1}>, unsigned int, float, 4, 4> >(at::native::ReduceOp<float, at::native::func_wrapper_t<float, at::native::sum_functor<float, float, float>::operator()(at::TensorIterator&)::{lambda(float, float)#1}>, unsigned int, float, 4, 4>)",backward,kernel,49,,,659.959,49,,sum of physical GPU activity durations; not GPU wall-clock time
medium_ctx1024_train_step_fp32,cuda_activity,"void at::native::reduce_kernel<512, 1, at::native::ReduceOp<float, at::native::func_wrapper_t<float, at::native::sum_functor<float, float, float>::operator()(at::TensorIterator&)::{lambda(float, float)#1}>, unsigned int, float, 4, 4> >(at::native::ReduceOp<float, at::native::func_wrapper_t<float, at::native::sum_functor<float, float, float>::operator()(at::TensorIterator&)::{lambda(float, float)#1}>, unsigned int, float, 4, 4>)",backward,kernel,99,,,4343.047,99,,sum of physical GPU activity durations; not GPU wall-clock time
medium_ctx1024_train_step_fp32,cuda_activity,"void at::native::vectorized_elementwise_kernel<2, at::native::AUnaryFunctor<long, long, long, at::native::binary_internal::MulFunctor<long> >, std::array<char*, 2ul> >(int, at::native::AUnaryFunctor<long, long, long, at::native::binary_internal::MulFunctor<long> >, std::array<char*, 2ul>)",backward,kernel,1,,,1.312,1,,sum of physical GPU activity durations; not GPU wall-clock time
medium_ctx1024_train_step_fp32,cuda_activity,"void at::native::vectorized_elementwise_kernel<2, at::native::BUnaryFunctor<long, long, long, at::native::binary_internal::div_trunc_kernel_cuda(at::TensorIteratorBase&)::{lambda()#1}::operator()() const::{lambda()#4}::operator()() const::{lambda(long, long)#1}>, std::array<char*, 2ul> >(int, at::native::BUnaryFunctor<long, long, long, at::native::binary_internal::div_trunc_kernel_cuda(at::TensorIteratorBase&)::{lambda()#1}::operator()() const::{lambda()#4}::operator()() const::{lambda(long, long)#1}>, std::array<char*, 2ul>)",backward,kernel,1,,,2.176,1,,sum of physical GPU activity durations; not GPU wall-clock time
medium_ctx1024_train_step_fp32,cuda_activity,"void at::native::vectorized_elementwise_kernel<2, at::native::BUnaryFunctor<long, long, long, at::native::remainder_kernel_cuda(at::TensorIteratorBase&)::{lambda()#1}::operator()() const::{lambda()#4}::operator()() const::{lambda(long, long)#1}>, std::array<char*, 2ul> >(int, at::native::BUnaryFunctor<long, long, long, at::native::remainder_kernel_cuda(at::TensorIteratorBase&)::{lambda()#1}::operator()() const::{lambda()#4}::operator()() const::{lambda(long, long)#1}>, std::array<char*, 2ul>)",backward,kernel,1,,,2.56,1,,sum of physical GPU activity durations; not GPU wall-clock time
medium_ctx1024_train_step_fp32,cuda_activity,"void at::native::vectorized_elementwise_kernel<4, at::native::(anonymous namespace)::pow_tensor_scalar_kernel_impl<float, float>(at::TensorIteratorBase&, float)::{lambda(float)#2}, std::array<char*, 2ul> >(int, at::native::(anonymous namespace)::pow_tensor_scalar_kernel_impl<float, float>(at::TensorIteratorBase&, float)::{lambda(float)#2}, std::array<char*, 2ul>)",backward,kernel,49,,,81.665,49,,sum of physical GPU activity durations; not GPU wall-clock time
medium_ctx1024_train_step_fp32,cuda_activity,"void at::native::vectorized_elementwise_kernel<4, at::native::AUnaryFunctor<float, float, float, at::native::binary_internal::MulFunctor<float> >, std::array<char*, 2ul> >(int, at::native::AUnaryFunctor<float, float, float, at::native::binary_internal::MulFunctor<float> >, std::array<char*, 2ul>)",backward,kernel,98,,,418.172,98,,sum of physical GPU activity durations; not GPU wall-clock time
medium_ctx1024_train_step_fp32,cuda_activity,"void at::native::vectorized_elementwise_kernel<4, at::native::BUnaryFunctor<float, float, float, at::native::binary_internal::MulFunctor<float> >, std::array<char*, 2ul> >(int, at::native::BUnaryFunctor<float, float, float, at::native::binary_internal::MulFunctor<float> >, std::array<char*, 2ul>)",backward,kernel,24,,,3052.611,24,,sum of physical GPU activity durations; not GPU wall-clock time
medium_ctx1024_train_step_fp32,cuda_activity,"void at::native::vectorized_elementwise_kernel<4, at::native::BinaryFunctor<float, float, float, at::native::binary_internal::DivFunctor<float> >, std::array<char*, 3ul> >(int, at::native::BinaryFunctor<float, float, float, at::native::binary_internal::DivFunctor<float> >, std::array<char*, 3ul>)",backward,kernel,1,,,2.144,1,,sum of physical GPU activity durations; not GPU wall-clock time
medium_ctx1024_train_step_fp32,cuda_activity,"void at::native::vectorized_elementwise_kernel<4, at::native::BinaryFunctor<float, float, float, at::native::binary_internal::MulFunctor<float> >, std::array<char*, 3ul> >(int, at::native::BinaryFunctor<float, float, float, at::native::binary_internal::MulFunctor<float> >, std::array<char*, 3ul>)",backward,kernel,340,,,15433.427,340,,sum of physical GPU activity durations; not GPU wall-clock time
medium_ctx1024_train_step_fp32,cuda_activity,"void at::native::vectorized_elementwise_kernel<4, at::native::CUDAFunctor_add<float>, std::array<char*, 3ul> >(int, at::native::CUDAFunctor_add<float>, std::array<char*, 3ul>)",backward,kernel,315,,,8526.861,315,,sum of physical GPU activity durations; not GPU wall-clock time
medium_ctx1024_train_step_fp32,cuda_activity,"void at::native::vectorized_elementwise_kernel<4, at::native::FillFunctor<float>, std::array<char*, 1ul> >(int, at::native::FillFunctor<float>, std::array<char*, 1ul>)",backward,kernel,52,,,1515.297,52,,sum of physical GPU activity durations; not GPU wall-clock time
medium_ctx1024_train_step_fp32,cuda_activity,"void at::native::vectorized_elementwise_kernel<4, at::native::neg_kernel_cuda(at::TensorIteratorBase&)::{lambda()#2}::operator()() const::{lambda()#7}::operator()() const::{lambda(float)#1}, std::array<char*, 2ul> >(int, at::native::neg_kernel_cuda(at::TensorIteratorBase&)::{lambda()#2}::operator()() const::{lambda()#7}::operator()() const::{lambda(float)#1}, std::array<char*, 2ul>)",backward,kernel,51,,,6301.0,51,,sum of physical GPU activity durations; not GPU wall-clock time
medium_ctx1024_train_step_fp32,cuda_activity,"void at::native::vectorized_elementwise_kernel<4, at::native::sigmoid_backward_kernel_cuda(at::TensorIteratorBase&)::{lambda()#2}::operator()() const::{lambda()#2}::operator()() const::{lambda(float, float)#1}, std::array<char*, 3ul> >(int, at::native::sigmoid_backward_kernel_cuda(at::TensorIteratorBase&)::{lambda()#2}::operator()() const::{lambda()#2}::operator()() const::{lambda(float, float)#1}, std::array<char*, 3ul>)",backward,kernel,24,,,1166.083,24,,sum of physical GPU activity durations; not GPU wall-clock time
medium_ctx1024_train_step_fp32,cuda_activity,"void at_cuda_detail::cub::DeviceRadixSortExclusiveSumKernel<at_cuda_detail::cub::DeviceRadixSortPolicy<long, at::cuda::cub::detail::OpaqueType<8>, unsigned long long>::Policy900, unsigned long long>(unsigned long long*)",backward,kernel,1,,,1.279,1,,sum of physical GPU activity durations; not GPU wall-clock time
medium_ctx1024_train_step_fp32,cuda_activity,"void at_cuda_detail::cub::DeviceRadixSortHistogramKernel<at_cuda_detail::cub::DeviceRadixSortPolicy<long, at::cuda::cub::detail::OpaqueType<8>, unsigned long long>::Policy900, false, long, unsigned long long, at_cuda_detail::cub::detail::identity_decomposer_t>(unsigned long long*, long const*, unsigned long long, int, int, at_cuda_detail::cub::detail::identity_decomposer_t)",backward,kernel,1,,,2.624,1,,sum of physical GPU activity durations; not GPU wall-clock time
medium_ctx1024_train_step_fp32,cuda_activity,"void at_cuda_detail::cub::DeviceRadixSortOnesweepKernel<at_cuda_detail::cub::DeviceRadixSortPolicy<long, at::cuda::cub::detail::OpaqueType<8>, unsigned long long>::Policy900, false, long, at::cuda::cub::detail::OpaqueType<8>, unsigned long long, int, int, at_cuda_detail::cub::detail::identity_decomposer_t>(int*, int*, unsigned long long*, unsigned long long const*, long*, long const*, at::cuda::cub::detail::OpaqueType<8>*, at::cuda::cub::detail::OpaqueType<8> const*, int, int, int, at_cuda_detail::cub::detail::identity_decomposer_t)",backward,kernel,2,,,13.792,2,,sum of physical GPU activity durations; not GPU wall-clock time
medium_ctx1024_train_step_fp32,cuda_activity,"void cublasLt::splitKreduce_kernel<32, 16, int, float, float, float, float, false, float, float, float, true, false, false>(cublasLt::cublasSplitKParams<float>, float const*, float const*, float*, float*, float const*, float const*, float const*, float const*, float*, void*, long, float*, int*, float*, float*, float const*, float const*, float const*, float const*, float const*)",backward,kernel,96,,,527.361,96,,sum of physical GPU activity durations; not GPU wall-clock time
medium_ctx1024_train_step_fp32,cuda_activity,void cutlass::Kernel2<cutlass_80_tensorop_s1688gemm_128x64_32x6_nt_align4>(cutlass_80_tensorop_s1688gemm_128x64_32x6_nt_align4::Params),backward,kernel,24,,,2055.011,24,,sum of physical GPU activity durations; not GPU wall-clock time
medium_ctx1024_train_step_fp32,cuda_activity,void cutlass::Kernel2<cutlass_80_tensorop_s1688gemm_256x128_16x3_nt_align4>(cutlass_80_tensorop_s1688gemm_256x128_16x3_nt_align4::Params),backward,kernel,96,,,4827.082,96,,sum of physical GPU activity durations; not GPU wall-clock time
medium_ctx1024_train_step_fp32,cuda_activity,void cutlass::Kernel2<cutlass_80_tensorop_s1688gemm_64x256_16x4_nt_align4>(cutlass_80_tensorop_s1688gemm_64x256_16x4_nt_align4::Params),backward,kernel,24,,,1880.9950000000001,24,,sum of physical GPU activity durations; not GPU wall-clock time
medium_ctx1024_train_step_fp32,cuda_activity,Memcpy DtoH (Device -> Pinned),optimizer,gpu_memcpy,1,,,2.592,0,,sum of physical GPU activity durations; not GPU wall-clock time
medium_ctx1024_train_step_fp32,cuda_activity,Memcpy HtoD (Pageable -> Device),optimizer,gpu_memcpy,1,,,0.735,0,,sum of physical GPU activity durations; not GPU wall-clock time
medium_ctx1024_train_step_fp32,cuda_activity,Memset (Device),optimizer,gpu_memset,170,,,169.344,0,,sum of physical GPU activity durations; not GPU wall-clock time
medium_ctx1024_train_step_fp32,cuda_activity,"void at::native::elementwise_kernel<128, 2, at::native::gpu_kernel_impl_nocast<at::native::BinaryFunctor<float, float, float, at::native::binary_internal::MulFunctor<float> > >(at::TensorIteratorBase&, at::native::BinaryFunctor<float, float, float, at::native::binary_internal::MulFunctor<float> > const&)::{lambda(int)#1}>(int, at::native::gpu_kernel_impl_nocast<at::native::BinaryFunctor<float, float, float, at::native::binary_internal::MulFunctor<float> > >(at::TensorIteratorBase&, at::native::BinaryFunctor<float, float, float, at::native::binary_internal::MulFunctor<float> > const&)::{lambda(int)#1})",optimizer,kernel,219,,,1748.001,219,,sum of physical GPU activity durations; not GPU wall-clock time
medium_ctx1024_train_step_fp32,cuda_activity,"void at::native::reduce_kernel<512, 1, at::native::ReduceOp<float, at::native::func_wrapper_t<float, at::native::sum_functor<float, float, float>::operator()(at::TensorIterator&)::{lambda(float, float)#1}>, unsigned int, float, 4, 4> >(at::native::ReduceOp<float, at::native::func_wrapper_t<float, at::native::sum_functor<float, float, float>::operator()(at::TensorIterator&)::{lambda(float, float)#1}>, unsigned int, float, 4, 4>)",optimizer,kernel,219,,,1268.097,219,,sum of physical GPU activity durations; not GPU wall-clock time
medium_ctx1024_train_step_fp32,cuda_activity,"void at::native::vectorized_elementwise_kernel<4, at::native::(anonymous namespace)::pow_tensor_scalar_kernel_impl<float, float>(at::TensorIteratorBase&, float)::{lambda(float)#1}, std::array<char*, 2ul> >(int, at::native::(anonymous namespace)::pow_tensor_scalar_kernel_impl<float, float>(at::TensorIteratorBase&, float)::{lambda(float)#1}, std::array<char*, 2ul>)",optimizer,kernel,438,,,2139.369,438,,sum of physical GPU activity durations; not GPU wall-clock time
medium_ctx1024_train_step_fp32,cuda_activity,"void at::native::vectorized_elementwise_kernel<4, at::native::AUnaryFunctor<float, float, float, at::native::binary_internal::MulFunctor<float> >, std::array<char*, 2ul> >(int, at::native::AUnaryFunctor<float, float, float, at::native::binary_internal::MulFunctor<float> >, std::array<char*, 2ul>)",optimizer,kernel,1315,,,6469.427,1315,,sum of physical GPU activity durations; not GPU wall-clock time
medium_ctx1024_train_step_fp32,cuda_activity,"void at::native::vectorized_elementwise_kernel<4, at::native::BinaryFunctor<float, float, float, at::native::binary_internal::DivFunctor<float> >, std::array<char*, 3ul> >(int, at::native::BinaryFunctor<float, float, float, at::native::binary_internal::DivFunctor<float> >, std::array<char*, 3ul>)",optimizer,kernel,219,,,1228.134,219,,sum of physical GPU activity durations; not GPU wall-clock time
medium_ctx1024_train_step_fp32,cuda_activity,"void at::native::vectorized_elementwise_kernel<4, at::native::CUDAFunctorOnSelf_add<float>, std::array<char*, 2ul> >(int, at::native::CUDAFunctorOnSelf_add<float>, std::array<char*, 2ul>)",optimizer,kernel,220,,,831.6469999999999,220,,sum of physical GPU activity durations; not GPU wall-clock time
medium_ctx1024_train_step_fp32,cuda_activity,"void at::native::vectorized_elementwise_kernel<4, at::native::CUDAFunctor_add<float>, std::array<char*, 3ul> >(int, at::native::CUDAFunctor_add<float>, std::array<char*, 3ul>)",optimizer,kernel,1095,,,4896.252,1095,,sum of physical GPU activity durations; not GPU wall-clock time
medium_ctx1024_train_step_fp32,cuda_activity,"void at::native::vectorized_elementwise_kernel<4, at::native::FillFunctor<float>, std::array<char*, 1ul> >(int, at::native::FillFunctor<float>, std::array<char*, 1ul>)",optimizer,kernel,438,,,1251.142,438,,sum of physical GPU activity durations; not GPU wall-clock time
medium_ctx1024_train_step_fp32,cuda_activity,"void at::native::vectorized_elementwise_kernel<4, at::native::compare_scalar_kernel<float>(at::TensorIteratorBase&, at::native::(anonymous namespace)::OpType, float)::{lambda(float)#1}, std::array<char*, 2ul> >(int, at::native::compare_scalar_kernel<float>(at::TensorIteratorBase&, at::native::(anonymous namespace)::OpType, float)::{lambda(float)#1}, std::array<char*, 2ul>)",optimizer,kernel,1,,,1.76,1,,sum of physical GPU activity durations; not GPU wall-clock time
medium_ctx1024_train_step_fp32,cuda_activity,"void at::native::vectorized_elementwise_kernel<4, at::native::reciprocal_kernel_cuda(at::TensorIteratorBase&)::{lambda()#1}::operator()() const::{lambda()#2}::operator()() const::{lambda(float)#1}, std::array<char*, 2ul> >(int, at::native::reciprocal_kernel_cuda(at::TensorIteratorBase&)::{lambda()#1}::operator()() const::{lambda()#2}::operator()() const::{lambda(float)#1}, std::array<char*, 2ul>)",optimizer,kernel,1,,,1.472,1,,sum of physical GPU activity durations; not GPU wall-clock time
medium_ctx1024_train_step_fp32,cuda_activity,"void at::native::vectorized_elementwise_kernel<4, at::native::sqrt_kernel_cuda(at::TensorIteratorBase&)::{lambda()#2}::operator()() const::{lambda()#2}::operator()() const::{lambda(float)#1}, std::array<char*, 2ul> >(int, at::native::sqrt_kernel_cuda(at::TensorIteratorBase&)::{lambda()#2}::operator()() const::{lambda()#2}::operator()() const::{lambda(float)#1}, std::array<char*, 2ul>)",optimizer,kernel,220,,,1042.764,220,,sum of physical GPU activity durations; not GPU wall-clock time
