{
  "seed": 42,
  "steps": 10,
  "runs": {
    "1e+01": {
      "learning_rate": 10.0,
      "losses": [
        24.16925811767578,
        15.4683256149292,
        11.402588844299316,
        8.921307563781738,
        7.226259708404541,
        5.991397857666016,
        5.05294942855835,
        4.317888259887695,
        3.7288362979888916,
        3.2482306957244873
      ],
      "behavior": "decreasing"
    },
    "1e+02": {
      "learning_rate": 100.0,
      "losses": [
        24.16925811767578,
        24.16925621032715,
        4.146788120269775,
        0.09924197942018509,
        1.1099069754567123e-16,
        1.2370604967943583e-18,
        4.165617910683972e-20,
        2.4814871096449224e-21,
        2.1287793967155855e-22,
        2.365311071883819e-23
      ],
      "behavior": "decreasing"
    },
    "1e+03": {
      "learning_rate": 1000.0,
      "losses": [
        24.16925811767578,
        8725.1025390625,
        1506962.375,
        167633472.0,
        13578311680.0,
        856946966528.0,
        43992855085056.0,
        1892760814616576.0,
        6.976312801912422e+16,
        2.2401715161488425e+18
      ],
      "behavior": "diverging"
    }
  }
}
