{
  "tinystories_train": {
    "source": "TinyStoriesV2-GPT4-train.txt",
    "tokens": 540796778,
    "dtype": "uint16",
    "elapsed_sec": 84.060342380777,
    "tokens_per_sec": 6433435.347554211,
    "num_processes": 8
  },
  "tinystories_valid": {
    "source": "TinyStoriesV2-GPT4-valid.txt",
    "tokens": 5461210,
    "dtype": "uint16",
    "elapsed_sec": 1.342979058623314,
    "tokens_per_sec": 4066489.320837422,
    "num_processes": 8
  },
  "owt_train": {
    "source": "owt_train.txt",
    "tokens": 2727120452,
    "dtype": "uint16",
    "elapsed_sec": 631.3175499327481,
    "tokens_per_sec": 4319728.561784018,
    "num_processes": 8
  },
  "owt_valid": {
    "source": "owt_valid.txt",
    "tokens": 66401098,
    "dtype": "uint16",
    "elapsed_sec": 19.451628115028143,
    "tokens_per_sec": 3413652.451472643,
    "num_processes": 8
  }
}
