{
  "ablation": {
    "post_norm": true
  },
  "batch_size": 128,
  "best_val_loss": 1.7066162824630737,
  "context_length": 256,
  "final_train_loss": 1.6928390264511108,
  "final_val_loss": 1.7173395156860352,
  "max_cuda_memory_bytes": 11740683264,
  "model": {
    "context_length": 256,
    "d_ff": 1344,
    "d_model": 512,
    "num_heads": 16,
    "num_layers": 4,
    "rope_theta": 10000.0,
    "vocab_size": 10000
  },
  "parameter_count": 22696448,
  "processed_tokens": 49152000,
  "run_name": "ablation_post_norm",
  "steps": 1500,
  "tokens_per_sec": 157735.5794992547,
  "total_training_sec": 311.6101018935442
}