{
  "ablation": {},
  "batch_size": 64,
  "best_val_loss": 4.188477993011475,
  "context_length": 256,
  "final_train_loss": 4.054018974304199,
  "final_val_loss": 4.199196815490723,
  "max_cuda_memory_bytes": 10654047232,
  "model": {
    "context_length": 256,
    "d_ff": 1344,
    "d_model": 512,
    "num_heads": 16,
    "num_layers": 4,
    "rope_theta": 10000.0,
    "vocab_size": 32000
  },
  "parameter_count": 45224448,
  "processed_tokens": 163840000,
  "run_name": "owt_baseline",
  "steps": 10000,
  "tokens_per_sec": 116670.6606237103,
  "total_training_sec": 1404.2947826310992
}