{
  "ablation": {
    "ffn_type": "silu"
  },
  "batch_size": 128,
  "best_val_loss": 1.7876942157745361,
  "context_length": 256,
  "final_train_loss": 1.7701282501220703,
  "final_val_loss": 1.7974132299423218,
  "max_cuda_memory_bytes": 11428273152,
  "model": {
    "context_length": 256,
    "d_ff": 2016,
    "d_model": 512,
    "num_heads": 16,
    "num_layers": 4,
    "rope_theta": 10000.0,
    "vocab_size": 10000
  },
  "parameter_count": 22696448,
  "processed_tokens": 49152000,
  "run_name": "ablation_silu",
  "steps": 1500,
  "tokens_per_sec": 159012.19999792575,
  "total_training_sec": 309.1083577275276
}