{
  "tinystories": {
    "num_bytes": 500170,
    "num_tokens": 157181,
    "compression_ratio_bytes_per_token": 3.18212761084355,
    "longest_token_bytes": 13,
    "throughput_bytes_per_sec": 537693.6562881013
  },
  "owt": {
    "num_bytes": 503943,
    "num_tokens": 213107,
    "compression_ratio_bytes_per_token": 2.3647416556002385,
    "longest_token_bytes": 13,
    "throughput_bytes_per_sec": 518302.9296186605
  },
  "slice_chars": {
    "tinystories": 5000000,
    "owt": 5000000
  }
}
