{
  "d_model": 512,
  "num_layers": 4,
  "num_heads": 16,
  "d_ff": 1344,
  "context_length": 256,
  "batch_size": 32,
  "num_steps": 10000,
  "vocab_size": 10000,
  "rope_theta": 10000.0,
  "lr": 0.001,
  "warmup_iters": 100,
  "cosine_cycle_iters": 10000,
  "weight_decay": 0.01,
  "ablation": "none",
  "n_params": 22696448,
  "final_val_loss": 1.5126464128494264,
  "total_train_time_sec": 717.9739682674408,
  "total_steps": 10000,
  "total_tokens_processed": 81920000
}