run_id,model_size,batch_size,context_length,mode,dtype,tool,command,scope,op_or_kernel,evidence_source,name,calls,cpu_time_us,cuda_time_us,attribution
small_b4_ctx256_fp32_train_step,small,4,256,train_step,fp32,torch.profiler,python profiling/benchmark.py --model-size small --batch-size 4 --context-length 256 --mode train_step --warmup 5 --steps 1 --dtype fp32 --seed 42 --device cuda --profile torch --output results/profile/result.json,profiler_native,annotation,torch.profiler.record_function_cpu_annotation,attention/scores,12,2592.033,427.84,CPU-side torch.profiler record_function aggregate; paired GPU annotation mirror omitted
small_b4_ctx256_fp32_train_step,small,4,256,train_step,fp32,torch.profiler,python profiling/benchmark.py --model-size small --batch-size 4 --context-length 256 --mode train_step --warmup 5 --steps 1 --dtype fp32 --seed 42 --device cuda --profile torch --output results/profile/result.json,profiler_native,annotation,torch.profiler.record_function_cpu_annotation,attention/softmax,12,1670.253,529.087,CPU-side torch.profiler record_function aggregate; paired GPU annotation mirror omitted
small_b4_ctx256_fp32_train_step,small,4,256,train_step,fp32,torch.profiler,python profiling/benchmark.py --model-size small --batch-size 4 --context-length 256 --mode train_step --warmup 5 --steps 1 --dtype fp32 --seed 42 --device cuda --profile torch --output results/profile/result.json,profiler_native,annotation,torch.profiler.record_function_cpu_annotation,attention/value,12,1710.222,272.351,CPU-side torch.profiler record_function aggregate; paired GPU annotation mirror omitted
small_b4_ctx256_fp32_train_step,small,4,256,train_step,fp32,torch.profiler,python profiling/benchmark.py --model-size small --batch-size 4 --context-length 256 --mode train_step --warmup 5 --steps 1 --dtype fp32 --seed 42 --device cuda --profile torch --output results/profile/result.json,profiler_native,annotation,torch.profiler.record_function_cpu_annotation,backward,1,46182.203,1.28,CPU-side torch.profiler record_function aggregate; paired GPU annotation mirror omitted
small_b4_ctx256_fp32_train_step,small,4,256,train_step,fp32,torch.profiler,python profiling/benchmark.py --model-size small --batch-size 4 --context-length 256 --mode train_step --warmup 5 --steps 1 --dtype fp32 --seed 42 --device cuda --profile torch --output results/profile/result.json,profiler_native,annotation,torch.profiler.record_function_cpu_annotation,forward,1,24234.834,9376.465,CPU-side torch.profiler record_function aggregate; paired GPU annotation mirror omitted
small_b4_ctx256_fp32_train_step,small,4,256,train_step,fp32,torch.profiler,python profiling/benchmark.py --model-size small --batch-size 4 --context-length 256 --mode train_step --warmup 5 --steps 1 --dtype fp32 --seed 42 --device cuda --profile torch --output results/profile/result.json,profiler_native,annotation,torch.profiler.record_function_cpu_annotation,optimizer,1,24467.113,6019.928,CPU-side torch.profiler record_function aggregate; paired GPU annotation mirror omitted
small_b4_ctx256_fp32_train_step,small,4,256,train_step,fp32,torch.profiler,python profiling/benchmark.py --model-size small --batch-size 4 --context-length 256 --mode train_step --warmup 5 --steps 1 --dtype fp32 --seed 42 --device cuda --profile torch --output results/profile/result.json,profiler_native,annotation,torch.profiler.record_function_cpu_annotation,profile/measure,1,96335.512,15593.032,CPU-side torch.profiler record_function aggregate; paired GPU annotation mirror omitted
small_b4_ctx256_fp32_train_step,small,4,256,train_step,fp32,torch.profiler,python profiling/benchmark.py --model-size small --batch-size 4 --context-length 256 --mode train_step --warmup 5 --steps 1 --dtype fp32 --seed 42 --device cuda --profile torch --output results/profile/result.json,profiler_native,annotation,torch.profiler.record_function_cpu_annotation,profile/warmup,1,436.47,0,CPU-side torch.profiler record_function aggregate; paired GPU annotation mirror omitted
small_b4_ctx256_fp32_train_step,small,4,256,train_step,fp32,torch.profiler,python profiling/benchmark.py --model-size small --batch-size 4 --context-length 256 --mode train_step --warmup 5 --steps 1 --dtype fp32 --seed 42 --device cuda --profile torch --output results/profile/result.json,synchronized_phase_wall,phase_wall,synchronized_wall_clock,backward,1,46069.2482,,synchronized wall clock; CUDA time intentionally blank
small_b4_ctx256_fp32_train_step,small,4,256,train_step,fp32,torch.profiler,python profiling/benchmark.py --model-size small --batch-size 4 --context-length 256 --mode train_step --warmup 5 --steps 1 --dtype fp32 --seed 42 --device cuda --profile torch --output results/profile/result.json,synchronized_phase_wall,phase_wall,synchronized_wall_clock,forward,1,24620.5769,,synchronized wall clock; CUDA time intentionally blank
small_b4_ctx256_fp32_train_step,small,4,256,train_step,fp32,torch.profiler,python profiling/benchmark.py --model-size small --batch-size 4 --context-length 256 --mode train_step --warmup 5 --steps 1 --dtype fp32 --seed 42 --device cuda --profile torch --output results/profile/result.json,synchronized_phase_wall,phase_wall,synchronized_wall_clock,loss,1,50.1120016,,synchronized wall clock; CUDA time intentionally blank
small_b4_ctx256_fp32_train_step,small,4,256,train_step,fp32,torch.profiler,python profiling/benchmark.py --model-size small --batch-size 4 --context-length 256 --mode train_step --warmup 5 --steps 1 --dtype fp32 --seed 42 --device cuda --profile torch --output results/profile/result.json,synchronized_phase_wall,phase_wall,synchronized_wall_clock,optimizer,1,24525.856,,synchronized wall clock; CUDA time intentionally blank
small_b4_ctx256_fp32_train_step,small,4,256,train_step,fp32,torch.profiler,python profiling/benchmark.py --model-size small --batch-size 4 --context-length 256 --mode train_step --warmup 5 --steps 1 --dtype fp32 --seed 42 --device cuda --profile torch --output results/profile/result.json,synchronized_phase_wall,phase_wall,synchronized_wall_clock,total,1,95640.7133,,synchronized wall clock; CUDA time intentionally blank
small_b4_ctx256_fp32_train_step,small,4,256,train_step,fp32,torch.profiler,python profiling/benchmark.py --model-size small --batch-size 4 --context-length 256 --mode train_step --warmup 5 --steps 1 --dtype fp32 --seed 42 --device cuda --profile torch --output results/profile/result.json,synchronized_phase_wall,phase_wall,synchronized_wall_clock,zero_grad,1,254.527986,,synchronized wall clock; CUDA time intentionally blank
small_b4_ctx256_fp32_train_step,small,4,256,train_step,fp32,torch.profiler,python profiling/benchmark.py --model-size small --batch-size 4 --context-length 256 --mode train_step --warmup 5 --steps 1 --dtype fp32 --seed 42 --device cuda --profile torch --output results/profile/result.json,profiler_native,operator,torch.profiler.key_averages,Optimizer.step#AdamW.step,1,0,24411.012,torch.profiler native aggregate
small_b4_ctx256_fp32_train_step,small,4,256,train_step,fp32,torch.profiler,python profiling/benchmark.py --model-size small --batch-size 4 --context-length 256 --mode train_step --warmup 5 --steps 1 --dtype fp32 --seed 42 --device cuda --profile torch --output results/profile/result.json,profiler_native,operator,torch.profiler.key_averages,aten::bmm,327,7997.035,21202.506,torch.profiler native aggregate
small_b4_ctx256_fp32_train_step,small,4,256,train_step,fp32,torch.profiler,python profiling/benchmark.py --model-size small --batch-size 4 --context-length 256 --mode train_step --warmup 5 --steps 1 --dtype fp32 --seed 42 --device cuda --profile torch --output results/profile/result.json,profiler_native,operator,torch.profiler.key_averages,autograd::engine::evaluate_function: BmmBackward0,109,6752.117,14093.143,torch.profiler native aggregate
small_b4_ctx256_fp32_train_step,small,4,256,train_step,fp32,torch.profiler,python profiling/benchmark.py --model-size small --batch-size 4 --context-length 256 --mode train_step --warmup 5 --steps 1 --dtype fp32 --seed 42 --device cuda --profile torch --output results/profile/result.json,profiler_native,operator,torch.profiler.key_averages,BmmBackward0,109,5942.718,14093.143,torch.profiler native aggregate
small_b4_ctx256_fp32_train_step,small,4,256,train_step,fp32,torch.profiler,python profiling/benchmark.py --model-size small --batch-size 4 --context-length 256 --mode train_step --warmup 5 --steps 1 --dtype fp32 --seed 42 --device cuda --profile torch --output results/profile/result.json,profiler_native,operator,torch.profiler.key_averages,aten::einsum,109,8536.677,7172.755,torch.profiler native aggregate
small_b4_ctx256_fp32_train_step,small,4,256,train_step,fp32,torch.profiler,python profiling/benchmark.py --model-size small --batch-size 4 --context-length 256 --mode train_step --warmup 5 --steps 1 --dtype fp32 --seed 42 --device cuda --profile torch --output results/profile/result.json,profiler_native,operator,torch.profiler.key_averages,Optimizer.step#AdamW.step,1,24416.519,6019.928,torch.profiler native aggregate
small_b4_ctx256_fp32_train_step,small,4,256,train_step,fp32,torch.profiler,python profiling/benchmark.py --model-size small --batch-size 4 --context-length 256 --mode train_step --warmup 5 --steps 1 --dtype fp32 --seed 42 --device cuda --profile torch --output results/profile/result.json,profiler_native,operator,torch.profiler.key_averages,sm80_xmma_gemm_f32f32_f32f32_f32_tn_n_tilesize64x64x8_stage3_warpsize1x4x1_ffma_aligna4_alignc4_execute_kernel__5x_cublas,96,0,5347.511,torch.profiler native aggregate
small_b4_ctx256_fp32_train_step,small,4,256,train_step,fp32,torch.profiler,python profiling/benchmark.py --model-size small --batch-size 4 --context-length 256 --mode train_step --warmup 5 --steps 1 --dtype fp32 --seed 42 --device cuda --profile torch --output results/profile/result.json,profiler_native,operator,torch.profiler.key_averages,aten::mul,1205,12894.167,4756.992,torch.profiler native aggregate
small_b4_ctx256_fp32_train_step,small,4,256,train_step,fp32,torch.profiler,python profiling/benchmark.py --model-size small --batch-size 4 --context-length 256 --mode train_step --warmup 5 --steps 1 --dtype fp32 --seed 42 --device cuda --profile torch --output results/profile/result.json,profiler_native,operator,torch.profiler.key_averages,void cutlass::Kernel2<cutlass_80_simt_sgemm_128x256_8x4_nt_align1>(cutlass_80_simt_sgemm_128x256_8x4_nt_align1::Params),72,0,4586.106,torch.profiler native aggregate
small_b4_ctx256_fp32_train_step,small,4,256,train_step,fp32,torch.profiler,python profiling/benchmark.py --model-size small --batch-size 4 --context-length 256 --mode train_step --warmup 5 --steps 1 --dtype fp32 --seed 42 --device cuda --profile torch --output results/profile/result.json,profiler_native,operator,torch.profiler.key_averages,sm80_xmma_gemm_f32f32_f32f32_f32_nn_n_tilesize64x64x8_stage3_warpsize1x4x1_ffma_aligna4_alignc4_execute_kernel__5x_cublas,84,0,3520.765,torch.profiler native aggregate
small_b4_ctx256_fp32_train_step,small,4,256,train_step,fp32,torch.profiler,python profiling/benchmark.py --model-size small --batch-size 4 --context-length 256 --mode train_step --warmup 5 --steps 1 --dtype fp32 --seed 42 --device cuda --profile torch --output results/profile/result.json,profiler_native,operator,torch.profiler.key_averages,void cutlass::Kernel2<cutlass_80_simt_sgemm_256x128_8x4_nn_align1>(cutlass_80_simt_sgemm_256x128_8x4_nn_align1::Params),24,0,2785.437,torch.profiler native aggregate
small_b4_ctx256_fp32_train_step,small,4,256,train_step,fp32,torch.profiler,python profiling/benchmark.py --model-size small --batch-size 4 --context-length 256 --mode train_step --warmup 5 --steps 1 --dtype fp32 --seed 42 --device cuda --profile torch --output results/profile/result.json,profiler_native,operator,torch.profiler.key_averages,"void at::native::vectorized_elementwise_kernel<4, at::native::AUnaryFunctor<float, float, float, at::native::binary_internal::MulFunctor<float> >, std::array<char*, 2ul> >(int, at::native::AUnaryFunctor<float, float, float, at::native::binary_internal::MulFunctor<float> >, std::array<char*, 2ul>)",716,0,2502.605,torch.profiler native aggregate
small_b4_ctx256_fp32_train_step,small,4,256,train_step,fp32,torch.profiler,python profiling/benchmark.py --model-size small --batch-size 4 --context-length 256 --mode train_step --warmup 5 --steps 1 --dtype fp32 --seed 42 --device cuda --profile torch --output results/profile/result.json,profiler_native,operator,torch.profiler.key_averages,"void at::native::vectorized_elementwise_kernel<4, at::native::CUDAFunctor_add<float>, std::array<char*, 3ul> >(int, at::native::CUDAFunctor_add<float>, std::array<char*, 3ul>)",673,0,2377.183,torch.profiler native aggregate
small_b4_ctx256_fp32_train_step,small,4,256,train_step,fp32,torch.profiler,python profiling/benchmark.py --model-size small --batch-size 4 --context-length 256 --mode train_step --warmup 5 --steps 1 --dtype fp32 --seed 42 --device cuda --profile torch --output results/profile/result.json,profiler_native,operator,torch.profiler.key_averages,sm80_xmma_gemm_f32f32_f32f32_f32_nt_n_tilesize64x64x8_stage3_warpsize1x4x1_ffma_aligna4_alignc4_execute_kernel__5x_cublas,36,0,2014.463,torch.profiler native aggregate
small_b4_ctx256_fp32_train_step,small,4,256,train_step,fp32,torch.profiler,python profiling/benchmark.py --model-size small --batch-size 4 --context-length 256 --mode train_step --warmup 5 --steps 1 --dtype fp32 --seed 42 --device cuda --profile torch --output results/profile/result.json,profiler_native,operator,torch.profiler.key_averages,autograd::engine::evaluate_function: MulBackward0,170,5593.261,1804.94,torch.profiler native aggregate
small_b4_ctx256_fp32_train_step,small,4,256,train_step,fp32,torch.profiler,python profiling/benchmark.py --model-size small --batch-size 4 --context-length 256 --mode train_step --warmup 5 --steps 1 --dtype fp32 --seed 42 --device cuda --profile torch --output results/profile/result.json,profiler_native,operator,torch.profiler.key_averages,aten::copy_,207,2207.044,1525.758,torch.profiler native aggregate
small_b4_ctx256_fp32_train_step,small,4,256,train_step,fp32,torch.profiler,python profiling/benchmark.py --model-size small --batch-size 4 --context-length 256 --mode train_step --warmup 5 --steps 1 --dtype fp32 --seed 42 --device cuda --profile torch --output results/profile/result.json,profiler_native,operator,torch.profiler.key_averages,"void at::native::elementwise_kernel<128, 2, at::native::gpu_kernel_impl_nocast<at::native::direct_copy_kernel_cuda(at::TensorIteratorBase&)::{lambda()#3}::operator()() const::{lambda()#7}::operator()() const::{lambda(float)#1}>(at::TensorIteratorBase&, at::native::direct_copy_kernel_cuda(at::TensorIteratorBase&)::{lambda()#3}::operator()() const::{lambda()#7}::operator()() const::{lambda(float)#1} const&)::{lambda(int)#1}>(int, at::native::gpu_kernel_impl_nocast<at::native::direct_copy_kernel_cuda(at::TensorIteratorBase&)::{lambda()#3}::operator()() const::{lambda()#7}::operator()() const::{lambda(float)#1}>(at::TensorIteratorBase&, at::native::direct_copy_kernel_cuda(at::TensorIteratorBase&)::{lambda()#3}::operator()() const::{lambda()#7}::operator()() const::{lambda(float)#1} const&)::{lambda(int)#1})",181,0,1463.837,torch.profiler native aggregate
small_b4_ctx256_fp32_train_step,small,4,256,train_step,fp32,torch.profiler,python profiling/benchmark.py --model-size small --batch-size 4 --context-length 256 --mode train_step --warmup 5 --steps 1 --dtype fp32 --seed 42 --device cuda --profile torch --output results/profile/result.json,profiler_native,operator,torch.profiler.key_averages,aten::add,430,4563.214,1388.617,torch.profiler native aggregate
small_b4_ctx256_fp32_train_step,small,4,256,train_step,fp32,torch.profiler,python profiling/benchmark.py --model-size small --batch-size 4 --context-length 256 --mode train_step --warmup 5 --steps 1 --dtype fp32 --seed 42 --device cuda --profile torch --output results/profile/result.json,profiler_native,operator,torch.profiler.key_averages,sm80_xmma_gemm_f32f32_f32f32_f32_tn_n_tilesize128x128x8_stage3_warpsize2x2x1_ffma_aligna4_alignc4_execute_kernel__5x_cublas,12,0,1275.006,torch.profiler native aggregate
small_b4_ctx256_fp32_train_step,small,4,256,train_step,fp32,torch.profiler,python profiling/benchmark.py --model-size small --batch-size 4 --context-length 256 --mode train_step --warmup 5 --steps 1 --dtype fp32 --seed 42 --device cuda --profile torch --output results/profile/result.json,profiler_native,operator,torch.profiler.key_averages,aten::div,208,2434.618,1262.751,torch.profiler native aggregate
small_b4_ctx256_fp32_train_step,small,4,256,train_step,fp32,torch.profiler,python profiling/benchmark.py --model-size small --batch-size 4 --context-length 256 --mode train_step --warmup 5 --steps 1 --dtype fp32 --seed 42 --device cuda --profile torch --output results/profile/result.json,profiler_native,operator,torch.profiler.key_averages,MulBackward0,170,2907.861,1250.355,torch.profiler native aggregate
small_b4_ctx256_fp32_train_step,small,4,256,train_step,fp32,torch.profiler,python profiling/benchmark.py --model-size small --batch-size 4 --context-length 256 --mode train_step --warmup 5 --steps 1 --dtype fp32 --seed 42 --device cuda --profile torch --output results/profile/result.json,profiler_native,operator,torch.profiler.key_averages,"void at::native::vectorized_elementwise_kernel<4, at::native::BinaryFunctor<float, float, float, at::native::binary_internal::MulFunctor<float> >, std::array<char*, 3ul> >(int, at::native::BinaryFunctor<float, float, float, at::native::binary_internal::MulFunctor<float> >, std::array<char*, 3ul>)",196,0,1135.202,torch.profiler native aggregate
small_b4_ctx256_fp32_train_step,small,4,256,train_step,fp32,torch.profiler,python profiling/benchmark.py --model-size small --batch-size 4 --context-length 256 --mode train_step --warmup 5 --steps 1 --dtype fp32 --seed 42 --device cuda --profile torch --output results/profile/result.json,profiler_native,operator,torch.profiler.key_averages,"void at::native::elementwise_kernel<128, 2, at::native::gpu_kernel_impl_nocast<at::native::BinaryFunctor<float, float, float, at::native::binary_internal::MulFunctor<float> > >(at::TensorIteratorBase&, at::native::BinaryFunctor<float, float, float, at::native::binary_internal::MulFunctor<float> > const&)::{lambda(int)#1}>(int, at::native::gpu_kernel_impl_nocast<at::native::BinaryFunctor<float, float, float, at::native::binary_internal::MulFunctor<float> > >(at::TensorIteratorBase&, at::native::BinaryFunctor<float, float, float, at::native::binary_internal::MulFunctor<float> > const&)::{lambda(int)#1})",292,0,1117.745,torch.profiler native aggregate
small_b4_ctx256_fp32_train_step,small,4,256,train_step,fp32,torch.profiler,python profiling/benchmark.py --model-size small --batch-size 4 --context-length 256 --mode train_step --warmup 5 --steps 1 --dtype fp32 --seed 42 --device cuda --profile torch --output results/profile/result.json,profiler_native,operator,torch.profiler.key_averages,autograd::engine::evaluate_function: torch::autograd::AccumulateGrad,111,2067.994,1045.534,torch.profiler native aggregate
small_b4_ctx256_fp32_train_step,small,4,256,train_step,fp32,torch.profiler,python profiling/benchmark.py --model-size small --batch-size 4 --context-length 256 --mode train_step --warmup 5 --steps 1 --dtype fp32 --seed 42 --device cuda --profile torch --output results/profile/result.json,profiler_native,operator,torch.profiler.key_averages,torch::autograd::AccumulateGrad,111,1706.681,1045.534,torch.profiler native aggregate
small_b4_ctx256_fp32_train_step,small,4,256,train_step,fp32,torch.profiler,python profiling/benchmark.py --model-size small --batch-size 4 --context-length 256 --mode train_step --warmup 5 --steps 1 --dtype fp32 --seed 42 --device cuda --profile torch --output results/profile/result.json,profiler_native,operator,torch.profiler.key_averages,aten::sub_,222,1773.942,821.948,torch.profiler native aggregate
small_b4_ctx256_fp32_train_step,small,4,256,train_step,fp32,torch.profiler,python profiling/benchmark.py --model-size small --batch-size 4 --context-length 256 --mode train_step --warmup 5 --steps 1 --dtype fp32 --seed 42 --device cuda --profile torch --output results/profile/result.json,profiler_native,operator,torch.profiler.key_averages,autograd::engine::evaluate_function: DivBackward0,24,1253.257,808.575,torch.profiler native aggregate
small_b4_ctx256_fp32_train_step,small,4,256,train_step,fp32,torch.profiler,python profiling/benchmark.py --model-size small --batch-size 4 --context-length 256 --mode train_step --warmup 5 --steps 1 --dtype fp32 --seed 42 --device cuda --profile torch --output results/profile/result.json,profiler_native,operator,torch.profiler.key_averages,DivBackward0,24,931.072,721.406,torch.profiler native aggregate
small_b4_ctx256_fp32_train_step,small,4,256,train_step,fp32,torch.profiler,python profiling/benchmark.py --model-size small --batch-size 4 --context-length 256 --mode train_step --warmup 5 --steps 1 --dtype fp32 --seed 42 --device cuda --profile torch --output results/profile/result.json,profiler_native,operator,torch.profiler.key_averages,"void at::native::elementwise_kernel<128, 2, at::native::gpu_kernel_impl_nocast<at::native::BinaryFunctor<float, float, float, at::native::binary_internal::DivFunctor<float> > >(at::TensorIteratorBase&, at::native::BinaryFunctor<float, float, float, at::native::binary_internal::DivFunctor<float> > const&)::{lambda(int)#1}>(int, at::native::gpu_kernel_impl_nocast<at::native::BinaryFunctor<float, float, float, at::native::binary_internal::DivFunctor<float> > >(at::TensorIteratorBase&, at::native::BinaryFunctor<float, float, float, at::native::binary_internal::DivFunctor<float> > const&)::{lambda(int)#1})",48,0,602.624,torch.profiler native aggregate
small_b4_ctx256_fp32_train_step,small,4,256,train_step,fp32,torch.profiler,python profiling/benchmark.py --model-size small --batch-size 4 --context-length 256 --mode train_step --warmup 5 --steps 1 --dtype fp32 --seed 42 --device cuda --profile torch --output results/profile/result.json,profiler_native,operator,torch.profiler.key_averages,aten::sum,86,1416.167,596.886,torch.profiler native aggregate
small_b4_ctx256_fp32_train_step,small,4,256,train_step,fp32,torch.profiler,python profiling/benchmark.py --model-size small --batch-size 4 --context-length 256 --mode train_step --warmup 5 --steps 1 --dtype fp32 --seed 42 --device cuda --profile torch --output results/profile/result.json,profiler_native,operator,torch.profiler.key_averages,aten::fill_,261,1909.371,588.775,torch.profiler native aggregate
small_b4_ctx256_fp32_train_step,small,4,256,train_step,fp32,torch.profiler,python profiling/benchmark.py --model-size small --batch-size 4 --context-length 256 --mode train_step --warmup 5 --steps 1 --dtype fp32 --seed 42 --device cuda --profile torch --output results/profile/result.json,profiler_native,operator,torch.profiler.key_averages,"void at::native::vectorized_elementwise_kernel<4, at::native::FillFunctor<float>, std::array<char*, 1ul> >(int, at::native::FillFunctor<float>, std::array<char*, 1ul>)",261,0,588.775,torch.profiler native aggregate
small_b4_ctx256_fp32_train_step,small,4,256,train_step,fp32,torch.profiler,python profiling/benchmark.py --model-size small --batch-size 4 --context-length 256 --mode train_step --warmup 5 --steps 1 --dtype fp32 --seed 42 --device cuda --profile torch --output results/profile/result.json,profiler_native,operator,torch.profiler.key_averages,aten::add_,145,1214.352,586.403,torch.profiler native aggregate
small_b4_ctx256_fp32_train_step,small,4,256,train_step,fp32,torch.profiler,python profiling/benchmark.py --model-size small --batch-size 4 --context-length 256 --mode train_step --warmup 5 --steps 1 --dtype fp32 --seed 42 --device cuda --profile torch --output results/profile/result.json,profiler_native,operator,torch.profiler.key_averages,aten::zero_,236,2122.28,559.334,torch.profiler native aggregate
small_b4_ctx256_fp32_train_step,small,4,256,train_step,fp32,torch.profiler,python profiling/benchmark.py --model-size small --batch-size 4 --context-length 256 --mode train_step --warmup 5 --steps 1 --dtype fp32 --seed 42 --device cuda --profile torch --output results/profile/result.json,profiler_native,operator,torch.profiler.key_averages,aten::where,48,1752.851,520.451,torch.profiler native aggregate
small_b4_ctx256_fp32_train_step,small,4,256,train_step,fp32,torch.profiler,python profiling/benchmark.py --model-size small --batch-size 4 --context-length 256 --mode train_step --warmup 5 --steps 1 --dtype fp32 --seed 42 --device cuda --profile torch --output results/profile/result.json,profiler_native,operator,torch.profiler.key_averages,aten::pow,186,2598.147,518.244,torch.profiler native aggregate
small_b4_ctx256_fp32_train_step,small,4,256,train_step,fp32,torch.profiler,python profiling/benchmark.py --model-size small --batch-size 4 --context-length 256 --mode train_step --warmup 5 --steps 1 --dtype fp32 --seed 42 --device cuda --profile torch --output results/profile/result.json,profiler_native,operator,torch.profiler.key_averages,aten::zeros_like,222,3264.382,493.126,torch.profiler native aggregate
small_b4_ctx256_fp32_train_step,small,4,256,train_step,fp32,torch.profiler,python profiling/benchmark.py --model-size small --batch-size 4 --context-length 256 --mode train_step --warmup 5 --steps 1 --dtype fp32 --seed 42 --device cuda --profile torch --output results/profile/result.json,profiler_native,operator,torch.profiler.key_averages,"void at::native::vectorized_elementwise_kernel<4, at::native::BinaryFunctor<float, float, float, at::native::binary_internal::DivFunctor<float> >, std::array<char*, 3ul> >(int, at::native::BinaryFunctor<float, float, float, at::native::binary_internal::DivFunctor<float> >, std::array<char*, 3ul>)",111,0,429.983,torch.profiler native aggregate
small_b4_ctx256_fp32_train_step,small,4,256,train_step,fp32,torch.profiler,python profiling/benchmark.py --model-size small --batch-size 4 --context-length 256 --mode train_step --warmup 5 --steps 1 --dtype fp32 --seed 42 --device cuda --profile torch --output results/profile/result.json,profiler_native,operator,torch.profiler.key_averages,"void at::native::vectorized_elementwise_kernel<4, at::native::(anonymous namespace)::pow_tensor_scalar_kernel_impl<float, float>(at::TensorIteratorBase&, float)::{lambda(float)#1}, std::array<char*, 2ul> >(int, at::native::(anonymous namespace)::pow_tensor_scalar_kernel_impl<float, float>(at::TensorIteratorBase&, float)::{lambda(float)#1}, std::array<char*, 2ul>)",136,0,428.897,torch.profiler native aggregate
small_b4_ctx256_fp32_train_step,small,4,256,train_step,fp32,torch.profiler,python profiling/benchmark.py --model-size small --batch-size 4 --context-length 256 --mode train_step --warmup 5 --steps 1 --dtype fp32 --seed 42 --device cuda --profile torch --output results/profile/result.json,profiler_native,operator,torch.profiler.key_averages,aten::reshape,827,3858.869,418.303,torch.profiler native aggregate
small_b4_ctx256_fp32_train_step,small,4,256,train_step,fp32,torch.profiler,python profiling/benchmark.py --model-size small --batch-size 4 --context-length 256 --mode train_step --warmup 5 --steps 1 --dtype fp32 --seed 42 --device cuda --profile torch --output results/profile/result.json,profiler_trace_kernel,cuda_kernel,torch.profiler.chrome_trace_kernel,sm80_xmma_gemm_f32f32_f32f32_f32_tn_n_tilesize64x64x8_stage3_warpsize1x4x1_ffma_aligna4_alignc4_execute_kernel__5x_cublas,96,,5347.511,local Chrome trace cat=kernel aggregate inside profile/measure
small_b4_ctx256_fp32_train_step,small,4,256,train_step,fp32,torch.profiler,python profiling/benchmark.py --model-size small --batch-size 4 --context-length 256 --mode train_step --warmup 5 --steps 1 --dtype fp32 --seed 42 --device cuda --profile torch --output results/profile/result.json,profiler_trace_kernel,cuda_kernel,torch.profiler.chrome_trace_kernel,void cutlass::Kernel2<cutlass_80_simt_sgemm_128x256_8x4_nt_align1>(cutlass_80_simt_sgemm_128x256_8x4_nt_align1::Params),72,,4586.106,local Chrome trace cat=kernel aggregate inside profile/measure
small_b4_ctx256_fp32_train_step,small,4,256,train_step,fp32,torch.profiler,python profiling/benchmark.py --model-size small --batch-size 4 --context-length 256 --mode train_step --warmup 5 --steps 1 --dtype fp32 --seed 42 --device cuda --profile torch --output results/profile/result.json,profiler_trace_kernel,cuda_kernel,torch.profiler.chrome_trace_kernel,sm80_xmma_gemm_f32f32_f32f32_f32_nn_n_tilesize64x64x8_stage3_warpsize1x4x1_ffma_aligna4_alignc4_execute_kernel__5x_cublas,84,,3520.765,local Chrome trace cat=kernel aggregate inside profile/measure
small_b4_ctx256_fp32_train_step,small,4,256,train_step,fp32,torch.profiler,python profiling/benchmark.py --model-size small --batch-size 4 --context-length 256 --mode train_step --warmup 5 --steps 1 --dtype fp32 --seed 42 --device cuda --profile torch --output results/profile/result.json,profiler_trace_kernel,cuda_kernel,torch.profiler.chrome_trace_kernel,void cutlass::Kernel2<cutlass_80_simt_sgemm_256x128_8x4_nn_align1>(cutlass_80_simt_sgemm_256x128_8x4_nn_align1::Params),24,,2785.437,local Chrome trace cat=kernel aggregate inside profile/measure
small_b4_ctx256_fp32_train_step,small,4,256,train_step,fp32,torch.profiler,python profiling/benchmark.py --model-size small --batch-size 4 --context-length 256 --mode train_step --warmup 5 --steps 1 --dtype fp32 --seed 42 --device cuda --profile torch --output results/profile/result.json,profiler_trace_kernel,cuda_kernel,torch.profiler.chrome_trace_kernel,"void at::native::vectorized_elementwise_kernel<4, at::native::AUnaryFunctor<float, float, float, at::native::binary_internal::MulFunctor<float> >, std::array<char*, 2ul> >(int, at::native::AUnaryFunctor<float, float, float, at::native::binary_internal::MulFunctor<float> >, std::array<char*, 2ul>)",716,,2502.605,local Chrome trace cat=kernel aggregate inside profile/measure
small_b4_ctx256_fp32_train_step,small,4,256,train_step,fp32,torch.profiler,python profiling/benchmark.py --model-size small --batch-size 4 --context-length 256 --mode train_step --warmup 5 --steps 1 --dtype fp32 --seed 42 --device cuda --profile torch --output results/profile/result.json,profiler_trace_kernel,cuda_kernel,torch.profiler.chrome_trace_kernel,"void at::native::vectorized_elementwise_kernel<4, at::native::CUDAFunctor_add<float>, std::array<char*, 3ul> >(int, at::native::CUDAFunctor_add<float>, std::array<char*, 3ul>)",673,,2377.183,local Chrome trace cat=kernel aggregate inside profile/measure
small_b4_ctx256_fp32_train_step,small,4,256,train_step,fp32,torch.profiler,python profiling/benchmark.py --model-size small --batch-size 4 --context-length 256 --mode train_step --warmup 5 --steps 1 --dtype fp32 --seed 42 --device cuda --profile torch --output results/profile/result.json,profiler_trace_kernel,cuda_kernel,torch.profiler.chrome_trace_kernel,sm80_xmma_gemm_f32f32_f32f32_f32_nt_n_tilesize64x64x8_stage3_warpsize1x4x1_ffma_aligna4_alignc4_execute_kernel__5x_cublas,36,,2014.463,local Chrome trace cat=kernel aggregate inside profile/measure
small_b4_ctx256_fp32_train_step,small,4,256,train_step,fp32,torch.profiler,python profiling/benchmark.py --model-size small --batch-size 4 --context-length 256 --mode train_step --warmup 5 --steps 1 --dtype fp32 --seed 42 --device cuda --profile torch --output results/profile/result.json,profiler_trace_kernel,cuda_kernel,torch.profiler.chrome_trace_kernel,"void at::native::elementwise_kernel<128, 2, at::native::gpu_kernel_impl_nocast<at::native::direct_copy_kernel_cuda(at::TensorIteratorBase&)::{lambda()#3}::operator()() const::{lambda()#7}::operator()() const::{lambda(float)#1}>(at::TensorIteratorBase&, at::native::direct_copy_kernel_cuda(at::TensorIteratorBase&)::{lambda()#3}::operator()() const::{lambda()#7}::operator()() const::{lambda(float)#1} const&)::{lambda(int)#1}>(int, at::native::gpu_kernel_impl_nocast<at::native::direct_copy_kernel_cuda(at::TensorIteratorBase&)::{lambda()#3}::operator()() const::{lambda()#7}::operator()() const::{lambda(float)#1}>(at::TensorIteratorBase&, at::native::direct_copy_kernel_cuda(at::TensorIteratorBase&)::{lambda()#3}::operator()() const::{lambda()#7}::operator()() const::{lambda(float)#1} const&)::{lambda(int)#1})",181,,1463.837,local Chrome trace cat=kernel aggregate inside profile/measure
small_b4_ctx256_fp32_train_step,small,4,256,train_step,fp32,torch.profiler,python profiling/benchmark.py --model-size small --batch-size 4 --context-length 256 --mode train_step --warmup 5 --steps 1 --dtype fp32 --seed 42 --device cuda --profile torch --output results/profile/result.json,profiler_trace_kernel,cuda_kernel,torch.profiler.chrome_trace_kernel,sm80_xmma_gemm_f32f32_f32f32_f32_tn_n_tilesize128x128x8_stage3_warpsize2x2x1_ffma_aligna4_alignc4_execute_kernel__5x_cublas,12,,1275.006,local Chrome trace cat=kernel aggregate inside profile/measure
small_b4_ctx256_fp32_train_step,small,4,256,train_step,fp32,torch.profiler,python profiling/benchmark.py --model-size small --batch-size 4 --context-length 256 --mode train_step --warmup 5 --steps 1 --dtype fp32 --seed 42 --device cuda --profile torch --output results/profile/result.json,profiler_trace_kernel,cuda_kernel,torch.profiler.chrome_trace_kernel,"void at::native::vectorized_elementwise_kernel<4, at::native::BinaryFunctor<float, float, float, at::native::binary_internal::MulFunctor<float> >, std::array<char*, 3ul> >(int, at::native::BinaryFunctor<float, float, float, at::native::binary_internal::MulFunctor<float> >, std::array<char*, 3ul>)",196,,1135.202,local Chrome trace cat=kernel aggregate inside profile/measure
small_b4_ctx256_fp32_train_step,small,4,256,train_step,fp32,torch.profiler,python profiling/benchmark.py --model-size small --batch-size 4 --context-length 256 --mode train_step --warmup 5 --steps 1 --dtype fp32 --seed 42 --device cuda --profile torch --output results/profile/result.json,profiler_trace_kernel,cuda_kernel,torch.profiler.chrome_trace_kernel,"void at::native::elementwise_kernel<128, 2, at::native::gpu_kernel_impl_nocast<at::native::BinaryFunctor<float, float, float, at::native::binary_internal::MulFunctor<float> > >(at::TensorIteratorBase&, at::native::BinaryFunctor<float, float, float, at::native::binary_internal::MulFunctor<float> > const&)::{lambda(int)#1}>(int, at::native::gpu_kernel_impl_nocast<at::native::BinaryFunctor<float, float, float, at::native::binary_internal::MulFunctor<float> > >(at::TensorIteratorBase&, at::native::BinaryFunctor<float, float, float, at::native::binary_internal::MulFunctor<float> > const&)::{lambda(int)#1})",292,,1117.745,local Chrome trace cat=kernel aggregate inside profile/measure
small_b4_ctx256_fp32_train_step,small,4,256,train_step,fp32,torch.profiler,python profiling/benchmark.py --model-size small --batch-size 4 --context-length 256 --mode train_step --warmup 5 --steps 1 --dtype fp32 --seed 42 --device cuda --profile torch --output results/profile/result.json,profiler_trace_kernel,cuda_kernel,torch.profiler.chrome_trace_kernel,"void at::native::elementwise_kernel<128, 2, at::native::gpu_kernel_impl_nocast<at::native::BinaryFunctor<float, float, float, at::native::binary_internal::DivFunctor<float> > >(at::TensorIteratorBase&, at::native::BinaryFunctor<float, float, float, at::native::binary_internal::DivFunctor<float> > const&)::{lambda(int)#1}>(int, at::native::gpu_kernel_impl_nocast<at::native::BinaryFunctor<float, float, float, at::native::binary_internal::DivFunctor<float> > >(at::TensorIteratorBase&, at::native::BinaryFunctor<float, float, float, at::native::binary_internal::DivFunctor<float> > const&)::{lambda(int)#1})",48,,602.624,local Chrome trace cat=kernel aggregate inside profile/measure
small_b4_ctx256_fp32_train_step,small,4,256,train_step,fp32,torch.profiler,python profiling/benchmark.py --model-size small --batch-size 4 --context-length 256 --mode train_step --warmup 5 --steps 1 --dtype fp32 --seed 42 --device cuda --profile torch --output results/profile/result.json,profiler_trace_kernel,cuda_kernel,torch.profiler.chrome_trace_kernel,"void at::native::vectorized_elementwise_kernel<4, at::native::FillFunctor<float>, std::array<char*, 1ul> >(int, at::native::FillFunctor<float>, std::array<char*, 1ul>)",261,,588.775,local Chrome trace cat=kernel aggregate inside profile/measure
small_b4_ctx256_fp32_train_step,small,4,256,train_step,fp32,torch.profiler,python profiling/benchmark.py --model-size small --batch-size 4 --context-length 256 --mode train_step --warmup 5 --steps 1 --dtype fp32 --seed 42 --device cuda --profile torch --output results/profile/result.json,profiler_trace_kernel,cuda_kernel,torch.profiler.chrome_trace_kernel,"void at::native::vectorized_elementwise_kernel<4, at::native::BinaryFunctor<float, float, float, at::native::binary_internal::DivFunctor<float> >, std::array<char*, 3ul> >(int, at::native::BinaryFunctor<float, float, float, at::native::binary_internal::DivFunctor<float> >, std::array<char*, 3ul>)",111,,429.983,local Chrome trace cat=kernel aggregate inside profile/measure
small_b4_ctx256_fp32_train_step,small,4,256,train_step,fp32,torch.profiler,python profiling/benchmark.py --model-size small --batch-size 4 --context-length 256 --mode train_step --warmup 5 --steps 1 --dtype fp32 --seed 42 --device cuda --profile torch --output results/profile/result.json,profiler_trace_kernel,cuda_kernel,torch.profiler.chrome_trace_kernel,"void at::native::vectorized_elementwise_kernel<4, at::native::(anonymous namespace)::pow_tensor_scalar_kernel_impl<float, float>(at::TensorIteratorBase&, float)::{lambda(float)#1}, std::array<char*, 2ul> >(int, at::native::(anonymous namespace)::pow_tensor_scalar_kernel_impl<float, float>(at::TensorIteratorBase&, float)::{lambda(float)#1}, std::array<char*, 2ul>)",136,,428.897,local Chrome trace cat=kernel aggregate inside profile/measure
small_b4_ctx256_fp32_train_step,small,4,256,train_step,fp32,torch.profiler,python profiling/benchmark.py --model-size small --batch-size 4 --context-length 256 --mode train_step --warmup 5 --steps 1 --dtype fp32 --seed 42 --device cuda --profile torch --output results/profile/result.json,profiler_trace_kernel,cuda_kernel,torch.profiler.chrome_trace_kernel,"void cublasLt::splitKreduce_kernel<32, 16, int, float, float, float, float, false, float, float, float, true, false, false>(cublasLt::cublasSplitKParams<float>, float const*, float const*, float*, float*, float const*, float const*, float const*, float const*, float*, void*, long, float*, int*, float*, float*, float const*, float const*, float const*, float const*, float const*)",72,,407.391,local Chrome trace cat=kernel aggregate inside profile/measure
small_b4_ctx256_fp32_train_step,small,4,256,train_step,fp32,torch.profiler,python profiling/benchmark.py --model-size small --batch-size 4 --context-length 256 --mode train_step --warmup 5 --steps 1 --dtype fp32 --seed 42 --device cuda --profile torch --output results/profile/result.json,profiler_trace_kernel,cuda_kernel,torch.profiler.chrome_trace_kernel,sm80_xmma_gemm_f32f32_f32f32_f32_tn_n_tilesize128x64x8_stage3_warpsize2x2x1_ffma_aligna4_alignc4_execute_kernel__5x_cublas,1,,382.463,local Chrome trace cat=kernel aggregate inside profile/measure
small_b4_ctx256_fp32_train_step,small,4,256,train_step,fp32,torch.profiler,python profiling/benchmark.py --model-size small --batch-size 4 --context-length 256 --mode train_step --warmup 5 --steps 1 --dtype fp32 --seed 42 --device cuda --profile torch --output results/profile/result.json,profiler_trace_kernel,cuda_kernel,torch.profiler.chrome_trace_kernel,"void at::native::vectorized_elementwise_kernel<4, at::native::CUDAFunctorOnSelf_add<float>, std::array<char*, 2ul> >(int, at::native::CUDAFunctorOnSelf_add<float>, std::array<char*, 2ul>)",136,,356.806,local Chrome trace cat=kernel aggregate inside profile/measure
small_b4_ctx256_fp32_train_step,small,4,256,train_step,fp32,torch.profiler,python profiling/benchmark.py --model-size small --batch-size 4 --context-length 256 --mode train_step --warmup 5 --steps 1 --dtype fp32 --seed 42 --device cuda --profile torch --output results/profile/result.json,profiler_trace_kernel,cuda_kernel,torch.profiler.chrome_trace_kernel,"void at::native::vectorized_elementwise_kernel<4, at::native::sqrt_kernel_cuda(at::TensorIteratorBase&)::{lambda()#2}::operator()() const::{lambda()#2}::operator()() const::{lambda(float)#1}, std::array<char*, 2ul> >(int, at::native::sqrt_kernel_cuda(at::TensorIteratorBase&)::{lambda()#2}::operator()() const::{lambda()#2}::operator()() const::{lambda(float)#1}, std::array<char*, 2ul>)",111,,352.129,local Chrome trace cat=kernel aggregate inside profile/measure
small_b4_ctx256_fp32_train_step,small,4,256,train_step,fp32,torch.profiler,python profiling/benchmark.py --model-size small --batch-size 4 --context-length 256 --mode train_step --warmup 5 --steps 1 --dtype fp32 --seed 42 --device cuda --profile torch --output results/profile/result.json,profiler_trace_kernel,cuda_kernel,torch.profiler.chrome_trace_kernel,sm80_xmma_gemm_f32f32_f32f32_f32_nn_n_tilesize256x128x8_stage3_warpsize4x2x1_ffma_aligna4_alignc4_execute_kernel__5x_cublas,1,,348.16,local Chrome trace cat=kernel aggregate inside profile/measure
small_b4_ctx256_fp32_train_step,small,4,256,train_step,fp32,torch.profiler,python profiling/benchmark.py --model-size small --batch-size 4 --context-length 256 --mode train_step --warmup 5 --steps 1 --dtype fp32 --seed 42 --device cuda --profile torch --output results/profile/result.json,profiler_trace_kernel,cuda_kernel,torch.profiler.chrome_trace_kernel,"void at::native::reduce_kernel<512, 1, at::native::ReduceOp<float, at::native::func_wrapper_t<float, at::native::sum_functor<float, float, float>::operator()(at::TensorIterator&)::{lambda(float, float)#1}>, unsigned int, float, 4, 4> >(at::native::ReduceOp<float, at::native::func_wrapper_t<float, at::native::sum_functor<float, float, float>::operator()(at::TensorIterator&)::{lambda(float, float)#1}>, unsigned int, float, 4, 4>)",61,,343.648,local Chrome trace cat=kernel aggregate inside profile/measure
small_b4_ctx256_fp32_train_step,small,4,256,train_step,fp32,torch.profiler,python profiling/benchmark.py --model-size small --batch-size 4 --context-length 256 --mode train_step --warmup 5 --steps 1 --dtype fp32 --seed 42 --device cuda --profile torch --output results/profile/result.json,profiler_trace_kernel,cuda_kernel,torch.profiler.chrome_trace_kernel,void cutlass::Kernel2<cutlass_80_simt_sgemm_256x128_8x4_nt_align1>(cutlass_80_simt_sgemm_256x128_8x4_nt_align1::Params),1,,337.824,local Chrome trace cat=kernel aggregate inside profile/measure
small_b4_ctx256_fp32_train_step,small,4,256,train_step,fp32,torch.profiler,python profiling/benchmark.py --model-size small --batch-size 4 --context-length 256 --mode train_step --warmup 5 --steps 1 --dtype fp32 --seed 42 --device cuda --profile torch --output results/profile/result.json,profiler_trace_kernel,cuda_kernel,torch.profiler.chrome_trace_kernel,"void at::native::(anonymous namespace)::CatArrayBatchedCopy<at::native::(anonymous namespace)::OpaqueType<4u>, unsigned int, 4, 64, 64>(at::native::(anonymous namespace)::OpaqueType<4u>*, at::native::(anonymous namespace)::CatArrInputTensorMetadata<at::native::(anonymous namespace)::OpaqueType<4u>, unsigned int, 64, 64>, at::native::(anonymous namespace)::TensorSizeStride<unsigned int, 4u>, int, unsigned int)",36,,257.086,local Chrome trace cat=kernel aggregate inside profile/measure
small_b4_ctx256_fp32_train_step,small,4,256,train_step,fp32,torch.profiler,python profiling/benchmark.py --model-size small --batch-size 4 --context-length 256 --mode train_step --warmup 5 --steps 1 --dtype fp32 --seed 42 --device cuda --profile torch --output results/profile/result.json,profiler_trace_kernel,cuda_kernel,torch.profiler.chrome_trace_kernel,"void at::native::elementwise_kernel<128, 2, at::native::gpu_kernel_impl_nocast<at::native::(anonymous namespace)::where_kernel_impl(at::TensorIterator&)::{lambda()#1}::operator()() const::{lambda()#11}::operator()() const::{lambda(bool, float, float)#1}>(at::TensorIteratorBase&, at::native::(anonymous namespace)::where_kernel_impl(at::TensorIterator&)::{lambda()#1}::operator()() const::{lambda()#11}::operator()() const::{lambda(bool, float, float)#1} const&)::{lambda(int)#1}>(int, at::native::gpu_kernel_impl_nocast<at::native::(anonymous namespace)::where_kernel_impl(at::TensorIterator&)::{lambda()#1}::operator()() const::{lambda()#11}::operator()() const::{lambda(bool, float, float)#1}>(at::TensorIteratorBase&, at::native::(anonymous namespace)::where_kernel_impl(at::TensorIterator&)::{lambda()#1}::operator()() const::{lambda()#11}::operator()() const::{lambda(bool, float, float)#1} const&)::{lambda(int)#1})",24,,246.145,local Chrome trace cat=kernel aggregate inside profile/measure
small_b4_ctx256_fp32_train_step,small,4,256,train_step,fp32,torch.profiler,python profiling/benchmark.py --model-size small --batch-size 4 --context-length 256 --mode train_step --warmup 5 --steps 1 --dtype fp32 --seed 42 --device cuda --profile torch --output results/profile/result.json,profiler_trace_kernel,cuda_kernel,torch.profiler.chrome_trace_kernel,"void at::native::reduce_kernel<128, 4, at::native::ReduceOp<float, at::native::func_wrapper_t<float, at::native::sum_functor<float, float, float>::operator()(at::TensorIterator&)::{lambda(float, float)#1}>, unsigned int, float, 4, 4> >(at::native::ReduceOp<float, at::native::func_wrapper_t<float, at::native::sum_functor<float, float, float>::operator()(at::TensorIterator&)::{lambda(float, float)#1}>, unsigned int, float, 4, 4>)",25,,233.82,local Chrome trace cat=kernel aggregate inside profile/measure
small_b4_ctx256_fp32_train_step,small,4,256,train_step,fp32,torch.profiler,python profiling/benchmark.py --model-size small --batch-size 4 --context-length 256 --mode train_step --warmup 5 --steps 1 --dtype fp32 --seed 42 --device cuda --profile torch --output results/profile/result.json,profiler_trace_kernel,cuda_kernel,torch.profiler.chrome_trace_kernel,"void at::native::elementwise_kernel<128, 2, at::native::gpu_kernel_impl_nocast<at::native::CUDAFunctor_add<float> >(at::TensorIteratorBase&, at::native::CUDAFunctor_add<float> const&)::{lambda(int)#1}>(int, at::native::gpu_kernel_impl_nocast<at::native::CUDAFunctor_add<float> >(at::TensorIteratorBase&, at::native::CUDAFunctor_add<float> const&)::{lambda(int)#1})",24,,233.697,local Chrome trace cat=kernel aggregate inside profile/measure
small_b4_ctx256_fp32_train_step,small,4,256,train_step,fp32,torch.profiler,python profiling/benchmark.py --model-size small --batch-size 4 --context-length 256 --mode train_step --warmup 5 --steps 1 --dtype fp32 --seed 42 --device cuda --profile torch --output results/profile/result.json,profiler_trace_kernel,cuda_kernel,torch.profiler.chrome_trace_kernel,"void at::native::vectorized_elementwise_kernel<4, at::native::neg_kernel_cuda(at::TensorIteratorBase&)::{lambda()#2}::operator()() const::{lambda()#7}::operator()() const::{lambda(float)#1}, std::array<char*, 2ul> >(int, at::native::neg_kernel_cuda(at::TensorIteratorBase&)::{lambda()#2}::operator()() const::{lambda()#7}::operator()() const::{lambda(float)#1}, std::array<char*, 2ul>)",24,,161.311,local Chrome trace cat=kernel aggregate inside profile/measure
small_b4_ctx256_fp32_train_step,small,4,256,train_step,fp32,torch.profiler,python profiling/benchmark.py --model-size small --batch-size 4 --context-length 256 --mode train_step --warmup 5 --steps 1 --dtype fp32 --seed 42 --device cuda --profile torch --output results/profile/result.json,profiler_trace_kernel,cuda_kernel,torch.profiler.chrome_trace_kernel,"void at::native::vectorized_elementwise_kernel<4, at::native::BUnaryFunctor<float, float, float, at::native::binary_internal::MulFunctor<float> >, std::array<char*, 2ul> >(int, at::native::BUnaryFunctor<float, float, float, at::native::binary_internal::MulFunctor<float> >, std::array<char*, 2ul>)",24,,136.32,local Chrome trace cat=kernel aggregate inside profile/measure
small_b4_ctx256_fp32_train_step,small,4,256,train_step,fp32,torch.profiler,python profiling/benchmark.py --model-size small --batch-size 4 --context-length 256 --mode train_step --warmup 5 --steps 1 --dtype fp32 --seed 42 --device cuda --profile torch --output results/profile/result.json,profiler_trace_kernel,cuda_kernel,torch.profiler.chrome_trace_kernel,"void at::native::reduce_kernel<512, 1, at::native::ReduceOp<float, at::native::MaxOps<float>, unsigned int, float, 4, 4> >(at::native::ReduceOp<float, at::native::MaxOps<float>, unsigned int, float, 4, 4>)",12,,125.151,local Chrome trace cat=kernel aggregate inside profile/measure
small_b4_ctx256_fp32_train_step,small,4,256,train_step,fp32,torch.profiler,python profiling/benchmark.py --model-size small --batch-size 4 --context-length 256 --mode train_step --warmup 5 --steps 1 --dtype fp32 --seed 42 --device cuda --profile torch --output results/profile/result.json,profiler_trace_kernel,cuda_kernel,torch.profiler.chrome_trace_kernel,"void at::native::reduce_kernel<512, 1, at::native::ReduceOp<float, at::native::MeanOps<float, float, float, float>, unsigned int, float, 4, 4> >(at::native::ReduceOp<float, at::native::MeanOps<float, float, float, float>, unsigned int, float, 4, 4>)",25,,110.273,local Chrome trace cat=kernel aggregate inside profile/measure
small_b4_ctx256_fp32_train_step,small,4,256,train_step,fp32,torch.profiler,python profiling/benchmark.py --model-size small --batch-size 4 --context-length 256 --mode train_step --warmup 5 --steps 1 --dtype fp32 --seed 42 --device cuda --profile torch --output results/profile/result.json,profiler_trace_kernel,cuda_kernel,torch.profiler.chrome_trace_kernel,"void at::native::vectorized_elementwise_kernel<4, at::native::sigmoid_backward_kernel_cuda(at::TensorIteratorBase&)::{lambda()#2}::operator()() const::{lambda()#2}::operator()() const::{lambda(float, float)#1}, std::array<char*, 3ul> >(int, at::native::sigmoid_backward_kernel_cuda(at::TensorIteratorBase&)::{lambda()#2}::operator()() const::{lambda()#2}::operator()() const::{lambda(float, float)#1}, std::array<char*, 3ul>)",12,,109.506,local Chrome trace cat=kernel aggregate inside profile/measure
small_b4_ctx256_fp32_train_step,small,4,256,train_step,fp32,torch.profiler,python profiling/benchmark.py --model-size small --batch-size 4 --context-length 256 --mode train_step --warmup 5 --steps 1 --dtype fp32 --seed 42 --device cuda --profile torch --output results/profile/result.json,profiler_trace_kernel,cuda_kernel,torch.profiler.chrome_trace_kernel,"void at::native::elementwise_kernel<128, 2, at::native::gpu_kernel_impl_nocast<at::native::BUnaryFunctor<float, float, float, at::native::binary_internal::MulFunctor<float> > >(at::TensorIteratorBase&, at::native::BUnaryFunctor<float, float, float, at::native::binary_internal::MulFunctor<float> > const&)::{lambda(int)#1}>(int, at::native::gpu_kernel_impl_nocast<at::native::BUnaryFunctor<float, float, float, at::native::binary_internal::MulFunctor<float> > >(at::TensorIteratorBase&, at::native::BUnaryFunctor<float, float, float, at::native::binary_internal::MulFunctor<float> > const&)::{lambda(int)#1})",25,,93.824,local Chrome trace cat=kernel aggregate inside profile/measure
small_b4_ctx256_fp32_train_step,small,4,256,train_step,fp32,torch.profiler,python profiling/benchmark.py --model-size small --batch-size 4 --context-length 256 --mode train_step --warmup 5 --steps 1 --dtype fp32 --seed 42 --device cuda --profile torch --output results/profile/result.json,profiler_trace_kernel,cuda_kernel,torch.profiler.chrome_trace_kernel,"void at::native::_scatter_gather_elementwise_kernel<128, 8, at::native::_cuda_scatter_gather_internal_kernel<true, at::native::OpaqueType<4>, long>::operator()<at::native::TensorAssign>(at::TensorIterator&, long, long, long, at::native::TensorAssign const&)::{lambda(int)#1}>(int, at::native::_cuda_scatter_gather_internal_kernel<true, at::native::OpaqueType<4>, long>::operator()<at::native::TensorAssign>(at::TensorIterator&, long, long, long, at::native::TensorAssign const&)::{lambda(int)#1})",12,,91.201,local Chrome trace cat=kernel aggregate inside profile/measure
small_b4_ctx256_fp32_train_step,small,4,256,train_step,fp32,torch.profiler,python profiling/benchmark.py --model-size small --batch-size 4 --context-length 256 --mode train_step --warmup 5 --steps 1 --dtype fp32 --seed 42 --device cuda --profile torch --output results/profile/result.json,profiler_trace_kernel,cuda_kernel,torch.profiler.chrome_trace_kernel,sm80_xmma_gemm_f32f32_f32f32_f32_tn_n_tilesize128x128x8_stage3_warpsize2x2x1_ffma_aligna4_alignc4_execute_split_k_kernel__5x_cublas,12,,85.633,local Chrome trace cat=kernel aggregate inside profile/measure
small_b4_ctx256_fp32_train_step,small,4,256,train_step,fp32,torch.profiler,python profiling/benchmark.py --model-size small --batch-size 4 --context-length 256 --mode train_step --warmup 5 --steps 1 --dtype fp32 --seed 42 --device cuda --profile torch --output results/profile/result.json,profiler_trace_kernel,cuda_kernel,torch.profiler.chrome_trace_kernel,"void at::native::vectorized_elementwise_kernel<4, at::native::sigmoid_kernel_cuda(at::TensorIteratorBase&)::{lambda()#2}::operator()() const::{lambda()#2}::operator()() const::{lambda(float)#1}, std::array<char*, 2ul> >(int, at::native::sigmoid_kernel_cuda(at::TensorIteratorBase&)::{lambda()#2}::operator()() const::{lambda()#2}::operator()() const::{lambda(float)#1}, std::array<char*, 2ul>)",12,,72,local Chrome trace cat=kernel aggregate inside profile/measure
small_b4_ctx256_fp32_train_step,small,4,256,train_step,fp32,torch.profiler,python profiling/benchmark.py --model-size small --batch-size 4 --context-length 256 --mode train_step --warmup 5 --steps 1 --dtype fp32 --seed 42 --device cuda --profile torch --output results/profile/result.json,profiler_trace_kernel,cuda_kernel,torch.profiler.chrome_trace_kernel,"void at::native::elementwise_kernel<128, 2, at::native::gpu_kernel_impl_nocast<at::native::neg_kernel_cuda(at::TensorIteratorBase&)::{lambda()#2}::operator()() const::{lambda()#7}::operator()() const::{lambda(float)#1}>(at::TensorIteratorBase&, at::native::neg_kernel_cuda(at::TensorIteratorBase&)::{lambda()#2}::operator()() const::{lambda()#7}::operator()() const::{lambda(float)#1} const&)::{lambda(int)#1}>(int, at::native::gpu_kernel_impl_nocast<at::native::neg_kernel_cuda(at::TensorIteratorBase&)::{lambda()#2}::operator()() const::{lambda()#7}::operator()() const::{lambda(float)#1}>(at::TensorIteratorBase&, at::native::neg_kernel_cuda(at::TensorIteratorBase&)::{lambda()#2}::operator()() const::{lambda()#7}::operator()() const::{lambda(float)#1} const&)::{lambda(int)#1})",24,,69.954,local Chrome trace cat=kernel aggregate inside profile/measure
small_b4_ctx256_fp32_train_step,small,4,256,train_step,fp32,torch.profiler,python profiling/benchmark.py --model-size small --batch-size 4 --context-length 256 --mode train_step --warmup 5 --steps 1 --dtype fp32 --seed 42 --device cuda --profile torch --output results/profile/result.json,profiler_trace_kernel,cuda_kernel,torch.profiler.chrome_trace_kernel,"void at::native::vectorized_elementwise_kernel<4, at::native::exp_kernel_cuda(at::TensorIteratorBase&)::{lambda()#2}::operator()() const::{lambda()#2}::operator()() const::{lambda(float)#1}, std::array<char*, 2ul> >(int, at::native::exp_kernel_cuda(at::TensorIteratorBase&)::{lambda()#2}::operator()() const::{lambda()#2}::operator()() const::{lambda(float)#1}, std::array<char*, 2ul>)",12,,68.928,local Chrome trace cat=kernel aggregate inside profile/measure
small_b4_ctx256_fp32_train_step,small,4,256,train_step,fp32,torch.profiler,python profiling/benchmark.py --model-size small --batch-size 4 --context-length 256 --mode train_step --warmup 5 --steps 1 --dtype fp32 --seed 42 --device cuda --profile torch --output results/profile/result.json,profiler_trace_kernel,cuda_kernel,torch.profiler.chrome_trace_kernel,"void at::native::(anonymous namespace)::CatArrayBatchedCopy_vectorized<at::native::(anonymous namespace)::OpaqueType<4u>, unsigned int, 1, 128, 1, 16, 4>(char*, at::native::(anonymous namespace)::CatArrInputTensorMetadata<at::native::(anonymous namespace)::OpaqueType<4u>, unsigned int, 128, 1>, at::native::(anonymous namespace)::TensorSizeStride<unsigned int, 4u>, int, unsigned int)",12,,37.569,local Chrome trace cat=kernel aggregate inside profile/measure
small_b4_ctx256_fp32_train_step,small,4,256,train_step,fp32,torch.profiler,python profiling/benchmark.py --model-size small --batch-size 4 --context-length 256 --mode train_step --warmup 5 --steps 1 --dtype fp32 --seed 42 --device cuda --profile torch --output results/profile/result.json,profiler_trace_kernel,cuda_kernel,torch.profiler.chrome_trace_kernel,"void at::native::elementwise_kernel<128, 4, at::native::gpu_kernel_impl_nocast<at::native::(anonymous namespace)::CompareFunctor<long> >(at::TensorIteratorBase&, at::native::(anonymous namespace)::CompareFunctor<long> const&)::{lambda(int)#1}>(int, at::native::gpu_kernel_impl_nocast<at::native::(anonymous namespace)::CompareFunctor<long> >(at::TensorIteratorBase&, at::native::(anonymous namespace)::CompareFunctor<long> const&)::{lambda(int)#1})",12,,33.822,local Chrome trace cat=kernel aggregate inside profile/measure
small_b4_ctx256_fp32_train_step,small,4,256,train_step,fp32,torch.profiler,python profiling/benchmark.py --model-size small --batch-size 4 --context-length 256 --mode train_step --warmup 5 --steps 1 --dtype fp32 --seed 42 --device cuda --profile torch --output results/profile/result.json,profiler_trace_kernel,cuda_kernel,torch.profiler.chrome_trace_kernel,"void at::native::vectorized_elementwise_kernel<4, at::native::rsqrt_kernel_cuda(at::TensorIteratorBase&)::{lambda()#2}::operator()() const::{lambda()#2}::operator()() const::{lambda(float)#1}, std::array<char*, 2ul> >(int, at::native::rsqrt_kernel_cuda(at::TensorIteratorBase&)::{lambda()#2}::operator()() const::{lambda()#2}::operator()() const::{lambda(float)#1}, std::array<char*, 2ul>)",25,,32.994,local Chrome trace cat=kernel aggregate inside profile/measure
small_b4_ctx512_fp32_train_step,small,4,512,train_step,fp32,torch.profiler,python profiling/benchmark.py --model-size small --batch-size 4 --context-length 512 --mode train_step --warmup 5 --steps 1 --dtype fp32 --seed 42 --device cuda --profile torch --output results/profile/result.json,profiler_native,annotation,torch.profiler.record_function_cpu_annotation,attention/scores,12,2644.552,1520.546,CPU-side torch.profiler record_function aggregate; paired GPU annotation mirror omitted
small_b4_ctx512_fp32_train_step,small,4,512,train_step,fp32,torch.profiler,python profiling/benchmark.py --model-size small --batch-size 4 --context-length 512 --mode train_step --warmup 5 --steps 1 --dtype fp32 --seed 42 --device cuda --profile torch --output results/profile/result.json,profiler_native,annotation,torch.profiler.record_function_cpu_annotation,attention/softmax,12,1642.496,1881.348,CPU-side torch.profiler record_function aggregate; paired GPU annotation mirror omitted
small_b4_ctx512_fp32_train_step,small,4,512,train_step,fp32,torch.profiler,python profiling/benchmark.py --model-size small --batch-size 4 --context-length 512 --mode train_step --warmup 5 --steps 1 --dtype fp32 --seed 42 --device cuda --profile torch --output results/profile/result.json,profiler_native,annotation,torch.profiler.record_function_cpu_annotation,attention/value,12,1724.936,634.723,CPU-side torch.profiler record_function aggregate; paired GPU annotation mirror omitted
small_b4_ctx512_fp32_train_step,small,4,512,train_step,fp32,torch.profiler,python profiling/benchmark.py --model-size small --batch-size 4 --context-length 512 --mode train_step --warmup 5 --steps 1 --dtype fp32 --seed 42 --device cuda --profile torch --output results/profile/result.json,profiler_native,annotation,torch.profiler.record_function_cpu_annotation,backward,1,45789.965,1.28,CPU-side torch.profiler record_function aggregate; paired GPU annotation mirror omitted
small_b4_ctx512_fp32_train_step,small,4,512,train_step,fp32,torch.profiler,python profiling/benchmark.py --model-size small --batch-size 4 --context-length 512 --mode train_step --warmup 5 --steps 1 --dtype fp32 --seed 42 --device cuda --profile torch --output results/profile/result.json,profiler_native,annotation,torch.profiler.record_function_cpu_annotation,forward,1,24800.549,18591.866,CPU-side torch.profiler record_function aggregate; paired GPU annotation mirror omitted
small_b4_ctx512_fp32_train_step,small,4,512,train_step,fp32,torch.profiler,python profiling/benchmark.py --model-size small --batch-size 4 --context-length 512 --mode train_step --warmup 5 --steps 1 --dtype fp32 --seed 42 --device cuda --profile torch --output results/profile/result.json,profiler_native,annotation,torch.profiler.record_function_cpu_annotation,optimizer,1,24411.744,6036.745,CPU-side torch.profiler record_function aggregate; paired GPU annotation mirror omitted
small_b4_ctx512_fp32_train_step,small,4,512,train_step,fp32,torch.profiler,python profiling/benchmark.py --model-size small --batch-size 4 --context-length 512 --mode train_step --warmup 5 --steps 1 --dtype fp32 --seed 42 --device cuda --profile torch --output results/profile/result.json,profiler_native,annotation,torch.profiler.record_function_cpu_annotation,profile/measure,1,96780.682,24917.861,CPU-side torch.profiler record_function aggregate; paired GPU annotation mirror omitted
small_b4_ctx512_fp32_train_step,small,4,512,train_step,fp32,torch.profiler,python profiling/benchmark.py --model-size small --batch-size 4 --context-length 512 --mode train_step --warmup 5 --steps 1 --dtype fp32 --seed 42 --device cuda --profile torch --output results/profile/result.json,profiler_native,annotation,torch.profiler.record_function_cpu_annotation,profile/warmup,1,476.463,0,CPU-side torch.profiler record_function aggregate; paired GPU annotation mirror omitted
small_b4_ctx512_fp32_train_step,small,4,512,train_step,fp32,torch.profiler,python profiling/benchmark.py --model-size small --batch-size 4 --context-length 512 --mode train_step --warmup 5 --steps 1 --dtype fp32 --seed 42 --device cuda --profile torch --output results/profile/result.json,synchronized_phase_wall,phase_wall,synchronized_wall_clock,backward,1,45127.3918,,synchronized wall clock; CUDA time intentionally blank
small_b4_ctx512_fp32_train_step,small,4,512,train_step,fp32,torch.profiler,python profiling/benchmark.py --model-size small --batch-size 4 --context-length 512 --mode train_step --warmup 5 --steps 1 --dtype fp32 --seed 42 --device cuda --profile torch --output results/profile/result.json,synchronized_phase_wall,phase_wall,synchronized_wall_clock,forward,1,25797.0238,,synchronized wall clock; CUDA time intentionally blank
small_b4_ctx512_fp32_train_step,small,4,512,train_step,fp32,torch.profiler,python profiling/benchmark.py --model-size small --batch-size 4 --context-length 512 --mode train_step --warmup 5 --steps 1 --dtype fp32 --seed 42 --device cuda --profile torch --output results/profile/result.json,synchronized_phase_wall,phase_wall,synchronized_wall_clock,loss,1,79.2640001,,synchronized wall clock; CUDA time intentionally blank
small_b4_ctx512_fp32_train_step,small,4,512,train_step,fp32,torch.profiler,python profiling/benchmark.py --model-size small --batch-size 4 --context-length 512 --mode train_step --warmup 5 --steps 1 --dtype fp32 --seed 42 --device cuda --profile torch --output results/profile/result.json,synchronized_phase_wall,phase_wall,synchronized_wall_clock,optimizer,1,24470.8157,,synchronized wall clock; CUDA time intentionally blank
small_b4_ctx512_fp32_train_step,small,4,512,train_step,fp32,torch.profiler,python profiling/benchmark.py --model-size small --batch-size 4 --context-length 512 --mode train_step --warmup 5 --steps 1 --dtype fp32 --seed 42 --device cuda --profile torch --output results/profile/result.json,synchronized_phase_wall,phase_wall,synchronized_wall_clock,total,1,96030.8593,,synchronized wall clock; CUDA time intentionally blank
small_b4_ctx512_fp32_train_step,small,4,512,train_step,fp32,torch.profiler,python profiling/benchmark.py --model-size small --batch-size 4 --context-length 512 --mode train_step --warmup 5 --steps 1 --dtype fp32 --seed 42 --device cuda --profile torch --output results/profile/result.json,synchronized_phase_wall,phase_wall,synchronized_wall_clock,zero_grad,1,435.615987,,synchronized wall clock; CUDA time intentionally blank
small_b4_ctx512_fp32_train_step,small,4,512,train_step,fp32,torch.profiler,python profiling/benchmark.py --model-size small --batch-size 4 --context-length 512 --mode train_step --warmup 5 --steps 1 --dtype fp32 --seed 42 --device cuda --profile torch --output results/profile/result.json,profiler_native,operator,torch.profiler.key_averages,aten::bmm,327,7797.034,39244.032,torch.profiler native aggregate
small_b4_ctx512_fp32_train_step,small,4,512,train_step,fp32,torch.profiler,python profiling/benchmark.py --model-size small --batch-size 4 --context-length 512 --mode train_step --warmup 5 --steps 1 --dtype fp32 --seed 42 --device cuda --profile torch --output results/profile/result.json,profiler_native,operator,torch.profiler.key_averages,autograd::engine::evaluate_function: BmmBackward0,109,6579.438,25642.707,torch.profiler native aggregate
small_b4_ctx512_fp32_train_step,small,4,512,train_step,fp32,torch.profiler,python profiling/benchmark.py --model-size small --batch-size 4 --context-length 512 --mode train_step --warmup 5 --steps 1 --dtype fp32 --seed 42 --device cuda --profile torch --output results/profile/result.json,profiler_native,operator,torch.profiler.key_averages,BmmBackward0,109,5823.749,25642.707,torch.profiler native aggregate
small_b4_ctx512_fp32_train_step,small,4,512,train_step,fp32,torch.profiler,python profiling/benchmark.py --model-size small --batch-size 4 --context-length 512 --mode train_step --warmup 5 --steps 1 --dtype fp32 --seed 42 --device cuda --profile torch --output results/profile/result.json,profiler_native,operator,torch.profiler.key_averages,Optimizer.step#AdamW.step,1,0,24355.965,torch.profiler native aggregate
small_b4_ctx512_fp32_train_step,small,4,512,train_step,fp32,torch.profiler,python profiling/benchmark.py --model-size small --batch-size 4 --context-length 512 --mode train_step --warmup 5 --steps 1 --dtype fp32 --seed 42 --device cuda --profile torch --output results/profile/result.json,profiler_native,operator,torch.profiler.key_averages,aten::einsum,109,8760.715,13697.168,torch.profiler native aggregate
small_b4_ctx512_fp32_train_step,small,4,512,train_step,fp32,torch.profiler,python profiling/benchmark.py --model-size small --batch-size 4 --context-length 512 --mode train_step --warmup 5 --steps 1 --dtype fp32 --seed 42 --device cuda --profile torch --output results/profile/result.json,profiler_native,operator,torch.profiler.key_averages,void cutlass::Kernel2<cutlass_80_simt_sgemm_256x128_8x4_nt_align1>(cutlass_80_simt_sgemm_256x128_8x4_nt_align1::Params),73,0,8708.131,torch.profiler native aggregate
small_b4_ctx512_fp32_train_step,small,4,512,train_step,fp32,torch.profiler,python profiling/benchmark.py --model-size small --batch-size 4 --context-length 512 --mode train_step --warmup 5 --steps 1 --dtype fp32 --seed 42 --device cuda --profile torch --output results/profile/result.json,profiler_native,operator,torch.profiler.key_averages,aten::mul,1205,13130.215,6772.465,torch.profiler native aggregate
small_b4_ctx512_fp32_train_step,small,4,512,train_step,fp32,torch.profiler,python profiling/benchmark.py --model-size small --batch-size 4 --context-length 512 --mode train_step --warmup 5 --steps 1 --dtype fp32 --seed 42 --device cuda --profile torch --output results/profile/result.json,profiler_native,operator,torch.profiler.key_averages,sm80_xmma_gemm_f32f32_f32f32_f32_tn_n_tilesize128x128x8_stage3_warpsize2x2x1_ffma_aligna4_alignc4_execute_kernel__5x_cublas,61,0,6728.395,torch.profiler native aggregate
small_b4_ctx512_fp32_train_step,small,4,512,train_step,fp32,torch.profiler,python profiling/benchmark.py --model-size small --batch-size 4 --context-length 512 --mode train_step --warmup 5 --steps 1 --dtype fp32 --seed 42 --device cuda --profile torch --output results/profile/result.json,profiler_native,operator,torch.profiler.key_averages,Optimizer.step#AdamW.step,1,24363.207,6036.745,torch.profiler native aggregate
small_b4_ctx512_fp32_train_step,small,4,512,train_step,fp32,torch.profiler,python profiling/benchmark.py --model-size small --batch-size 4 --context-length 512 --mode train_step --warmup 5 --steps 1 --dtype fp32 --seed 42 --device cuda --profile torch --output results/profile/result.json,profiler_native,operator,torch.profiler.key_averages,sm80_xmma_gemm_f32f32_f32f32_f32_nn_n_tilesize128x128x8_stage3_warpsize2x2x1_ffma_aligna4_alignc4_execute_kernel__5x_cublas,25,0,5652.264,torch.profiler native aggregate
small_b4_ctx512_fp32_train_step,small,4,512,train_step,fp32,torch.profiler,python profiling/benchmark.py --model-size small --batch-size 4 --context-length 512 --mode train_step --warmup 5 --steps 1 --dtype fp32 --seed 42 --device cuda --profile torch --output results/profile/result.json,profiler_native,operator,torch.profiler.key_averages,sm80_xmma_gemm_f32f32_f32f32_f32_tn_n_tilesize128x64x8_stage3_warpsize2x2x1_ffma_aligna4_alignc4_execute_kernel__5x_cublas,24,0,5588.356,torch.profiler native aggregate
small_b4_ctx512_fp32_train_step,small,4,512,train_step,fp32,torch.profiler,python profiling/benchmark.py --model-size small --batch-size 4 --context-length 512 --mode train_step --warmup 5 --steps 1 --dtype fp32 --seed 42 --device cuda --profile torch --output results/profile/result.json,profiler_native,operator,torch.profiler.key_averages,sm80_xmma_gemm_f32f32_f32f32_f32_nn_n_tilesize64x64x8_stage3_warpsize1x4x1_ffma_aligna4_alignc4_execute_kernel__5x_cublas,72,0,4048.42,torch.profiler native aggregate
small_b4_ctx512_fp32_train_step,small,4,512,train_step,fp32,torch.profiler,python profiling/benchmark.py --model-size small --batch-size 4 --context-length 512 --mode train_step --warmup 5 --steps 1 --dtype fp32 --seed 42 --device cuda --profile torch --output results/profile/result.json,profiler_native,operator,torch.profiler.key_averages,sm80_xmma_gemm_f32f32_f32f32_f32_nt_n_tilesize64x64x8_stage3_warpsize1x4x1_ffma_aligna4_alignc4_execute_kernel__5x_cublas,36,0,4018.531,torch.profiler native aggregate
small_b4_ctx512_fp32_train_step,small,4,512,train_step,fp32,torch.profiler,python profiling/benchmark.py --model-size small --batch-size 4 --context-length 512 --mode train_step --warmup 5 --steps 1 --dtype fp32 --seed 42 --device cuda --profile torch --output results/profile/result.json,profiler_native,operator,torch.profiler.key_averages,aten::div,208,2386.906,3394.277,torch.profiler native aggregate
small_b4_ctx512_fp32_train_step,small,4,512,train_step,fp32,torch.profiler,python profiling/benchmark.py --model-size small --batch-size 4 --context-length 512 --mode train_step --warmup 5 --steps 1 --dtype fp32 --seed 42 --device cuda --profile torch --output results/profile/result.json,profiler_native,operator,torch.profiler.key_averages,"void at::native::vectorized_elementwise_kernel<4, at::native::CUDAFunctor_add<float>, std::array<char*, 3ul> >(int, at::native::CUDAFunctor_add<float>, std::array<char*, 3ul>)",673,0,3120.118,torch.profiler native aggregate
small_b4_ctx512_fp32_train_step,small,4,512,train_step,fp32,torch.profiler,python profiling/benchmark.py --model-size small --batch-size 4 --context-length 512 --mode train_step --warmup 5 --steps 1 --dtype fp32 --seed 42 --device cuda --profile torch --output results/profile/result.json,profiler_native,operator,torch.profiler.key_averages,autograd::engine::evaluate_function: DivBackward0,24,1248.681,2981.827,torch.profiler native aggregate
small_b4_ctx512_fp32_train_step,small,4,512,train_step,fp32,torch.profiler,python profiling/benchmark.py --model-size small --batch-size 4 --context-length 512 --mode train_step --warmup 5 --steps 1 --dtype fp32 --seed 42 --device cuda --profile torch --output results/profile/result.json,profiler_native,operator,torch.profiler.key_averages,DivBackward0,24,938.113,2711.841,torch.profiler native aggregate
small_b4_ctx512_fp32_train_step,small,4,512,train_step,fp32,torch.profiler,python profiling/benchmark.py --model-size small --batch-size 4 --context-length 512 --mode train_step --warmup 5 --steps 1 --dtype fp32 --seed 42 --device cuda --profile torch --output results/profile/result.json,profiler_native,operator,torch.profiler.key_averages,autograd::engine::evaluate_function: MulBackward0,170,5576.973,2689.179,torch.profiler native aggregate
small_b4_ctx512_fp32_train_step,small,4,512,train_step,fp32,torch.profiler,python profiling/benchmark.py --model-size small --batch-size 4 --context-length 512 --mode train_step --warmup 5 --steps 1 --dtype fp32 --seed 42 --device cuda --profile torch --output results/profile/result.json,profiler_native,operator,torch.profiler.key_averages,sm80_xmma_gemm_f32f32_f32f32_f32_nn_n_tilesize256x128x8_stage3_warpsize4x2x1_ffma_aligna4_alignc4_execute_kernel__5x_cublas,12,0,2665.698,torch.profiler native aggregate
small_b4_ctx512_fp32_train_step,small,4,512,train_step,fp32,torch.profiler,python profiling/benchmark.py --model-size small --batch-size 4 --context-length 512 --mode train_step --warmup 5 --steps 1 --dtype fp32 --seed 42 --device cuda --profile torch --output results/profile/result.json,profiler_native,operator,torch.profiler.key_averages,"void at::native::vectorized_elementwise_kernel<4, at::native::BinaryFunctor<float, float, float, at::native::binary_internal::MulFunctor<float> >, std::array<char*, 3ul> >(int, at::native::BinaryFunctor<float, float, float, at::native::binary_internal::MulFunctor<float> >, std::array<char*, 3ul>)",196,0,2637.859,torch.profiler native aggregate
small_b4_ctx512_fp32_train_step,small,4,512,train_step,fp32,torch.profiler,python profiling/benchmark.py --model-size small --batch-size 4 --context-length 512 --mode train_step --warmup 5 --steps 1 --dtype fp32 --seed 42 --device cuda --profile torch --output results/profile/result.json,profiler_native,operator,torch.profiler.key_averages,"void at::native::vectorized_elementwise_kernel<4, at::native::AUnaryFunctor<float, float, float, at::native::binary_internal::MulFunctor<float> >, std::array<char*, 2ul> >(int, at::native::AUnaryFunctor<float, float, float, at::native::binary_internal::MulFunctor<float> >, std::array<char*, 2ul>)",716,0,2538.093,torch.profiler native aggregate
small_b4_ctx512_fp32_train_step,small,4,512,train_step,fp32,torch.profiler,python profiling/benchmark.py --model-size small --batch-size 4 --context-length 512 --mode train_step --warmup 5 --steps 1 --dtype fp32 --seed 42 --device cuda --profile torch --output results/profile/result.json,profiler_native,operator,torch.profiler.key_averages,"void at::native::elementwise_kernel<128, 2, at::native::gpu_kernel_impl_nocast<at::native::BinaryFunctor<float, float, float, at::native::binary_internal::DivFunctor<float> > >(at::TensorIteratorBase&, at::native::BinaryFunctor<float, float, float, at::native::binary_internal::DivFunctor<float> > const&)::{lambda(int)#1}>(int, at::native::gpu_kernel_impl_nocast<at::native::BinaryFunctor<float, float, float, at::native::binary_internal::DivFunctor<float> > >(at::TensorIteratorBase&, at::native::BinaryFunctor<float, float, float, at::native::binary_internal::DivFunctor<float> > const&)::{lambda(int)#1})",48,0,2197.218,torch.profiler native aggregate
small_b4_ctx512_fp32_train_step,small,4,512,train_step,fp32,torch.profiler,python profiling/benchmark.py --model-size small --batch-size 4 --context-length 512 --mode train_step --warmup 5 --steps 1 --dtype fp32 --seed 42 --device cuda --profile torch --output results/profile/result.json,profiler_native,operator,torch.profiler.key_averages,MulBackward0,170,2958.593,2009.66,torch.profiler native aggregate
small_b4_ctx512_fp32_train_step,small,4,512,train_step,fp32,torch.profiler,python profiling/benchmark.py --model-size small --batch-size 4 --context-length 512 --mode train_step --warmup 5 --steps 1 --dtype fp32 --seed 42 --device cuda --profile torch --output results/profile/result.json,profiler_native,operator,torch.profiler.key_averages,aten::where,48,1756.147,1877.601,torch.profiler native aggregate
small_b4_ctx512_fp32_train_step,small,4,512,train_step,fp32,torch.profiler,python profiling/benchmark.py --model-size small --batch-size 4 --context-length 512 --mode train_step --warmup 5 --steps 1 --dtype fp32 --seed 42 --device cuda --profile torch --output results/profile/result.json,profiler_native,operator,torch.profiler.key_averages,aten::copy_,207,2237.861,1792.232,torch.profiler native aggregate
small_b4_ctx512_fp32_train_step,small,4,512,train_step,fp32,torch.profiler,python profiling/benchmark.py --model-size small --batch-size 4 --context-length 512 --mode train_step --warmup 5 --steps 1 --dtype fp32 --seed 42 --device cuda --profile torch --output results/profile/result.json,profiler_native,operator,torch.profiler.key_averages,"void at::native::elementwise_kernel<128, 2, at::native::gpu_kernel_impl_nocast<at::native::direct_copy_kernel_cuda(at::TensorIteratorBase&)::{lambda()#3}::operator()() const::{lambda()#7}::operator()() const::{lambda(float)#1}>(at::TensorIteratorBase&, at::native::direct_copy_kernel_cuda(at::TensorIteratorBase&)::{lambda()#3}::operator()() const::{lambda()#7}::operator()() const::{lambda(float)#1} const&)::{lambda(int)#1}>(int, at::native::gpu_kernel_impl_nocast<at::native::direct_copy_kernel_cuda(at::TensorIteratorBase&)::{lambda()#3}::operator()() const::{lambda()#7}::operator()() const::{lambda(float)#1}>(at::TensorIteratorBase&, at::native::direct_copy_kernel_cuda(at::TensorIteratorBase&)::{lambda()#3}::operator()() const::{lambda()#7}::operator()() const::{lambda(float)#1} const&)::{lambda(int)#1})",181,0,1692.295,torch.profiler native aggregate
small_b4_ctx512_fp32_train_step,small,4,512,train_step,fp32,torch.profiler,python profiling/benchmark.py --model-size small --batch-size 4 --context-length 512 --mode train_step --warmup 5 --steps 1 --dtype fp32 --seed 42 --device cuda --profile torch --output results/profile/result.json,profiler_native,operator,torch.profiler.key_averages,"void at::native::elementwise_kernel<128, 2, at::native::gpu_kernel_impl_nocast<at::native::BinaryFunctor<float, float, float, at::native::binary_internal::MulFunctor<float> > >(at::TensorIteratorBase&, at::native::BinaryFunctor<float, float, float, at::native::binary_internal::MulFunctor<float> > const&)::{lambda(int)#1}>(int, at::native::gpu_kernel_impl_nocast<at::native::BinaryFunctor<float, float, float, at::native::binary_internal::MulFunctor<float> > >(at::TensorIteratorBase&, at::native::BinaryFunctor<float, float, float, at::native::binary_internal::MulFunctor<float> > const&)::{lambda(int)#1})",292,0,1595.233,torch.profiler native aggregate
small_b4_ctx512_fp32_train_step,small,4,512,train_step,fp32,torch.profiler,python profiling/benchmark.py --model-size small --batch-size 4 --context-length 512 --mode train_step --warmup 5 --steps 1 --dtype fp32 --seed 42 --device cuda --profile torch --output results/profile/result.json,profiler_native,operator,torch.profiler.key_averages,aten::add_,145,1160.302,1538.144,torch.profiler native aggregate
small_b4_ctx512_fp32_train_step,small,4,512,train_step,fp32,torch.profiler,python profiling/benchmark.py --model-size small --batch-size 4 --context-length 512 --mode train_step --warmup 5 --steps 1 --dtype fp32 --seed 42 --device cuda --profile torch --output results/profile/result.json,profiler_native,operator,torch.profiler.key_averages,aten::add,430,4553.03,1501.539,torch.profiler native aggregate
small_b4_ctx512_fp32_train_step,small,4,512,train_step,fp32,torch.profiler,python profiling/benchmark.py --model-size small --batch-size 4 --context-length 512 --mode train_step --warmup 5 --steps 1 --dtype fp32 --seed 42 --device cuda --profile torch --output results/profile/result.json,profiler_native,operator,torch.profiler.key_averages,sm80_xmma_gemm_f32f32_f32f32_f32_tn_n_tilesize64x64x8_stage3_warpsize1x4x1_ffma_aligna4_alignc4_execute_kernel__5x_cublas,24,0,1444.863,torch.profiler native aggregate
small_b4_ctx512_fp32_train_step,small,4,512,train_step,fp32,torch.profiler,python profiling/benchmark.py --model-size small --batch-size 4 --context-length 512 --mode train_step --warmup 5 --steps 1 --dtype fp32 --seed 42 --device cuda --profile torch --output results/profile/result.json,profiler_native,operator,torch.profiler.key_averages,aten::sum,86,1389.731,1183.236,torch.profiler native aggregate
small_b4_ctx512_fp32_train_step,small,4,512,train_step,fp32,torch.profiler,python profiling/benchmark.py --model-size small --batch-size 4 --context-length 512 --mode train_step --warmup 5 --steps 1 --dtype fp32 --seed 42 --device cuda --profile torch --output results/profile/result.json,profiler_native,operator,torch.profiler.key_averages,autograd::engine::evaluate_function: torch::autograd::AccumulateGrad,111,1995.55,1062.723,torch.profiler native aggregate
small_b4_ctx512_fp32_train_step,small,4,512,train_step,fp32,torch.profiler,python profiling/benchmark.py --model-size small --batch-size 4 --context-length 512 --mode train_step --warmup 5 --steps 1 --dtype fp32 --seed 42 --device cuda --profile torch --output results/profile/result.json,profiler_native,operator,torch.profiler.key_averages,torch::autograd::AccumulateGrad,111,1650.858,1062.723,torch.profiler native aggregate
small_b4_ctx512_fp32_train_step,small,4,512,train_step,fp32,torch.profiler,python profiling/benchmark.py --model-size small --batch-size 4 --context-length 512 --mode train_step --warmup 5 --steps 1 --dtype fp32 --seed 42 --device cuda --profile torch --output results/profile/result.json,profiler_native,operator,torch.profiler.key_averages,"void at::native::elementwise_kernel<128, 2, at::native::gpu_kernel_impl_nocast<at::native::(anonymous namespace)::where_kernel_impl(at::TensorIterator&)::{lambda()#1}::operator()() const::{lambda()#11}::operator()() const::{lambda(bool, float, float)#1}>(at::TensorIteratorBase&, at::native::(anonymous namespace)::where_kernel_impl(at::TensorIterator&)::{lambda()#1}::operator()() const::{lambda()#11}::operator()() const::{lambda(bool, float, float)#1} const&)::{lambda(int)#1}>(int, at::native::gpu_kernel_impl_nocast<at::native::(anonymous namespace)::where_kernel_impl(at::TensorIterator&)::{lambda()#1}::operator()() const::{lambda()#11}::operator()() const::{lambda(bool, float, float)#1}>(at::TensorIteratorBase&, at::native::(anonymous namespace)::where_kernel_impl(at::TensorIterator&)::{lambda()#1}::operator()() const::{lambda()#11}::operator()() const::{lambda(bool, float, float)#1} const&)::{lambda(int)#1})",24,0,923.201,torch.profiler native aggregate
small_b4_ctx512_fp32_train_step,small,4,512,train_step,fp32,torch.profiler,python profiling/benchmark.py --model-size small --batch-size 4 --context-length 512 --mode train_step --warmup 5 --steps 1 --dtype fp32 --seed 42 --device cuda --profile torch --output results/profile/result.json,profiler_native,operator,torch.profiler.key_averages,"void at::native::elementwise_kernel<128, 2, at::native::gpu_kernel_impl_nocast<at::native::CUDAFunctor_add<float> >(at::TensorIteratorBase&, at::native::CUDAFunctor_add<float> const&)::{lambda(int)#1}>(int, at::native::gpu_kernel_impl_nocast<at::native::CUDAFunctor_add<float> >(at::TensorIteratorBase&, at::native::CUDAFunctor_add<float> const&)::{lambda(int)#1})",24,0,912.258,torch.profiler native aggregate
small_b4_ctx512_fp32_train_step,small,4,512,train_step,fp32,torch.profiler,python profiling/benchmark.py --model-size small --batch-size 4 --context-length 512 --mode train_step --warmup 5 --steps 1 --dtype fp32 --seed 42 --device cuda --profile torch --output results/profile/result.json,profiler_native,operator,torch.profiler.key_averages,"void at::native::reduce_kernel<512, 1, at::native::ReduceOp<float, at::native::func_wrapper_t<float, at::native::sum_functor<float, float, float>::operator()(at::TensorIterator&)::{lambda(float, float)#1}>, unsigned int, float, 4, 4> >(at::native::ReduceOp<float, at::native::func_wrapper_t<float, at::native::sum_functor<float, float, float>::operator()(at::TensorIterator&)::{lambda(float, float)#1}>, unsigned int, float, 4, 4>)",61,0,885.7,torch.profiler native aggregate
small_b4_ctx512_fp32_train_step,small,4,512,train_step,fp32,torch.profiler,python profiling/benchmark.py --model-size small --batch-size 4 --context-length 512 --mode train_step --warmup 5 --steps 1 --dtype fp32 --seed 42 --device cuda --profile torch --output results/profile/result.json,profiler_native,operator,torch.profiler.key_averages,aten::sub_,222,1769.856,824.381,torch.profiler native aggregate
small_b4_ctx512_fp32_train_step,small,4,512,train_step,fp32,torch.profiler,python profiling/benchmark.py --model-size small --batch-size 4 --context-length 512 --mode train_step --warmup 5 --steps 1 --dtype fp32 --seed 42 --device cuda --profile torch --output results/profile/result.json,profiler_native,operator,torch.profiler.key_averages,autograd::engine::evaluate_function: MaxBackward0,12,754.783,714.016,torch.profiler native aggregate
small_b4_ctx512_fp32_train_step,small,4,512,train_step,fp32,torch.profiler,python profiling/benchmark.py --model-size small --batch-size 4 --context-length 512 --mode train_step --warmup 5 --steps 1 --dtype fp32 --seed 42 --device cuda --profile torch --output results/profile/result.json,profiler_native,operator,torch.profiler.key_averages,aten::neg,48,530.553,693.729,torch.profiler native aggregate
small_b4_ctx512_fp32_train_step,small,4,512,train_step,fp32,torch.profiler,python profiling/benchmark.py --model-size small --batch-size 4 --context-length 512 --mode train_step --warmup 5 --steps 1 --dtype fp32 --seed 42 --device cuda --profile torch --output results/profile/result.json,profiler_native,operator,torch.profiler.key_averages,aten::fill_,261,1940.774,688.056,torch.profiler native aggregate
small_b4_ctx512_fp32_train_step,small,4,512,train_step,fp32,torch.profiler,python profiling/benchmark.py --model-size small --batch-size 4 --context-length 512 --mode train_step --warmup 5 --steps 1 --dtype fp32 --seed 42 --device cuda --profile torch --output results/profile/result.json,profiler_trace_kernel,cuda_kernel,torch.profiler.chrome_trace_kernel,void cutlass::Kernel2<cutlass_80_simt_sgemm_256x128_8x4_nt_align1>(cutlass_80_simt_sgemm_256x128_8x4_nt_align1::Params),73,,8708.131,local Chrome trace cat=kernel aggregate inside profile/measure
small_b4_ctx512_fp32_train_step,small,4,512,train_step,fp32,torch.profiler,python profiling/benchmark.py --model-size small --batch-size 4 --context-length 512 --mode train_step --warmup 5 --steps 1 --dtype fp32 --seed 42 --device cuda --profile torch --output results/profile/result.json,profiler_trace_kernel,cuda_kernel,torch.profiler.chrome_trace_kernel,sm80_xmma_gemm_f32f32_f32f32_f32_tn_n_tilesize128x128x8_stage3_warpsize2x2x1_ffma_aligna4_alignc4_execute_kernel__5x_cublas,61,,6728.395,local Chrome trace cat=kernel aggregate inside profile/measure
small_b4_ctx512_fp32_train_step,small,4,512,train_step,fp32,torch.profiler,python profiling/benchmark.py --model-size small --batch-size 4 --context-length 512 --mode train_step --warmup 5 --steps 1 --dtype fp32 --seed 42 --device cuda --profile torch --output results/profile/result.json,profiler_trace_kernel,cuda_kernel,torch.profiler.chrome_trace_kernel,sm80_xmma_gemm_f32f32_f32f32_f32_nn_n_tilesize128x128x8_stage3_warpsize2x2x1_ffma_aligna4_alignc4_execute_kernel__5x_cublas,25,,5652.264,local Chrome trace cat=kernel aggregate inside profile/measure
small_b4_ctx512_fp32_train_step,small,4,512,train_step,fp32,torch.profiler,python profiling/benchmark.py --model-size small --batch-size 4 --context-length 512 --mode train_step --warmup 5 --steps 1 --dtype fp32 --seed 42 --device cuda --profile torch --output results/profile/result.json,profiler_trace_kernel,cuda_kernel,torch.profiler.chrome_trace_kernel,sm80_xmma_gemm_f32f32_f32f32_f32_tn_n_tilesize128x64x8_stage3_warpsize2x2x1_ffma_aligna4_alignc4_execute_kernel__5x_cublas,24,,5588.356,local Chrome trace cat=kernel aggregate inside profile/measure
small_b4_ctx512_fp32_train_step,small,4,512,train_step,fp32,torch.profiler,python profiling/benchmark.py --model-size small --batch-size 4 --context-length 512 --mode train_step --warmup 5 --steps 1 --dtype fp32 --seed 42 --device cuda --profile torch --output results/profile/result.json,profiler_trace_kernel,cuda_kernel,torch.profiler.chrome_trace_kernel,sm80_xmma_gemm_f32f32_f32f32_f32_nn_n_tilesize64x64x8_stage3_warpsize1x4x1_ffma_aligna4_alignc4_execute_kernel__5x_cublas,72,,4048.42,local Chrome trace cat=kernel aggregate inside profile/measure
small_b4_ctx512_fp32_train_step,small,4,512,train_step,fp32,torch.profiler,python profiling/benchmark.py --model-size small --batch-size 4 --context-length 512 --mode train_step --warmup 5 --steps 1 --dtype fp32 --seed 42 --device cuda --profile torch --output results/profile/result.json,profiler_trace_kernel,cuda_kernel,torch.profiler.chrome_trace_kernel,sm80_xmma_gemm_f32f32_f32f32_f32_nt_n_tilesize64x64x8_stage3_warpsize1x4x1_ffma_aligna4_alignc4_execute_kernel__5x_cublas,36,,4018.531,local Chrome trace cat=kernel aggregate inside profile/measure
small_b4_ctx512_fp32_train_step,small,4,512,train_step,fp32,torch.profiler,python profiling/benchmark.py --model-size small --batch-size 4 --context-length 512 --mode train_step --warmup 5 --steps 1 --dtype fp32 --seed 42 --device cuda --profile torch --output results/profile/result.json,profiler_trace_kernel,cuda_kernel,torch.profiler.chrome_trace_kernel,"void at::native::vectorized_elementwise_kernel<4, at::native::CUDAFunctor_add<float>, std::array<char*, 3ul> >(int, at::native::CUDAFunctor_add<float>, std::array<char*, 3ul>)",673,,3120.118,local Chrome trace cat=kernel aggregate inside profile/measure
small_b4_ctx512_fp32_train_step,small,4,512,train_step,fp32,torch.profiler,python profiling/benchmark.py --model-size small --batch-size 4 --context-length 512 --mode train_step --warmup 5 --steps 1 --dtype fp32 --seed 42 --device cuda --profile torch --output results/profile/result.json,profiler_trace_kernel,cuda_kernel,torch.profiler.chrome_trace_kernel,sm80_xmma_gemm_f32f32_f32f32_f32_nn_n_tilesize256x128x8_stage3_warpsize4x2x1_ffma_aligna4_alignc4_execute_kernel__5x_cublas,12,,2665.698,local Chrome trace cat=kernel aggregate inside profile/measure
small_b4_ctx512_fp32_train_step,small,4,512,train_step,fp32,torch.profiler,python profiling/benchmark.py --model-size small --batch-size 4 --context-length 512 --mode train_step --warmup 5 --steps 1 --dtype fp32 --seed 42 --device cuda --profile torch --output results/profile/result.json,profiler_trace_kernel,cuda_kernel,torch.profiler.chrome_trace_kernel,"void at::native::vectorized_elementwise_kernel<4, at::native::BinaryFunctor<float, float, float, at::native::binary_internal::MulFunctor<float> >, std::array<char*, 3ul> >(int, at::native::BinaryFunctor<float, float, float, at::native::binary_internal::MulFunctor<float> >, std::array<char*, 3ul>)",196,,2637.859,local Chrome trace cat=kernel aggregate inside profile/measure
small_b4_ctx512_fp32_train_step,small,4,512,train_step,fp32,torch.profiler,python profiling/benchmark.py --model-size small --batch-size 4 --context-length 512 --mode train_step --warmup 5 --steps 1 --dtype fp32 --seed 42 --device cuda --profile torch --output results/profile/result.json,profiler_trace_kernel,cuda_kernel,torch.profiler.chrome_trace_kernel,"void at::native::vectorized_elementwise_kernel<4, at::native::AUnaryFunctor<float, float, float, at::native::binary_internal::MulFunctor<float> >, std::array<char*, 2ul> >(int, at::native::AUnaryFunctor<float, float, float, at::native::binary_internal::MulFunctor<float> >, std::array<char*, 2ul>)",716,,2538.093,local Chrome trace cat=kernel aggregate inside profile/measure
small_b4_ctx512_fp32_train_step,small,4,512,train_step,fp32,torch.profiler,python profiling/benchmark.py --model-size small --batch-size 4 --context-length 512 --mode train_step --warmup 5 --steps 1 --dtype fp32 --seed 42 --device cuda --profile torch --output results/profile/result.json,profiler_trace_kernel,cuda_kernel,torch.profiler.chrome_trace_kernel,"void at::native::elementwise_kernel<128, 2, at::native::gpu_kernel_impl_nocast<at::native::BinaryFunctor<float, float, float, at::native::binary_internal::DivFunctor<float> > >(at::TensorIteratorBase&, at::native::BinaryFunctor<float, float, float, at::native::binary_internal::DivFunctor<float> > const&)::{lambda(int)#1}>(int, at::native::gpu_kernel_impl_nocast<at::native::BinaryFunctor<float, float, float, at::native::binary_internal::DivFunctor<float> > >(at::TensorIteratorBase&, at::native::BinaryFunctor<float, float, float, at::native::binary_internal::DivFunctor<float> > const&)::{lambda(int)#1})",48,,2197.218,local Chrome trace cat=kernel aggregate inside profile/measure
small_b4_ctx512_fp32_train_step,small,4,512,train_step,fp32,torch.profiler,python profiling/benchmark.py --model-size small --batch-size 4 --context-length 512 --mode train_step --warmup 5 --steps 1 --dtype fp32 --seed 42 --device cuda --profile torch --output results/profile/result.json,profiler_trace_kernel,cuda_kernel,torch.profiler.chrome_trace_kernel,"void at::native::elementwise_kernel<128, 2, at::native::gpu_kernel_impl_nocast<at::native::direct_copy_kernel_cuda(at::TensorIteratorBase&)::{lambda()#3}::operator()() const::{lambda()#7}::operator()() const::{lambda(float)#1}>(at::TensorIteratorBase&, at::native::direct_copy_kernel_cuda(at::TensorIteratorBase&)::{lambda()#3}::operator()() const::{lambda()#7}::operator()() const::{lambda(float)#1} const&)::{lambda(int)#1}>(int, at::native::gpu_kernel_impl_nocast<at::native::direct_copy_kernel_cuda(at::TensorIteratorBase&)::{lambda()#3}::operator()() const::{lambda()#7}::operator()() const::{lambda(float)#1}>(at::TensorIteratorBase&, at::native::direct_copy_kernel_cuda(at::TensorIteratorBase&)::{lambda()#3}::operator()() const::{lambda()#7}::operator()() const::{lambda(float)#1} const&)::{lambda(int)#1})",181,,1692.295,local Chrome trace cat=kernel aggregate inside profile/measure
small_b4_ctx512_fp32_train_step,small,4,512,train_step,fp32,torch.profiler,python profiling/benchmark.py --model-size small --batch-size 4 --context-length 512 --mode train_step --warmup 5 --steps 1 --dtype fp32 --seed 42 --device cuda --profile torch --output results/profile/result.json,profiler_trace_kernel,cuda_kernel,torch.profiler.chrome_trace_kernel,"void at::native::elementwise_kernel<128, 2, at::native::gpu_kernel_impl_nocast<at::native::BinaryFunctor<float, float, float, at::native::binary_internal::MulFunctor<float> > >(at::TensorIteratorBase&, at::native::BinaryFunctor<float, float, float, at::native::binary_internal::MulFunctor<float> > const&)::{lambda(int)#1}>(int, at::native::gpu_kernel_impl_nocast<at::native::BinaryFunctor<float, float, float, at::native::binary_internal::MulFunctor<float> > >(at::TensorIteratorBase&, at::native::BinaryFunctor<float, float, float, at::native::binary_internal::MulFunctor<float> > const&)::{lambda(int)#1})",292,,1595.233,local Chrome trace cat=kernel aggregate inside profile/measure
small_b4_ctx512_fp32_train_step,small,4,512,train_step,fp32,torch.profiler,python profiling/benchmark.py --model-size small --batch-size 4 --context-length 512 --mode train_step --warmup 5 --steps 1 --dtype fp32 --seed 42 --device cuda --profile torch --output results/profile/result.json,profiler_trace_kernel,cuda_kernel,torch.profiler.chrome_trace_kernel,sm80_xmma_gemm_f32f32_f32f32_f32_tn_n_tilesize64x64x8_stage3_warpsize1x4x1_ffma_aligna4_alignc4_execute_kernel__5x_cublas,24,,1444.863,local Chrome trace cat=kernel aggregate inside profile/measure
small_b4_ctx512_fp32_train_step,small,4,512,train_step,fp32,torch.profiler,python profiling/benchmark.py --model-size small --batch-size 4 --context-length 512 --mode train_step --warmup 5 --steps 1 --dtype fp32 --seed 42 --device cuda --profile torch --output results/profile/result.json,profiler_trace_kernel,cuda_kernel,torch.profiler.chrome_trace_kernel,"void at::native::elementwise_kernel<128, 2, at::native::gpu_kernel_impl_nocast<at::native::(anonymous namespace)::where_kernel_impl(at::TensorIterator&)::{lambda()#1}::operator()() const::{lambda()#11}::operator()() const::{lambda(bool, float, float)#1}>(at::TensorIteratorBase&, at::native::(anonymous namespace)::where_kernel_impl(at::TensorIterator&)::{lambda()#1}::operator()() const::{lambda()#11}::operator()() const::{lambda(bool, float, float)#1} const&)::{lambda(int)#1}>(int, at::native::gpu_kernel_impl_nocast<at::native::(anonymous namespace)::where_kernel_impl(at::TensorIterator&)::{lambda()#1}::operator()() const::{lambda()#11}::operator()() const::{lambda(bool, float, float)#1}>(at::TensorIteratorBase&, at::native::(anonymous namespace)::where_kernel_impl(at::TensorIterator&)::{lambda()#1}::operator()() const::{lambda()#11}::operator()() const::{lambda(bool, float, float)#1} const&)::{lambda(int)#1})",24,,923.201,local Chrome trace cat=kernel aggregate inside profile/measure
small_b4_ctx512_fp32_train_step,small,4,512,train_step,fp32,torch.profiler,python profiling/benchmark.py --model-size small --batch-size 4 --context-length 512 --mode train_step --warmup 5 --steps 1 --dtype fp32 --seed 42 --device cuda --profile torch --output results/profile/result.json,profiler_trace_kernel,cuda_kernel,torch.profiler.chrome_trace_kernel,"void at::native::elementwise_kernel<128, 2, at::native::gpu_kernel_impl_nocast<at::native::CUDAFunctor_add<float> >(at::TensorIteratorBase&, at::native::CUDAFunctor_add<float> const&)::{lambda(int)#1}>(int, at::native::gpu_kernel_impl_nocast<at::native::CUDAFunctor_add<float> >(at::TensorIteratorBase&, at::native::CUDAFunctor_add<float> const&)::{lambda(int)#1})",24,,912.258,local Chrome trace cat=kernel aggregate inside profile/measure
small_b4_ctx512_fp32_train_step,small,4,512,train_step,fp32,torch.profiler,python profiling/benchmark.py --model-size small --batch-size 4 --context-length 512 --mode train_step --warmup 5 --steps 1 --dtype fp32 --seed 42 --device cuda --profile torch --output results/profile/result.json,profiler_trace_kernel,cuda_kernel,torch.profiler.chrome_trace_kernel,"void at::native::reduce_kernel<512, 1, at::native::ReduceOp<float, at::native::func_wrapper_t<float, at::native::sum_functor<float, float, float>::operator()(at::TensorIterator&)::{lambda(float, float)#1}>, unsigned int, float, 4, 4> >(at::native::ReduceOp<float, at::native::func_wrapper_t<float, at::native::sum_functor<float, float, float>::operator()(at::TensorIterator&)::{lambda(float, float)#1}>, unsigned int, float, 4, 4>)",61,,885.7,local Chrome trace cat=kernel aggregate inside profile/measure
small_b4_ctx512_fp32_train_step,small,4,512,train_step,fp32,torch.profiler,python profiling/benchmark.py --model-size small --batch-size 4 --context-length 512 --mode train_step --warmup 5 --steps 1 --dtype fp32 --seed 42 --device cuda --profile torch --output results/profile/result.json,profiler_trace_kernel,cuda_kernel,torch.profiler.chrome_trace_kernel,"void at::native::vectorized_elementwise_kernel<4, at::native::FillFunctor<float>, std::array<char*, 1ul> >(int, at::native::FillFunctor<float>, std::array<char*, 1ul>)",261,,688.056,local Chrome trace cat=kernel aggregate inside profile/measure
small_b4_ctx512_fp32_train_step,small,4,512,train_step,fp32,torch.profiler,python profiling/benchmark.py --model-size small --batch-size 4 --context-length 512 --mode train_step --warmup 5 --steps 1 --dtype fp32 --seed 42 --device cuda --profile torch --output results/profile/result.json,profiler_trace_kernel,cuda_kernel,torch.profiler.chrome_trace_kernel,"void at::native::vectorized_elementwise_kernel<4, at::native::BUnaryFunctor<float, float, float, at::native::binary_internal::MulFunctor<float> >, std::array<char*, 2ul> >(int, at::native::BUnaryFunctor<float, float, float, at::native::binary_internal::MulFunctor<float> >, std::array<char*, 2ul>)",24,,623.073,local Chrome trace cat=kernel aggregate inside profile/measure
small_b4_ctx512_fp32_train_step,small,4,512,train_step,fp32,torch.profiler,python profiling/benchmark.py --model-size small --batch-size 4 --context-length 512 --mode train_step --warmup 5 --steps 1 --dtype fp32 --seed 42 --device cuda --profile torch --output results/profile/result.json,profiler_trace_kernel,cuda_kernel,torch.profiler.chrome_trace_kernel,"void at::native::vectorized_elementwise_kernel<4, at::native::neg_kernel_cuda(at::TensorIteratorBase&)::{lambda()#2}::operator()() const::{lambda()#7}::operator()() const::{lambda(float)#1}, std::array<char*, 2ul> >(int, at::native::neg_kernel_cuda(at::TensorIteratorBase&)::{lambda()#2}::operator()() const::{lambda()#7}::operator()() const::{lambda(float)#1}, std::array<char*, 2ul>)",24,,588.064,local Chrome trace cat=kernel aggregate inside profile/measure
small_b4_ctx512_fp32_train_step,small,4,512,train_step,fp32,torch.profiler,python profiling/benchmark.py --model-size small --batch-size 4 --context-length 512 --mode train_step --warmup 5 --steps 1 --dtype fp32 --seed 42 --device cuda --profile torch --output results/profile/result.json,profiler_trace_kernel,cuda_kernel,torch.profiler.chrome_trace_kernel,"void at::native::vectorized_elementwise_kernel<4, at::native::(anonymous namespace)::pow_tensor_scalar_kernel_impl<float, float>(at::TensorIteratorBase&, float)::{lambda(float)#1}, std::array<char*, 2ul> >(int, at::native::(anonymous namespace)::pow_tensor_scalar_kernel_impl<float, float>(at::TensorIteratorBase&, float)::{lambda(float)#1}, std::array<char*, 2ul>)",136,,454.435,local Chrome trace cat=kernel aggregate inside profile/measure
small_b4_ctx512_fp32_train_step,small,4,512,train_step,fp32,torch.profiler,python profiling/benchmark.py --model-size small --batch-size 4 --context-length 512 --mode train_step --warmup 5 --steps 1 --dtype fp32 --seed 42 --device cuda --profile torch --output results/profile/result.json,profiler_trace_kernel,cuda_kernel,torch.profiler.chrome_trace_kernel,"void at::native::vectorized_elementwise_kernel<4, at::native::BinaryFunctor<float, float, float, at::native::binary_internal::DivFunctor<float> >, std::array<char*, 3ul> >(int, at::native::BinaryFunctor<float, float, float, at::native::binary_internal::DivFunctor<float> >, std::array<char*, 3ul>)",111,,430.303,local Chrome trace cat=kernel aggregate inside profile/measure
small_b4_ctx512_fp32_train_step,small,4,512,train_step,fp32,torch.profiler,python profiling/benchmark.py --model-size small --batch-size 4 --context-length 512 --mode train_step --warmup 5 --steps 1 --dtype fp32 --seed 42 --device cuda --profile torch --output results/profile/result.json,profiler_trace_kernel,cuda_kernel,torch.profiler.chrome_trace_kernel,"void at::native::(anonymous namespace)::CatArrayBatchedCopy<at::native::(anonymous namespace)::OpaqueType<4u>, unsigned int, 4, 64, 64>(at::native::(anonymous namespace)::OpaqueType<4u>*, at::native::(anonymous namespace)::CatArrInputTensorMetadata<at::native::(anonymous namespace)::OpaqueType<4u>, unsigned int, 64, 64>, at::native::(anonymous namespace)::TensorSizeStride<unsigned int, 4u>, int, unsigned int)",36,,369.694,local Chrome trace cat=kernel aggregate inside profile/measure
small_b4_ctx512_fp32_train_step,small,4,512,train_step,fp32,torch.profiler,python profiling/benchmark.py --model-size small --batch-size 4 --context-length 512 --mode train_step --warmup 5 --steps 1 --dtype fp32 --seed 42 --device cuda --profile torch --output results/profile/result.json,profiler_trace_kernel,cuda_kernel,torch.profiler.chrome_trace_kernel,"void at::native::vectorized_elementwise_kernel<4, at::native::CUDAFunctorOnSelf_add<float>, std::array<char*, 2ul> >(int, at::native::CUDAFunctorOnSelf_add<float>, std::array<char*, 2ul>)",136,,365.671,local Chrome trace cat=kernel aggregate inside profile/measure
small_b4_ctx512_fp32_train_step,small,4,512,train_step,fp32,torch.profiler,python profiling/benchmark.py --model-size small --batch-size 4 --context-length 512 --mode train_step --warmup 5 --steps 1 --dtype fp32 --seed 42 --device cuda --profile torch --output results/profile/result.json,profiler_trace_kernel,cuda_kernel,torch.profiler.chrome_trace_kernel,"void at::native::vectorized_elementwise_kernel<4, at::native::sqrt_kernel_cuda(at::TensorIteratorBase&)::{lambda()#2}::operator()() const::{lambda()#2}::operator()() const::{lambda(float)#1}, std::array<char*, 2ul> >(int, at::native::sqrt_kernel_cuda(at::TensorIteratorBase&)::{lambda()#2}::operator()() const::{lambda()#2}::operator()() const::{lambda(float)#1}, std::array<char*, 2ul>)",111,,357.569,local Chrome trace cat=kernel aggregate inside profile/measure
small_b4_ctx512_fp32_train_step,small,4,512,train_step,fp32,torch.profiler,python profiling/benchmark.py --model-size small --batch-size 4 --context-length 512 --mode train_step --warmup 5 --steps 1 --dtype fp32 --seed 42 --device cuda --profile torch --output results/profile/result.json,profiler_trace_kernel,cuda_kernel,torch.profiler.chrome_trace_kernel,"void at::native::reduce_kernel<512, 1, at::native::ReduceOp<float, at::native::MaxOps<float>, unsigned int, float, 4, 4> >(at::native::ReduceOp<float, at::native::MaxOps<float>, unsigned int, float, 4, 4>)",12,,328.097,local Chrome trace cat=kernel aggregate inside profile/measure
small_b4_ctx512_fp32_train_step,small,4,512,train_step,fp32,torch.profiler,python profiling/benchmark.py --model-size small --batch-size 4 --context-length 512 --mode train_step --warmup 5 --steps 1 --dtype fp32 --seed 42 --device cuda --profile torch --output results/profile/result.json,profiler_trace_kernel,cuda_kernel,torch.profiler.chrome_trace_kernel,"void at::native::vectorized_elementwise_kernel<4, at::native::exp_kernel_cuda(at::TensorIteratorBase&)::{lambda()#2}::operator()() const::{lambda()#2}::operator()() const::{lambda(float)#1}, std::array<char*, 2ul> >(int, at::native::exp_kernel_cuda(at::TensorIteratorBase&)::{lambda()#2}::operator()() const::{lambda()#2}::operator()() const::{lambda(float)#1}, std::array<char*, 2ul>)",12,,294.146,local Chrome trace cat=kernel aggregate inside profile/measure
small_b4_ctx512_fp32_train_step,small,4,512,train_step,fp32,torch.profiler,python profiling/benchmark.py --model-size small --batch-size 4 --context-length 512 --mode train_step --warmup 5 --steps 1 --dtype fp32 --seed 42 --device cuda --profile torch --output results/profile/result.json,profiler_trace_kernel,cuda_kernel,torch.profiler.chrome_trace_kernel,"void cublasLt::splitKreduce_kernel<32, 16, int, float, float, float, float, false, float, float, float, true, false, false>(cublasLt::cublasSplitKParams<float>, float const*, float const*, float*, float*, float const*, float const*, float const*, float const*, float*, void*, long, float*, int*, float*, float*, float const*, float const*, float const*, float const*, float const*)",48,,291.936,local Chrome trace cat=kernel aggregate inside profile/measure
small_b4_ctx512_fp32_train_step,small,4,512,train_step,fp32,torch.profiler,python profiling/benchmark.py --model-size small --batch-size 4 --context-length 512 --mode train_step --warmup 5 --steps 1 --dtype fp32 --seed 42 --device cuda --profile torch --output results/profile/result.json,profiler_trace_kernel,cuda_kernel,torch.profiler.chrome_trace_kernel,"void at::native::reduce_kernel<128, 4, at::native::ReduceOp<float, at::native::func_wrapper_t<float, at::native::sum_functor<float, float, float>::operator()(at::TensorIterator&)::{lambda(float, float)#1}>, unsigned int, float, 4, 4> >(at::native::ReduceOp<float, at::native::func_wrapper_t<float, at::native::sum_functor<float, float, float>::operator()(at::TensorIterator&)::{lambda(float, float)#1}>, unsigned int, float, 4, 4>)",25,,274.017,local Chrome trace cat=kernel aggregate inside profile/measure
small_b4_ctx512_fp32_train_step,small,4,512,train_step,fp32,torch.profiler,python profiling/benchmark.py --model-size small --batch-size 4 --context-length 512 --mode train_step --warmup 5 --steps 1 --dtype fp32 --seed 42 --device cuda --profile torch --output results/profile/result.json,profiler_trace_kernel,cuda_kernel,torch.profiler.chrome_trace_kernel,"void at::native::vectorized_elementwise_kernel<4, at::native::sigmoid_backward_kernel_cuda(at::TensorIteratorBase&)::{lambda()#2}::operator()() const::{lambda()#2}::operator()() const::{lambda(float, float)#1}, std::array<char*, 3ul> >(int, at::native::sigmoid_backward_kernel_cuda(at::TensorIteratorBase&)::{lambda()#2}::operator()() const::{lambda()#2}::operator()() const::{lambda(float, float)#1}, std::array<char*, 3ul>)",12,,239.36,local Chrome trace cat=kernel aggregate inside profile/measure
small_b4_ctx512_fp32_train_step,small,4,512,train_step,fp32,torch.profiler,python profiling/benchmark.py --model-size small --batch-size 4 --context-length 512 --mode train_step --warmup 5 --steps 1 --dtype fp32 --seed 42 --device cuda --profile torch --output results/profile/result.json,profiler_trace_kernel,cuda_kernel,torch.profiler.chrome_trace_kernel,"void at::native::elementwise_kernel<128, 2, at::native::gpu_kernel_impl_nocast<at::native::BUnaryFunctor<float, float, float, at::native::binary_internal::MulFunctor<float> > >(at::TensorIteratorBase&, at::native::BUnaryFunctor<float, float, float, at::native::binary_internal::MulFunctor<float> > const&)::{lambda(int)#1}>(int, at::native::gpu_kernel_impl_nocast<at::native::BUnaryFunctor<float, float, float, at::native::binary_internal::MulFunctor<float> > >(at::TensorIteratorBase&, at::native::BUnaryFunctor<float, float, float, at::native::binary_internal::MulFunctor<float> > const&)::{lambda(int)#1})",25,,143.683,local Chrome trace cat=kernel aggregate inside profile/measure
small_b4_ctx512_fp32_train_step,small,4,512,train_step,fp32,torch.profiler,python profiling/benchmark.py --model-size small --batch-size 4 --context-length 512 --mode train_step --warmup 5 --steps 1 --dtype fp32 --seed 42 --device cuda --profile torch --output results/profile/result.json,profiler_trace_kernel,cuda_kernel,torch.profiler.chrome_trace_kernel,"void at::native::vectorized_elementwise_kernel<4, at::native::sigmoid_kernel_cuda(at::TensorIteratorBase&)::{lambda()#2}::operator()() const::{lambda()#2}::operator()() const::{lambda(float)#1}, std::array<char*, 2ul> >(int, at::native::sigmoid_kernel_cuda(at::TensorIteratorBase&)::{lambda()#2}::operator()() const::{lambda()#2}::operator()() const::{lambda(float)#1}, std::array<char*, 2ul>)",12,,140.191,local Chrome trace cat=kernel aggregate inside profile/measure
small_b4_ctx512_fp32_train_step,small,4,512,train_step,fp32,torch.profiler,python profiling/benchmark.py --model-size small --batch-size 4 --context-length 512 --mode train_step --warmup 5 --steps 1 --dtype fp32 --seed 42 --device cuda --profile torch --output results/profile/result.json,profiler_trace_kernel,cuda_kernel,torch.profiler.chrome_trace_kernel,"void at::native::_scatter_gather_elementwise_kernel<128, 8, at::native::_cuda_scatter_gather_internal_kernel<true, at::native::OpaqueType<4>, long>::operator()<at::native::TensorAssign>(at::TensorIterator&, long, long, long, at::native::TensorAssign const&)::{lambda(int)#1}>(int, at::native::_cuda_scatter_gather_internal_kernel<true, at::native::OpaqueType<4>, long>::operator()<at::native::TensorAssign>(at::TensorIterator&, long, long, long, at::native::TensorAssign const&)::{lambda(int)#1})",12,,120.385,local Chrome trace cat=kernel aggregate inside profile/measure
small_b4_ctx512_fp32_train_step,small,4,512,train_step,fp32,torch.profiler,python profiling/benchmark.py --model-size small --batch-size 4 --context-length 512 --mode train_step --warmup 5 --steps 1 --dtype fp32 --seed 42 --device cuda --profile torch --output results/profile/result.json,profiler_trace_kernel,cuda_kernel,torch.profiler.chrome_trace_kernel,"void at::native::reduce_kernel<512, 1, at::native::ReduceOp<float, at::native::MeanOps<float, float, float, float>, unsigned int, float, 4, 4> >(at::native::ReduceOp<float, at::native::MeanOps<float, float, float, float>, unsigned int, float, 4, 4>)",25,,117.791,local Chrome trace cat=kernel aggregate inside profile/measure
small_b4_ctx512_fp32_train_step,small,4,512,train_step,fp32,torch.profiler,python profiling/benchmark.py --model-size small --batch-size 4 --context-length 512 --mode train_step --warmup 5 --steps 1 --dtype fp32 --seed 42 --device cuda --profile torch --output results/profile/result.json,profiler_trace_kernel,cuda_kernel,torch.profiler.chrome_trace_kernel,"void at::native::elementwise_kernel<128, 2, at::native::gpu_kernel_impl_nocast<at::native::neg_kernel_cuda(at::TensorIteratorBase&)::{lambda()#2}::operator()() const::{lambda()#7}::operator()() const::{lambda(float)#1}>(at::TensorIteratorBase&, at::native::neg_kernel_cuda(at::TensorIteratorBase&)::{lambda()#2}::operator()() const::{lambda()#7}::operator()() const::{lambda(float)#1} const&)::{lambda(int)#1}>(int, at::native::gpu_kernel_impl_nocast<at::native::neg_kernel_cuda(at::TensorIteratorBase&)::{lambda()#2}::operator()() const::{lambda()#7}::operator()() const::{lambda(float)#1}>(at::TensorIteratorBase&, at::native::neg_kernel_cuda(at::TensorIteratorBase&)::{lambda()#2}::operator()() const::{lambda()#7}::operator()() const::{lambda(float)#1} const&)::{lambda(int)#1})",24,,105.665,local Chrome trace cat=kernel aggregate inside profile/measure
small_b4_ctx512_fp32_train_step,small,4,512,train_step,fp32,torch.profiler,python profiling/benchmark.py --model-size small --batch-size 4 --context-length 512 --mode train_step --warmup 5 --steps 1 --dtype fp32 --seed 42 --device cuda --profile torch --output results/profile/result.json,profiler_trace_kernel,cuda_kernel,torch.profiler.chrome_trace_kernel,"void at::native::(anonymous namespace)::cunn_SoftMaxBackwardSmem<4, float, float, float, at::native::(anonymous namespace)::LogSoftMaxBackwardEpilogue>(float*, float const*, float const*, long)",1,,64.672,local Chrome trace cat=kernel aggregate inside profile/measure
small_b4_ctx512_fp32_train_step,small,4,512,train_step,fp32,torch.profiler,python profiling/benchmark.py --model-size small --batch-size 4 --context-length 512 --mode train_step --warmup 5 --steps 1 --dtype fp32 --seed 42 --device cuda --profile torch --output results/profile/result.json,profiler_trace_kernel,cuda_kernel,torch.profiler.chrome_trace_kernel,"void at::native::(anonymous namespace)::cunn_SoftMaxForwardSmem<4, float, float, float, at::native::(anonymous namespace)::LogSoftMaxForwardEpilogue, long>(float*, float const*, long)",1,,56.512,local Chrome trace cat=kernel aggregate inside profile/measure
small_b4_ctx512_fp32_train_step,small,4,512,train_step,fp32,torch.profiler,python profiling/benchmark.py --model-size small --batch-size 4 --context-length 512 --mode train_step --warmup 5 --steps 1 --dtype fp32 --seed 42 --device cuda --profile torch --output results/profile/result.json,profiler_trace_kernel,cuda_kernel,torch.profiler.chrome_trace_kernel,"void at::native::(anonymous namespace)::CatArrayBatchedCopy_vectorized<at::native::(anonymous namespace)::OpaqueType<4u>, unsigned int, 1, 128, 1, 16, 4>(char*, at::native::(anonymous namespace)::CatArrInputTensorMetadata<at::native::(anonymous namespace)::OpaqueType<4u>, unsigned int, 128, 1>, at::native::(anonymous namespace)::TensorSizeStride<unsigned int, 4u>, int, unsigned int)",12,,50.784,local Chrome trace cat=kernel aggregate inside profile/measure
small_b4_ctx512_fp32_train_step,small,4,512,train_step,fp32,torch.profiler,python profiling/benchmark.py --model-size small --batch-size 4 --context-length 512 --mode train_step --warmup 5 --steps 1 --dtype fp32 --seed 42 --device cuda --profile torch --output results/profile/result.json,profiler_trace_kernel,cuda_kernel,torch.profiler.chrome_trace_kernel,"void at::native::elementwise_kernel<128, 4, at::native::gpu_kernel_impl_nocast<at::native::(anonymous namespace)::CompareFunctor<long> >(at::TensorIteratorBase&, at::native::(anonymous namespace)::CompareFunctor<long> const&)::{lambda(int)#1}>(int, at::native::gpu_kernel_impl_nocast<at::native::(anonymous namespace)::CompareFunctor<long> >(at::TensorIteratorBase&, at::native::(anonymous namespace)::CompareFunctor<long> const&)::{lambda(int)#1})",12,,39.265,local Chrome trace cat=kernel aggregate inside profile/measure
small_b4_ctx512_fp32_train_step,small,4,512,train_step,fp32,torch.profiler,python profiling/benchmark.py --model-size small --batch-size 4 --context-length 512 --mode train_step --warmup 5 --steps 1 --dtype fp32 --seed 42 --device cuda --profile torch --output results/profile/result.json,profiler_trace_kernel,cuda_kernel,torch.profiler.chrome_trace_kernel,"void at::native::vectorized_elementwise_kernel<4, at::native::(anonymous namespace)::pow_tensor_scalar_kernel_impl<float, float>(at::TensorIteratorBase&, float)::{lambda(float)#2}, std::array<char*, 2ul> >(int, at::native::(anonymous namespace)::pow_tensor_scalar_kernel_impl<float, float>(at::TensorIteratorBase&, float)::{lambda(float)#2}, std::array<char*, 2ul>)",25,,34.943,local Chrome trace cat=kernel aggregate inside profile/measure
small_b4_ctx1024_fp32_train_step,small,4,1024,train_step,fp32,torch.profiler,python profiling/benchmark.py --model-size small --batch-size 4 --context-length 1024 --mode train_step --warmup 5 --steps 1 --dtype fp32 --seed 42 --device cuda --profile torch --output results/profile/result.json,profiler_native,annotation,torch.profiler.record_function_cpu_annotation,attention/scores,12,2650.667,5449.773,CPU-side torch.profiler record_function aggregate; paired GPU annotation mirror omitted
small_b4_ctx1024_fp32_train_step,small,4,1024,train_step,fp32,torch.profiler,python profiling/benchmark.py --model-size small --batch-size 4 --context-length 1024 --mode train_step --warmup 5 --steps 1 --dtype fp32 --seed 42 --device cuda --profile torch --output results/profile/result.json,profiler_native,annotation,torch.profiler.record_function_cpu_annotation,attention/softmax,12,1666.138,6771.824,CPU-side torch.profiler record_function aggregate; paired GPU annotation mirror omitted
small_b4_ctx1024_fp32_train_step,small,4,1024,train_step,fp32,torch.profiler,python profiling/benchmark.py --model-size small --batch-size 4 --context-length 1024 --mode train_step --warmup 5 --steps 1 --dtype fp32 --seed 42 --device cuda --profile torch --output results/profile/result.json,profiler_native,annotation,torch.profiler.record_function_cpu_annotation,attention/value,12,1710.297,2116.421,CPU-side torch.profiler record_function aggregate; paired GPU annotation mirror omitted
small_b4_ctx1024_fp32_train_step,small,4,1024,train_step,fp32,torch.profiler,python profiling/benchmark.py --model-size small --batch-size 4 --context-length 1024 --mode train_step --warmup 5 --steps 1 --dtype fp32 --seed 42 --device cuda --profile torch --output results/profile/result.json,profiler_native,annotation,torch.profiler.record_function_cpu_annotation,backward,1,49972.312,1.089,CPU-side torch.profiler record_function aggregate; paired GPU annotation mirror omitted
small_b4_ctx1024_fp32_train_step,small,4,1024,train_step,fp32,torch.profiler,python profiling/benchmark.py --model-size small --batch-size 4 --context-length 1024 --mode train_step --warmup 5 --steps 1 --dtype fp32 --seed 42 --device cuda --profile torch --output results/profile/result.json,profiler_native,annotation,torch.profiler.record_function_cpu_annotation,forward,1,24676.781,40103.354,CPU-side torch.profiler record_function aggregate; paired GPU annotation mirror omitted
small_b4_ctx1024_fp32_train_step,small,4,1024,train_step,fp32,torch.profiler,python profiling/benchmark.py --model-size small --batch-size 4 --context-length 1024 --mode train_step --warmup 5 --steps 1 --dtype fp32 --seed 42 --device cuda --profile torch --output results/profile/result.json,profiler_native,annotation,torch.profiler.record_function_cpu_annotation,optimizer,1,61468.829,6836.618,CPU-side torch.profiler record_function aggregate; paired GPU annotation mirror omitted
small_b4_ctx1024_fp32_train_step,small,4,1024,train_step,fp32,torch.profiler,python profiling/benchmark.py --model-size small --batch-size 4 --context-length 1024 --mode train_step --warmup 5 --steps 1 --dtype fp32 --seed 42 --device cuda --profile torch --output results/profile/result.json,profiler_native,annotation,torch.profiler.record_function_cpu_annotation,profile/measure,1,138703.915,47487.688,CPU-side torch.profiler record_function aggregate; paired GPU annotation mirror omitted
small_b4_ctx1024_fp32_train_step,small,4,1024,train_step,fp32,torch.profiler,python profiling/benchmark.py --model-size small --batch-size 4 --context-length 1024 --mode train_step --warmup 5 --steps 1 --dtype fp32 --seed 42 --device cuda --profile torch --output results/profile/result.json,profiler_native,annotation,torch.profiler.record_function_cpu_annotation,profile/warmup,1,438.112,0,CPU-side torch.profiler record_function aggregate; paired GPU annotation mirror omitted
small_b4_ctx1024_fp32_train_step,small,4,1024,train_step,fp32,torch.profiler,python profiling/benchmark.py --model-size small --batch-size 4 --context-length 1024 --mode train_step --warmup 5 --steps 1 --dtype fp32 --seed 42 --device cuda --profile torch --output results/profile/result.json,synchronized_phase_wall,phase_wall,synchronized_wall_clock,backward,1,83369.0872,,synchronized wall clock; CUDA time intentionally blank
small_b4_ctx1024_fp32_train_step,small,4,1024,train_step,fp32,torch.profiler,python profiling/benchmark.py --model-size small --batch-size 4 --context-length 1024 --mode train_step --warmup 5 --steps 1 --dtype fp32 --seed 42 --device cuda --profile torch --output results/profile/result.json,synchronized_phase_wall,phase_wall,synchronized_wall_clock,forward,1,42003.4256,,synchronized wall clock; CUDA time intentionally blank
small_b4_ctx1024_fp32_train_step,small,4,1024,train_step,fp32,torch.profiler,python profiling/benchmark.py --model-size small --batch-size 4 --context-length 1024 --mode train_step --warmup 5 --steps 1 --dtype fp32 --seed 42 --device cuda --profile torch --output results/profile/result.json,synchronized_phase_wall,phase_wall,synchronized_wall_clock,loss,1,135.839999,,synchronized wall clock; CUDA time intentionally blank
small_b4_ctx1024_fp32_train_step,small,4,1024,train_step,fp32,torch.profiler,python profiling/benchmark.py --model-size small --batch-size 4 --context-length 1024 --mode train_step --warmup 5 --steps 1 --dtype fp32 --seed 42 --device cuda --profile torch --output results/profile/result.json,synchronized_phase_wall,phase_wall,synchronized_wall_clock,optimizer,1,11205.6637,,synchronized wall clock; CUDA time intentionally blank
small_b4_ctx1024_fp32_train_step,small,4,1024,train_step,fp32,torch.profiler,python profiling/benchmark.py --model-size small --batch-size 4 --context-length 1024 --mode train_step --warmup 5 --steps 1 --dtype fp32 --seed 42 --device cuda --profile torch --output results/profile/result.json,synchronized_phase_wall,phase_wall,synchronized_wall_clock,total,1,137137.353,,synchronized wall clock; CUDA time intentionally blank
small_b4_ctx1024_fp32_train_step,small,4,1024,train_step,fp32,torch.profiler,python profiling/benchmark.py --model-size small --batch-size 4 --context-length 1024 --mode train_step --warmup 5 --steps 1 --dtype fp32 --seed 42 --device cuda --profile torch --output results/profile/result.json,synchronized_phase_wall,phase_wall,synchronized_wall_clock,zero_grad,1,311.679989,,synchronized wall clock; CUDA time intentionally blank
small_b4_ctx1024_fp32_train_step,small,4,1024,train_step,fp32,torch.profiler,python profiling/benchmark.py --model-size small --batch-size 4 --context-length 1024 --mode train_step --warmup 5 --steps 1 --dtype fp32 --seed 42 --device cuda --profile torch --output results/profile/result.json,profiler_native,operator,torch.profiler.key_averages,aten::bmm,327,8026.169,77652.434,torch.profiler native aggregate
small_b4_ctx1024_fp32_train_step,small,4,1024,train_step,fp32,torch.profiler,python profiling/benchmark.py --model-size small --batch-size 4 --context-length 1024 --mode train_step --warmup 5 --steps 1 --dtype fp32 --seed 42 --device cuda --profile torch --output results/profile/result.json,profiler_native,operator,torch.profiler.key_averages,autograd::engine::evaluate_function: BmmBackward0,109,7210.744,51178.479,torch.profiler native aggregate
small_b4_ctx1024_fp32_train_step,small,4,1024,train_step,fp32,torch.profiler,python profiling/benchmark.py --model-size small --batch-size 4 --context-length 1024 --mode train_step --warmup 5 --steps 1 --dtype fp32 --seed 42 --device cuda --profile torch --output results/profile/result.json,profiler_native,operator,torch.profiler.key_averages,BmmBackward0,109,6273.841,51178.479,torch.profiler native aggregate
small_b4_ctx1024_fp32_train_step,small,4,1024,train_step,fp32,torch.profiler,python profiling/benchmark.py --model-size small --batch-size 4 --context-length 1024 --mode train_step --warmup 5 --steps 1 --dtype fp32 --seed 42 --device cuda --profile torch --output results/profile/result.json,profiler_native,operator,torch.profiler.key_averages,sm80_xmma_gemm_f32f32_f32f32_f32_tn_n_tilesize128x128x8_stage3_warpsize2x2x1_ffma_aligna4_alignc4_execute_kernel__5x_cublas,109,0,26999.943,torch.profiler native aggregate
small_b4_ctx1024_fp32_train_step,small,4,1024,train_step,fp32,torch.profiler,python profiling/benchmark.py --model-size small --batch-size 4 --context-length 1024 --mode train_step --warmup 5 --steps 1 --dtype fp32 --seed 42 --device cuda --profile torch --output results/profile/result.json,profiler_native,operator,torch.profiler.key_averages,aten::einsum,109,8663.631,26635.266,torch.profiler native aggregate
small_b4_ctx1024_fp32_train_step,small,4,1024,train_step,fp32,torch.profiler,python profiling/benchmark.py --model-size small --batch-size 4 --context-length 1024 --mode train_step --warmup 5 --steps 1 --dtype fp32 --seed 42 --device cuda --profile torch --output results/profile/result.json,profiler_native,operator,torch.profiler.key_averages,void cutlass::Kernel2<cutlass_80_simt_sgemm_256x128_8x4_nt_align1>(cutlass_80_simt_sgemm_256x128_8x4_nt_align1::Params),72,0,14544.175,torch.profiler native aggregate
small_b4_ctx1024_fp32_train_step,small,4,1024,train_step,fp32,torch.profiler,python profiling/benchmark.py --model-size small --batch-size 4 --context-length 1024 --mode train_step --warmup 5 --steps 1 --dtype fp32 --seed 42 --device cuda --profile torch --output results/profile/result.json,profiler_native,operator,torch.profiler.key_averages,aten::mul,1205,29277.818,12279.987,torch.profiler native aggregate
small_b4_ctx1024_fp32_train_step,small,4,1024,train_step,fp32,torch.profiler,python profiling/benchmark.py --model-size small --batch-size 4 --context-length 1024 --mode train_step --warmup 5 --steps 1 --dtype fp32 --seed 42 --device cuda --profile torch --output results/profile/result.json,profiler_native,operator,torch.profiler.key_averages,aten::div,208,4845.293,11411.525,torch.profiler native aggregate
small_b4_ctx1024_fp32_train_step,small,4,1024,train_step,fp32,torch.profiler,python profiling/benchmark.py --model-size small --batch-size 4 --context-length 1024 --mode train_step --warmup 5 --steps 1 --dtype fp32 --seed 42 --device cuda --profile torch --output results/profile/result.json,profiler_native,operator,torch.profiler.key_averages,sm80_xmma_gemm_f32f32_f32f32_f32_nn_n_tilesize128x128x8_stage3_warpsize2x2x1_ffma_aligna4_alignc4_execute_kernel__5x_cublas,25,0,11147.708,torch.profiler native aggregate
small_b4_ctx1024_fp32_train_step,small,4,1024,train_step,fp32,torch.profiler,python profiling/benchmark.py --model-size small --batch-size 4 --context-length 1024 --mode train_step --warmup 5 --steps 1 --dtype fp32 --seed 42 --device cuda --profile torch --output results/profile/result.json,profiler_native,operator,torch.profiler.key_averages,Optimizer.step#AdamW.step,1,0,11108.254,torch.profiler native aggregate
small_b4_ctx1024_fp32_train_step,small,4,1024,train_step,fp32,torch.profiler,python profiling/benchmark.py --model-size small --batch-size 4 --context-length 1024 --mode train_step --warmup 5 --steps 1 --dtype fp32 --seed 42 --device cuda --profile torch --output results/profile/result.json,profiler_native,operator,torch.profiler.key_averages,autograd::engine::evaluate_function: DivBackward0,24,1631.259,10965.954,torch.profiler native aggregate
small_b4_ctx1024_fp32_train_step,small,4,1024,train_step,fp32,torch.profiler,python profiling/benchmark.py --model-size small --batch-size 4 --context-length 1024 --mode train_step --warmup 5 --steps 1 --dtype fp32 --seed 42 --device cuda --profile torch --output results/profile/result.json,profiler_native,operator,torch.profiler.key_averages,DivBackward0,24,996.368,10233.73,torch.profiler native aggregate
small_b4_ctx1024_fp32_train_step,small,4,1024,train_step,fp32,torch.profiler,python profiling/benchmark.py --model-size small --batch-size 4 --context-length 1024 --mode train_step --warmup 5 --steps 1 --dtype fp32 --seed 42 --device cuda --profile torch --output results/profile/result.json,profiler_native,operator,torch.profiler.key_averages,sm80_xmma_gemm_f32f32_f32f32_f32_nn_n_tilesize64x64x8_stage3_warpsize1x4x1_ffma_aligna4_alignc4_execute_kernel__5x_cublas,72,0,9589.627,torch.profiler native aggregate
small_b4_ctx1024_fp32_train_step,small,4,1024,train_step,fp32,torch.profiler,python profiling/benchmark.py --model-size small --batch-size 4 --context-length 1024 --mode train_step --warmup 5 --steps 1 --dtype fp32 --seed 42 --device cuda --profile torch --output results/profile/result.json,profiler_native,operator,torch.profiler.key_averages,"void at::native::elementwise_kernel<128, 2, at::native::gpu_kernel_impl_nocast<at::native::BinaryFunctor<float, float, float, at::native::binary_internal::DivFunctor<float> > >(at::TensorIteratorBase&, at::native::BinaryFunctor<float, float, float, at::native::binary_internal::DivFunctor<float> > const&)::{lambda(int)#1}>(int, at::native::gpu_kernel_impl_nocast<at::native::BinaryFunctor<float, float, float, at::native::binary_internal::DivFunctor<float> > >(at::TensorIteratorBase&, at::native::BinaryFunctor<float, float, float, at::native::binary_internal::DivFunctor<float> > const&)::{lambda(int)#1})",48,0,8378.616,torch.profiler native aggregate
small_b4_ctx1024_fp32_train_step,small,4,1024,train_step,fp32,torch.profiler,python profiling/benchmark.py --model-size small --batch-size 4 --context-length 1024 --mode train_step --warmup 5 --steps 1 --dtype fp32 --seed 42 --device cuda --profile torch --output results/profile/result.json,profiler_native,operator,torch.profiler.key_averages,aten::where,48,1800.332,7093.298,torch.profiler native aggregate
small_b4_ctx1024_fp32_train_step,small,4,1024,train_step,fp32,torch.profiler,python profiling/benchmark.py --model-size small --batch-size 4 --context-length 1024 --mode train_step --warmup 5 --steps 1 --dtype fp32 --seed 42 --device cuda --profile torch --output results/profile/result.json,profiler_native,operator,torch.profiler.key_averages,Optimizer.step#AdamW.step,1,61402.954,6836.618,torch.profiler native aggregate
small_b4_ctx1024_fp32_train_step,small,4,1024,train_step,fp32,torch.profiler,python profiling/benchmark.py --model-size small --batch-size 4 --context-length 1024 --mode train_step --warmup 5 --steps 1 --dtype fp32 --seed 42 --device cuda --profile torch --output results/profile/result.json,profiler_native,operator,torch.profiler.key_averages,"void at::native::vectorized_elementwise_kernel<4, at::native::BinaryFunctor<float, float, float, at::native::binary_internal::MulFunctor<float> >, std::array<char*, 3ul> >(int, at::native::BinaryFunctor<float, float, float, at::native::binary_internal::MulFunctor<float> >, std::array<char*, 3ul>)",196,0,6777.627,torch.profiler native aggregate
small_b4_ctx1024_fp32_train_step,small,4,1024,train_step,fp32,torch.profiler,python profiling/benchmark.py --model-size small --batch-size 4 --context-length 1024 --mode train_step --warmup 5 --steps 1 --dtype fp32 --seed 42 --device cuda --profile torch --output results/profile/result.json,profiler_native,operator,torch.profiler.key_averages,void cutlass::Kernel2<cutlass_80_simt_sgemm_128x256_8x4_nt_align1>(cutlass_80_simt_sgemm_128x256_8x4_nt_align1::Params),13,0,6201.936,torch.profiler native aggregate
small_b4_ctx1024_fp32_train_step,small,4,1024,train_step,fp32,torch.profiler,python profiling/benchmark.py --model-size small --batch-size 4 --context-length 1024 --mode train_step --warmup 5 --steps 1 --dtype fp32 --seed 42 --device cuda --profile torch --output results/profile/result.json,profiler_native,operator,torch.profiler.key_averages,"void at::native::vectorized_elementwise_kernel<4, at::native::CUDAFunctor_add<float>, std::array<char*, 3ul> >(int, at::native::CUDAFunctor_add<float>, std::array<char*, 3ul>)",673,0,5190.997,torch.profiler native aggregate
small_b4_ctx1024_fp32_train_step,small,4,1024,train_step,fp32,torch.profiler,python profiling/benchmark.py --model-size small --batch-size 4 --context-length 1024 --mode train_step --warmup 5 --steps 1 --dtype fp32 --seed 42 --device cuda --profile torch --output results/profile/result.json,profiler_native,operator,torch.profiler.key_averages,void cutlass::Kernel2<cutlass_80_simt_sgemm_256x128_8x4_nn_align1>(cutlass_80_simt_sgemm_256x128_8x4_nn_align1::Params),12,0,4899.823,torch.profiler native aggregate
small_b4_ctx1024_fp32_train_step,small,4,1024,train_step,fp32,torch.profiler,python profiling/benchmark.py --model-size small --batch-size 4 --context-length 1024 --mode train_step --warmup 5 --steps 1 --dtype fp32 --seed 42 --device cuda --profile torch --output results/profile/result.json,profiler_native,operator,torch.profiler.key_averages,aten::add_,145,1289.916,4747.827,torch.profiler native aggregate
small_b4_ctx1024_fp32_train_step,small,4,1024,train_step,fp32,torch.profiler,python profiling/benchmark.py --model-size small --batch-size 4 --context-length 1024 --mode train_step --warmup 5 --steps 1 --dtype fp32 --seed 42 --device cuda --profile torch --output results/profile/result.json,profiler_native,operator,torch.profiler.key_averages,autograd::engine::evaluate_function: MulBackward0,170,6225.011,4532.68,torch.profiler native aggregate
small_b4_ctx1024_fp32_train_step,small,4,1024,train_step,fp32,torch.profiler,python profiling/benchmark.py --model-size small --batch-size 4 --context-length 1024 --mode train_step --warmup 5 --steps 1 --dtype fp32 --seed 42 --device cuda --profile torch --output results/profile/result.json,profiler_native,operator,torch.profiler.key_averages,sm80_xmma_gemm_f32f32_f32f32_f32_nt_n_tilesize64x64x8_stage3_warpsize1x4x1_ffma_aligna4_alignc4_execute_kernel__5x_cublas,24,0,3876.681,torch.profiler native aggregate
small_b4_ctx1024_fp32_train_step,small,4,1024,train_step,fp32,torch.profiler,python profiling/benchmark.py --model-size small --batch-size 4 --context-length 1024 --mode train_step --warmup 5 --steps 1 --dtype fp32 --seed 42 --device cuda --profile torch --output results/profile/result.json,profiler_native,operator,torch.profiler.key_averages,"void at::native::elementwise_kernel<128, 2, at::native::gpu_kernel_impl_nocast<at::native::CUDAFunctor_add<float> >(at::TensorIteratorBase&, at::native::CUDAFunctor_add<float> const&)::{lambda(int)#1}>(int, at::native::gpu_kernel_impl_nocast<at::native::CUDAFunctor_add<float> >(at::TensorIteratorBase&, at::native::CUDAFunctor_add<float> const&)::{lambda(int)#1})",24,0,3673.645,torch.profiler native aggregate
small_b4_ctx1024_fp32_train_step,small,4,1024,train_step,fp32,torch.profiler,python profiling/benchmark.py --model-size small --batch-size 4 --context-length 1024 --mode train_step --warmup 5 --steps 1 --dtype fp32 --seed 42 --device cuda --profile torch --output results/profile/result.json,profiler_native,operator,torch.profiler.key_averages,MulBackward0,170,3244.857,3578.793,torch.profiler native aggregate
small_b4_ctx1024_fp32_train_step,small,4,1024,train_step,fp32,torch.profiler,python profiling/benchmark.py --model-size small --batch-size 4 --context-length 1024 --mode train_step --warmup 5 --steps 1 --dtype fp32 --seed 42 --device cuda --profile torch --output results/profile/result.json,profiler_native,operator,torch.profiler.key_averages,"void at::native::elementwise_kernel<128, 2, at::native::gpu_kernel_impl_nocast<at::native::(anonymous namespace)::where_kernel_impl(at::TensorIterator&)::{lambda()#1}::operator()() const::{lambda()#11}::operator()() const::{lambda(bool, float, float)#1}>(at::TensorIteratorBase&, at::native::(anonymous namespace)::where_kernel_impl(at::TensorIterator&)::{lambda()#1}::operator()() const::{lambda()#11}::operator()() const::{lambda(bool, float, float)#1} const&)::{lambda(int)#1}>(int, at::native::gpu_kernel_impl_nocast<at::native::(anonymous namespace)::where_kernel_impl(at::TensorIterator&)::{lambda()#1}::operator()() const::{lambda()#11}::operator()() const::{lambda(bool, float, float)#1}>(at::TensorIteratorBase&, at::native::(anonymous namespace)::where_kernel_impl(at::TensorIterator&)::{lambda()#1}::operator()() const::{lambda()#11}::operator()() const::{lambda(bool, float, float)#1} const&)::{lambda(int)#1})",24,0,3529.928,torch.profiler native aggregate
small_b4_ctx1024_fp32_train_step,small,4,1024,train_step,fp32,torch.profiler,python profiling/benchmark.py --model-size small --batch-size 4 --context-length 1024 --mode train_step --warmup 5 --steps 1 --dtype fp32 --seed 42 --device cuda --profile torch --output results/profile/result.json,profiler_native,operator,torch.profiler.key_averages,aten::sum,86,1814.518,2750.431,torch.profiler native aggregate
small_b4_ctx1024_fp32_train_step,small,4,1024,train_step,fp32,torch.profiler,python profiling/benchmark.py --model-size small --batch-size 4 --context-length 1024 --mode train_step --warmup 5 --steps 1 --dtype fp32 --seed 42 --device cuda --profile torch --output results/profile/result.json,profiler_native,operator,torch.profiler.key_averages,"void at::native::vectorized_elementwise_kernel<4, at::native::AUnaryFunctor<float, float, float, at::native::binary_internal::MulFunctor<float> >, std::array<char*, 2ul> >(int, at::native::AUnaryFunctor<float, float, float, at::native::binary_internal::MulFunctor<float> >, std::array<char*, 2ul>)",716,0,2586.612,torch.profiler native aggregate
small_b4_ctx1024_fp32_train_step,small,4,1024,train_step,fp32,torch.profiler,python profiling/benchmark.py --model-size small --batch-size 4 --context-length 1024 --mode train_step --warmup 5 --steps 1 --dtype fp32 --seed 42 --device cuda --profile torch --output results/profile/result.json,profiler_native,operator,torch.profiler.key_averages,"void at::native::elementwise_kernel<128, 2, at::native::gpu_kernel_impl_nocast<at::native::BinaryFunctor<float, float, float, at::native::binary_internal::MulFunctor<float> > >(at::TensorIteratorBase&, at::native::BinaryFunctor<float, float, float, at::native::binary_internal::MulFunctor<float> > const&)::{lambda(int)#1}>(int, at::native::gpu_kernel_impl_nocast<at::native::BinaryFunctor<float, float, float, at::native::binary_internal::MulFunctor<float> > >(at::TensorIteratorBase&, at::native::BinaryFunctor<float, float, float, at::native::binary_internal::MulFunctor<float> > const&)::{lambda(int)#1})",292,0,2552.93,torch.profiler native aggregate
small_b4_ctx1024_fp32_train_step,small,4,1024,train_step,fp32,torch.profiler,python profiling/benchmark.py --model-size small --batch-size 4 --context-length 1024 --mode train_step --warmup 5 --steps 1 --dtype fp32 --seed 42 --device cuda --profile torch --output results/profile/result.json,profiler_native,operator,torch.profiler.key_averages,aten::neg,48,563.452,2450.824,torch.profiler native aggregate
small_b4_ctx1024_fp32_train_step,small,4,1024,train_step,fp32,torch.profiler,python profiling/benchmark.py --model-size small --batch-size 4 --context-length 1024 --mode train_step --warmup 5 --steps 1 --dtype fp32 --seed 42 --device cuda --profile torch --output results/profile/result.json,profiler_native,operator,torch.profiler.key_averages,aten::copy_,207,2384.801,2392.774,torch.profiler native aggregate
small_b4_ctx1024_fp32_train_step,small,4,1024,train_step,fp32,torch.profiler,python profiling/benchmark.py --model-size small --batch-size 4 --context-length 1024 --mode train_step --warmup 5 --steps 1 --dtype fp32 --seed 42 --device cuda --profile torch --output results/profile/result.json,profiler_native,operator,torch.profiler.key_averages,"void at::native::reduce_kernel<512, 1, at::native::ReduceOp<float, at::native::func_wrapper_t<float, at::native::sum_functor<float, float, float>::operator()(at::TensorIterator&)::{lambda(float, float)#1}>, unsigned int, float, 4, 4> >(at::native::ReduceOp<float, at::native::func_wrapper_t<float, at::native::sum_functor<float, float, float>::operator()(at::TensorIterator&)::{lambda(float, float)#1}>, unsigned int, float, 4, 4>)",61,0,2390.784,torch.profiler native aggregate
small_b4_ctx1024_fp32_train_step,small,4,1024,train_step,fp32,torch.profiler,python profiling/benchmark.py --model-size small --batch-size 4 --context-length 1024 --mode train_step --warmup 5 --steps 1 --dtype fp32 --seed 42 --device cuda --profile torch --output results/profile/result.json,profiler_native,operator,torch.profiler.key_averages,autograd::engine::evaluate_function: MaxBackward0,12,804.491,2375.884,torch.profiler native aggregate
small_b4_ctx1024_fp32_train_step,small,4,1024,train_step,fp32,torch.profiler,python profiling/benchmark.py --model-size small --batch-size 4 --context-length 1024 --mode train_step --warmup 5 --steps 1 --dtype fp32 --seed 42 --device cuda --profile torch --output results/profile/result.json,profiler_native,operator,torch.profiler.key_averages,"void at::native::vectorized_elementwise_kernel<4, at::native::BUnaryFunctor<float, float, float, at::native::binary_internal::MulFunctor<float> >, std::array<char*, 2ul> >(int, at::native::BUnaryFunctor<float, float, float, at::native::binary_internal::MulFunctor<float> >, std::array<char*, 2ul>)",24,0,2309.768,torch.profiler native aggregate
small_b4_ctx1024_fp32_train_step,small,4,1024,train_step,fp32,torch.profiler,python profiling/benchmark.py --model-size small --batch-size 4 --context-length 1024 --mode train_step --warmup 5 --steps 1 --dtype fp32 --seed 42 --device cuda --profile torch --output results/profile/result.json,profiler_native,operator,torch.profiler.key_averages,"void at::native::vectorized_elementwise_kernel<4, at::native::neg_kernel_cuda(at::TensorIteratorBase&)::{lambda()#2}::operator()() const::{lambda()#7}::operator()() const::{lambda(float)#1}, std::array<char*, 2ul> >(int, at::native::neg_kernel_cuda(at::TensorIteratorBase&)::{lambda()#2}::operator()() const::{lambda()#7}::operator()() const::{lambda(float)#1}, std::array<char*, 2ul>)",24,0,2278.276,torch.profiler native aggregate
small_b4_ctx1024_fp32_train_step,small,4,1024,train_step,fp32,torch.profiler,python profiling/benchmark.py --model-size small --batch-size 4 --context-length 1024 --mode train_step --warmup 5 --steps 1 --dtype fp32 --seed 42 --device cuda --profile torch --output results/profile/result.json,profiler_native,operator,torch.profiler.key_averages,"void at::native::elementwise_kernel<128, 2, at::native::gpu_kernel_impl_nocast<at::native::direct_copy_kernel_cuda(at::TensorIteratorBase&)::{lambda()#3}::operator()() const::{lambda()#7}::operator()() const::{lambda(float)#1}>(at::TensorIteratorBase&, at::native::direct_copy_kernel_cuda(at::TensorIteratorBase&)::{lambda()#3}::operator()() const::{lambda()#7}::operator()() const::{lambda(float)#1} const&)::{lambda(int)#1}>(int, at::native::gpu_kernel_impl_nocast<at::native::direct_copy_kernel_cuda(at::TensorIteratorBase&)::{lambda()#3}::operator()() const::{lambda()#7}::operator()() const::{lambda(float)#1}>(at::TensorIteratorBase&, at::native::direct_copy_kernel_cuda(at::TensorIteratorBase&)::{lambda()#3}::operator()() const::{lambda()#7}::operator()() const::{lambda(float)#1} const&)::{lambda(int)#1})",181,0,2184.035,torch.profiler native aggregate
small_b4_ctx1024_fp32_train_step,small,4,1024,train_step,fp32,torch.profiler,python profiling/benchmark.py --model-size small --batch-size 4 --context-length 1024 --mode train_step --warmup 5 --steps 1 --dtype fp32 --seed 42 --device cuda --profile torch --output results/profile/result.json,profiler_native,operator,torch.profiler.key_averages,autograd::engine::evaluate_function: SubBackward0,36,826.834,2064.423,torch.profiler native aggregate
small_b4_ctx1024_fp32_train_step,small,4,1024,train_step,fp32,torch.profiler,python profiling/benchmark.py --model-size small --batch-size 4 --context-length 1024 --mode train_step --warmup 5 --steps 1 --dtype fp32 --seed 42 --device cuda --profile torch --output results/profile/result.json,profiler_native,operator,torch.profiler.key_averages,aten::sub,36,497.189,1950.885,torch.profiler native aggregate
small_b4_ctx1024_fp32_train_step,small,4,1024,train_step,fp32,torch.profiler,python profiling/benchmark.py --model-size small --batch-size 4 --context-length 1024 --mode train_step --warmup 5 --steps 1 --dtype fp32 --seed 42 --device cuda --profile torch --output results/profile/result.json,profiler_native,operator,torch.profiler.key_averages,aten::add,430,11184.207,1855.904,torch.profiler native aggregate
small_b4_ctx1024_fp32_train_step,small,4,1024,train_step,fp32,torch.profiler,python profiling/benchmark.py --model-size small --batch-size 4 --context-length 1024 --mode train_step --warmup 5 --steps 1 --dtype fp32 --seed 42 --device cuda --profile torch --output results/profile/result.json,profiler_native,operator,torch.profiler.key_averages,autograd::engine::evaluate_function: SumBackward1,12,281.033,1823.912,torch.profiler native aggregate
small_b4_ctx1024_fp32_train_step,small,4,1024,train_step,fp32,torch.profiler,python profiling/benchmark.py --model-size small --batch-size 4 --context-length 1024 --mode train_step --warmup 5 --steps 1 --dtype fp32 --seed 42 --device cuda --profile torch --output results/profile/result.json,profiler_trace_kernel,cuda_kernel,torch.profiler.chrome_trace_kernel,sm80_xmma_gemm_f32f32_f32f32_f32_tn_n_tilesize128x128x8_stage3_warpsize2x2x1_ffma_aligna4_alignc4_execute_kernel__5x_cublas,109,,26999.943,local Chrome trace cat=kernel aggregate inside profile/measure
small_b4_ctx1024_fp32_train_step,small,4,1024,train_step,fp32,torch.profiler,python profiling/benchmark.py --model-size small --batch-size 4 --context-length 1024 --mode train_step --warmup 5 --steps 1 --dtype fp32 --seed 42 --device cuda --profile torch --output results/profile/result.json,profiler_trace_kernel,cuda_kernel,torch.profiler.chrome_trace_kernel,void cutlass::Kernel2<cutlass_80_simt_sgemm_256x128_8x4_nt_align1>(cutlass_80_simt_sgemm_256x128_8x4_nt_align1::Params),72,,14544.175,local Chrome trace cat=kernel aggregate inside profile/measure
small_b4_ctx1024_fp32_train_step,small,4,1024,train_step,fp32,torch.profiler,python profiling/benchmark.py --model-size small --batch-size 4 --context-length 1024 --mode train_step --warmup 5 --steps 1 --dtype fp32 --seed 42 --device cuda --profile torch --output results/profile/result.json,profiler_trace_kernel,cuda_kernel,torch.profiler.chrome_trace_kernel,sm80_xmma_gemm_f32f32_f32f32_f32_nn_n_tilesize128x128x8_stage3_warpsize2x2x1_ffma_aligna4_alignc4_execute_kernel__5x_cublas,25,,11147.708,local Chrome trace cat=kernel aggregate inside profile/measure
small_b4_ctx1024_fp32_train_step,small,4,1024,train_step,fp32,torch.profiler,python profiling/benchmark.py --model-size small --batch-size 4 --context-length 1024 --mode train_step --warmup 5 --steps 1 --dtype fp32 --seed 42 --device cuda --profile torch --output results/profile/result.json,profiler_trace_kernel,cuda_kernel,torch.profiler.chrome_trace_kernel,sm80_xmma_gemm_f32f32_f32f32_f32_nn_n_tilesize64x64x8_stage3_warpsize1x4x1_ffma_aligna4_alignc4_execute_kernel__5x_cublas,72,,9589.627,local Chrome trace cat=kernel aggregate inside profile/measure
small_b4_ctx1024_fp32_train_step,small,4,1024,train_step,fp32,torch.profiler,python profiling/benchmark.py --model-size small --batch-size 4 --context-length 1024 --mode train_step --warmup 5 --steps 1 --dtype fp32 --seed 42 --device cuda --profile torch --output results/profile/result.json,profiler_trace_kernel,cuda_kernel,torch.profiler.chrome_trace_kernel,"void at::native::elementwise_kernel<128, 2, at::native::gpu_kernel_impl_nocast<at::native::BinaryFunctor<float, float, float, at::native::binary_internal::DivFunctor<float> > >(at::TensorIteratorBase&, at::native::BinaryFunctor<float, float, float, at::native::binary_internal::DivFunctor<float> > const&)::{lambda(int)#1}>(int, at::native::gpu_kernel_impl_nocast<at::native::BinaryFunctor<float, float, float, at::native::binary_internal::DivFunctor<float> > >(at::TensorIteratorBase&, at::native::BinaryFunctor<float, float, float, at::native::binary_internal::DivFunctor<float> > const&)::{lambda(int)#1})",48,,8378.616,local Chrome trace cat=kernel aggregate inside profile/measure
small_b4_ctx1024_fp32_train_step,small,4,1024,train_step,fp32,torch.profiler,python profiling/benchmark.py --model-size small --batch-size 4 --context-length 1024 --mode train_step --warmup 5 --steps 1 --dtype fp32 --seed 42 --device cuda --profile torch --output results/profile/result.json,profiler_trace_kernel,cuda_kernel,torch.profiler.chrome_trace_kernel,"void at::native::vectorized_elementwise_kernel<4, at::native::BinaryFunctor<float, float, float, at::native::binary_internal::MulFunctor<float> >, std::array<char*, 3ul> >(int, at::native::BinaryFunctor<float, float, float, at::native::binary_internal::MulFunctor<float> >, std::array<char*, 3ul>)",196,,6777.627,local Chrome trace cat=kernel aggregate inside profile/measure
small_b4_ctx1024_fp32_train_step,small,4,1024,train_step,fp32,torch.profiler,python profiling/benchmark.py --model-size small --batch-size 4 --context-length 1024 --mode train_step --warmup 5 --steps 1 --dtype fp32 --seed 42 --device cuda --profile torch --output results/profile/result.json,profiler_trace_kernel,cuda_kernel,torch.profiler.chrome_trace_kernel,void cutlass::Kernel2<cutlass_80_simt_sgemm_128x256_8x4_nt_align1>(cutlass_80_simt_sgemm_128x256_8x4_nt_align1::Params),13,,6201.936,local Chrome trace cat=kernel aggregate inside profile/measure
small_b4_ctx1024_fp32_train_step,small,4,1024,train_step,fp32,torch.profiler,python profiling/benchmark.py --model-size small --batch-size 4 --context-length 1024 --mode train_step --warmup 5 --steps 1 --dtype fp32 --seed 42 --device cuda --profile torch --output results/profile/result.json,profiler_trace_kernel,cuda_kernel,torch.profiler.chrome_trace_kernel,"void at::native::vectorized_elementwise_kernel<4, at::native::CUDAFunctor_add<float>, std::array<char*, 3ul> >(int, at::native::CUDAFunctor_add<float>, std::array<char*, 3ul>)",673,,5190.997,local Chrome trace cat=kernel aggregate inside profile/measure
small_b4_ctx1024_fp32_train_step,small,4,1024,train_step,fp32,torch.profiler,python profiling/benchmark.py --model-size small --batch-size 4 --context-length 1024 --mode train_step --warmup 5 --steps 1 --dtype fp32 --seed 42 --device cuda --profile torch --output results/profile/result.json,profiler_trace_kernel,cuda_kernel,torch.profiler.chrome_trace_kernel,void cutlass::Kernel2<cutlass_80_simt_sgemm_256x128_8x4_nn_align1>(cutlass_80_simt_sgemm_256x128_8x4_nn_align1::Params),12,,4899.823,local Chrome trace cat=kernel aggregate inside profile/measure
small_b4_ctx1024_fp32_train_step,small,4,1024,train_step,fp32,torch.profiler,python profiling/benchmark.py --model-size small --batch-size 4 --context-length 1024 --mode train_step --warmup 5 --steps 1 --dtype fp32 --seed 42 --device cuda --profile torch --output results/profile/result.json,profiler_trace_kernel,cuda_kernel,torch.profiler.chrome_trace_kernel,sm80_xmma_gemm_f32f32_f32f32_f32_nt_n_tilesize64x64x8_stage3_warpsize1x4x1_ffma_aligna4_alignc4_execute_kernel__5x_cublas,24,,3876.681,local Chrome trace cat=kernel aggregate inside profile/measure
small_b4_ctx1024_fp32_train_step,small,4,1024,train_step,fp32,torch.profiler,python profiling/benchmark.py --model-size small --batch-size 4 --context-length 1024 --mode train_step --warmup 5 --steps 1 --dtype fp32 --seed 42 --device cuda --profile torch --output results/profile/result.json,profiler_trace_kernel,cuda_kernel,torch.profiler.chrome_trace_kernel,"void at::native::elementwise_kernel<128, 2, at::native::gpu_kernel_impl_nocast<at::native::CUDAFunctor_add<float> >(at::TensorIteratorBase&, at::native::CUDAFunctor_add<float> const&)::{lambda(int)#1}>(int, at::native::gpu_kernel_impl_nocast<at::native::CUDAFunctor_add<float> >(at::TensorIteratorBase&, at::native::CUDAFunctor_add<float> const&)::{lambda(int)#1})",24,,3673.645,local Chrome trace cat=kernel aggregate inside profile/measure
small_b4_ctx1024_fp32_train_step,small,4,1024,train_step,fp32,torch.profiler,python profiling/benchmark.py --model-size small --batch-size 4 --context-length 1024 --mode train_step --warmup 5 --steps 1 --dtype fp32 --seed 42 --device cuda --profile torch --output results/profile/result.json,profiler_trace_kernel,cuda_kernel,torch.profiler.chrome_trace_kernel,"void at::native::elementwise_kernel<128, 2, at::native::gpu_kernel_impl_nocast<at::native::(anonymous namespace)::where_kernel_impl(at::TensorIterator&)::{lambda()#1}::operator()() const::{lambda()#11}::operator()() const::{lambda(bool, float, float)#1}>(at::TensorIteratorBase&, at::native::(anonymous namespace)::where_kernel_impl(at::TensorIterator&)::{lambda()#1}::operator()() const::{lambda()#11}::operator()() const::{lambda(bool, float, float)#1} const&)::{lambda(int)#1}>(int, at::native::gpu_kernel_impl_nocast<at::native::(anonymous namespace)::where_kernel_impl(at::TensorIterator&)::{lambda()#1}::operator()() const::{lambda()#11}::operator()() const::{lambda(bool, float, float)#1}>(at::TensorIteratorBase&, at::native::(anonymous namespace)::where_kernel_impl(at::TensorIterator&)::{lambda()#1}::operator()() const::{lambda()#11}::operator()() const::{lambda(bool, float, float)#1} const&)::{lambda(int)#1})",24,,3529.928,local Chrome trace cat=kernel aggregate inside profile/measure
small_b4_ctx1024_fp32_train_step,small,4,1024,train_step,fp32,torch.profiler,python profiling/benchmark.py --model-size small --batch-size 4 --context-length 1024 --mode train_step --warmup 5 --steps 1 --dtype fp32 --seed 42 --device cuda --profile torch --output results/profile/result.json,profiler_trace_kernel,cuda_kernel,torch.profiler.chrome_trace_kernel,"void at::native::vectorized_elementwise_kernel<4, at::native::AUnaryFunctor<float, float, float, at::native::binary_internal::MulFunctor<float> >, std::array<char*, 2ul> >(int, at::native::AUnaryFunctor<float, float, float, at::native::binary_internal::MulFunctor<float> >, std::array<char*, 2ul>)",716,,2586.612,local Chrome trace cat=kernel aggregate inside profile/measure
small_b4_ctx1024_fp32_train_step,small,4,1024,train_step,fp32,torch.profiler,python profiling/benchmark.py --model-size small --batch-size 4 --context-length 1024 --mode train_step --warmup 5 --steps 1 --dtype fp32 --seed 42 --device cuda --profile torch --output results/profile/result.json,profiler_trace_kernel,cuda_kernel,torch.profiler.chrome_trace_kernel,"void at::native::elementwise_kernel<128, 2, at::native::gpu_kernel_impl_nocast<at::native::BinaryFunctor<float, float, float, at::native::binary_internal::MulFunctor<float> > >(at::TensorIteratorBase&, at::native::BinaryFunctor<float, float, float, at::native::binary_internal::MulFunctor<float> > const&)::{lambda(int)#1}>(int, at::native::gpu_kernel_impl_nocast<at::native::BinaryFunctor<float, float, float, at::native::binary_internal::MulFunctor<float> > >(at::TensorIteratorBase&, at::native::BinaryFunctor<float, float, float, at::native::binary_internal::MulFunctor<float> > const&)::{lambda(int)#1})",292,,2552.93,local Chrome trace cat=kernel aggregate inside profile/measure
small_b4_ctx1024_fp32_train_step,small,4,1024,train_step,fp32,torch.profiler,python profiling/benchmark.py --model-size small --batch-size 4 --context-length 1024 --mode train_step --warmup 5 --steps 1 --dtype fp32 --seed 42 --device cuda --profile torch --output results/profile/result.json,profiler_trace_kernel,cuda_kernel,torch.profiler.chrome_trace_kernel,"void at::native::reduce_kernel<512, 1, at::native::ReduceOp<float, at::native::func_wrapper_t<float, at::native::sum_functor<float, float, float>::operator()(at::TensorIterator&)::{lambda(float, float)#1}>, unsigned int, float, 4, 4> >(at::native::ReduceOp<float, at::native::func_wrapper_t<float, at::native::sum_functor<float, float, float>::operator()(at::TensorIterator&)::{lambda(float, float)#1}>, unsigned int, float, 4, 4>)",61,,2390.784,local Chrome trace cat=kernel aggregate inside profile/measure
small_b4_ctx1024_fp32_train_step,small,4,1024,train_step,fp32,torch.profiler,python profiling/benchmark.py --model-size small --batch-size 4 --context-length 1024 --mode train_step --warmup 5 --steps 1 --dtype fp32 --seed 42 --device cuda --profile torch --output results/profile/result.json,profiler_trace_kernel,cuda_kernel,torch.profiler.chrome_trace_kernel,"void at::native::vectorized_elementwise_kernel<4, at::native::BUnaryFunctor<float, float, float, at::native::binary_internal::MulFunctor<float> >, std::array<char*, 2ul> >(int, at::native::BUnaryFunctor<float, float, float, at::native::binary_internal::MulFunctor<float> >, std::array<char*, 2ul>)",24,,2309.768,local Chrome trace cat=kernel aggregate inside profile/measure
small_b4_ctx1024_fp32_train_step,small,4,1024,train_step,fp32,torch.profiler,python profiling/benchmark.py --model-size small --batch-size 4 --context-length 1024 --mode train_step --warmup 5 --steps 1 --dtype fp32 --seed 42 --device cuda --profile torch --output results/profile/result.json,profiler_trace_kernel,cuda_kernel,torch.profiler.chrome_trace_kernel,"void at::native::vectorized_elementwise_kernel<4, at::native::neg_kernel_cuda(at::TensorIteratorBase&)::{lambda()#2}::operator()() const::{lambda()#7}::operator()() const::{lambda(float)#1}, std::array<char*, 2ul> >(int, at::native::neg_kernel_cuda(at::TensorIteratorBase&)::{lambda()#2}::operator()() const::{lambda()#7}::operator()() const::{lambda(float)#1}, std::array<char*, 2ul>)",24,,2278.276,local Chrome trace cat=kernel aggregate inside profile/measure
small_b4_ctx1024_fp32_train_step,small,4,1024,train_step,fp32,torch.profiler,python profiling/benchmark.py --model-size small --batch-size 4 --context-length 1024 --mode train_step --warmup 5 --steps 1 --dtype fp32 --seed 42 --device cuda --profile torch --output results/profile/result.json,profiler_trace_kernel,cuda_kernel,torch.profiler.chrome_trace_kernel,"void at::native::elementwise_kernel<128, 2, at::native::gpu_kernel_impl_nocast<at::native::direct_copy_kernel_cuda(at::TensorIteratorBase&)::{lambda()#3}::operator()() const::{lambda()#7}::operator()() const::{lambda(float)#1}>(at::TensorIteratorBase&, at::native::direct_copy_kernel_cuda(at::TensorIteratorBase&)::{lambda()#3}::operator()() const::{lambda()#7}::operator()() const::{lambda(float)#1} const&)::{lambda(int)#1}>(int, at::native::gpu_kernel_impl_nocast<at::native::direct_copy_kernel_cuda(at::TensorIteratorBase&)::{lambda()#3}::operator()() const::{lambda()#7}::operator()() const::{lambda(float)#1}>(at::TensorIteratorBase&, at::native::direct_copy_kernel_cuda(at::TensorIteratorBase&)::{lambda()#3}::operator()() const::{lambda()#7}::operator()() const::{lambda(float)#1} const&)::{lambda(int)#1})",181,,2184.035,local Chrome trace cat=kernel aggregate inside profile/measure
small_b4_ctx1024_fp32_train_step,small,4,1024,train_step,fp32,torch.profiler,python profiling/benchmark.py --model-size small --batch-size 4 --context-length 1024 --mode train_step --warmup 5 --steps 1 --dtype fp32 --seed 42 --device cuda --profile torch --output results/profile/result.json,profiler_trace_kernel,cuda_kernel,torch.profiler.chrome_trace_kernel,"void at::native::vectorized_elementwise_kernel<4, at::native::exp_kernel_cuda(at::TensorIteratorBase&)::{lambda()#2}::operator()() const::{lambda()#2}::operator()() const::{lambda(float)#1}, std::array<char*, 2ul> >(int, at::native::exp_kernel_cuda(at::TensorIteratorBase&)::{lambda()#2}::operator()() const::{lambda()#2}::operator()() const::{lambda(float)#1}, std::array<char*, 2ul>)",12,,1136.131,local Chrome trace cat=kernel aggregate inside profile/measure
small_b4_ctx1024_fp32_train_step,small,4,1024,train_step,fp32,torch.profiler,python profiling/benchmark.py --model-size small --batch-size 4 --context-length 1024 --mode train_step --warmup 5 --steps 1 --dtype fp32 --seed 42 --device cuda --profile torch --output results/profile/result.json,profiler_trace_kernel,cuda_kernel,torch.profiler.chrome_trace_kernel,"void at::native::vectorized_elementwise_kernel<4, at::native::FillFunctor<float>, std::array<char*, 1ul> >(int, at::native::FillFunctor<float>, std::array<char*, 1ul>)",261,,1101.421,local Chrome trace cat=kernel aggregate inside profile/measure
small_b4_ctx1024_fp32_train_step,small,4,1024,train_step,fp32,torch.profiler,python profiling/benchmark.py --model-size small --batch-size 4 --context-length 1024 --mode train_step --warmup 5 --steps 1 --dtype fp32 --seed 42 --device cuda --profile torch --output results/profile/result.json,profiler_trace_kernel,cuda_kernel,torch.profiler.chrome_trace_kernel,"void at::native::reduce_kernel<512, 1, at::native::ReduceOp<float, at::native::MaxOps<float>, unsigned int, float, 4, 4> >(at::native::ReduceOp<float, at::native::MaxOps<float>, unsigned int, float, 4, 4>)",12,,911.748,local Chrome trace cat=kernel aggregate inside profile/measure
small_b4_ctx1024_fp32_train_step,small,4,1024,train_step,fp32,torch.profiler,python profiling/benchmark.py --model-size small --batch-size 4 --context-length 1024 --mode train_step --warmup 5 --steps 1 --dtype fp32 --seed 42 --device cuda --profile torch --output results/profile/result.json,profiler_trace_kernel,cuda_kernel,torch.profiler.chrome_trace_kernel,"void at::native::(anonymous namespace)::CatArrayBatchedCopy<at::native::(anonymous namespace)::OpaqueType<4u>, unsigned int, 4, 64, 64>(at::native::(anonymous namespace)::OpaqueType<4u>*, at::native::(anonymous namespace)::CatArrInputTensorMetadata<at::native::(anonymous namespace)::OpaqueType<4u>, unsigned int, 64, 64>, at::native::(anonymous namespace)::TensorSizeStride<unsigned int, 4u>, int, unsigned int)",36,,597.153,local Chrome trace cat=kernel aggregate inside profile/measure
small_b4_ctx1024_fp32_train_step,small,4,1024,train_step,fp32,torch.profiler,python profiling/benchmark.py --model-size small --batch-size 4 --context-length 1024 --mode train_step --warmup 5 --steps 1 --dtype fp32 --seed 42 --device cuda --profile torch --output results/profile/result.json,profiler_trace_kernel,cuda_kernel,torch.profiler.chrome_trace_kernel,"void at::native::vectorized_elementwise_kernel<4, at::native::(anonymous namespace)::pow_tensor_scalar_kernel_impl<float, float>(at::TensorIteratorBase&, float)::{lambda(float)#1}, std::array<char*, 2ul> >(int, at::native::(anonymous namespace)::pow_tensor_scalar_kernel_impl<float, float>(at::TensorIteratorBase&, float)::{lambda(float)#1}, std::array<char*, 2ul>)",136,,518.333,local Chrome trace cat=kernel aggregate inside profile/measure
small_b4_ctx1024_fp32_train_step,small,4,1024,train_step,fp32,torch.profiler,python profiling/benchmark.py --model-size small --batch-size 4 --context-length 1024 --mode train_step --warmup 5 --steps 1 --dtype fp32 --seed 42 --device cuda --profile torch --output results/profile/result.json,profiler_trace_kernel,cuda_kernel,torch.profiler.chrome_trace_kernel,"void at::native::vectorized_elementwise_kernel<4, at::native::sigmoid_backward_kernel_cuda(at::TensorIteratorBase&)::{lambda()#2}::operator()() const::{lambda()#2}::operator()() const::{lambda(float, float)#1}, std::array<char*, 3ul> >(int, at::native::sigmoid_backward_kernel_cuda(at::TensorIteratorBase&)::{lambda()#2}::operator()() const::{lambda()#2}::operator()() const::{lambda(float, float)#1}, std::array<char*, 3ul>)",12,,444.131,local Chrome trace cat=kernel aggregate inside profile/measure
small_b4_ctx1024_fp32_train_step,small,4,1024,train_step,fp32,torch.profiler,python profiling/benchmark.py --model-size small --batch-size 4 --context-length 1024 --mode train_step --warmup 5 --steps 1 --dtype fp32 --seed 42 --device cuda --profile torch --output results/profile/result.json,profiler_trace_kernel,cuda_kernel,torch.profiler.chrome_trace_kernel,"void at::native::vectorized_elementwise_kernel<4, at::native::BinaryFunctor<float, float, float, at::native::binary_internal::DivFunctor<float> >, std::array<char*, 3ul> >(int, at::native::BinaryFunctor<float, float, float, at::native::binary_internal::DivFunctor<float> >, std::array<char*, 3ul>)",111,,426.435,local Chrome trace cat=kernel aggregate inside profile/measure
small_b4_ctx1024_fp32_train_step,small,4,1024,train_step,fp32,torch.profiler,python profiling/benchmark.py --model-size small --batch-size 4 --context-length 1024 --mode train_step --warmup 5 --steps 1 --dtype fp32 --seed 42 --device cuda --profile torch --output results/profile/result.json,profiler_trace_kernel,cuda_kernel,torch.profiler.chrome_trace_kernel,"void at::native::vectorized_elementwise_kernel<4, at::native::CUDAFunctorOnSelf_add<float>, std::array<char*, 2ul> >(int, at::native::CUDAFunctorOnSelf_add<float>, std::array<char*, 2ul>)",136,,359.647,local Chrome trace cat=kernel aggregate inside profile/measure
small_b4_ctx1024_fp32_train_step,small,4,1024,train_step,fp32,torch.profiler,python profiling/benchmark.py --model-size small --batch-size 4 --context-length 1024 --mode train_step --warmup 5 --steps 1 --dtype fp32 --seed 42 --device cuda --profile torch --output results/profile/result.json,profiler_trace_kernel,cuda_kernel,torch.profiler.chrome_trace_kernel,"void at::native::vectorized_elementwise_kernel<4, at::native::sqrt_kernel_cuda(at::TensorIteratorBase&)::{lambda()#2}::operator()() const::{lambda()#2}::operator()() const::{lambda(float)#1}, std::array<char*, 2ul> >(int, at::native::sqrt_kernel_cuda(at::TensorIteratorBase&)::{lambda()#2}::operator()() const::{lambda()#2}::operator()() const::{lambda(float)#1}, std::array<char*, 2ul>)",111,,352.83,local Chrome trace cat=kernel aggregate inside profile/measure
small_b4_ctx1024_fp32_train_step,small,4,1024,train_step,fp32,torch.profiler,python profiling/benchmark.py --model-size small --batch-size 4 --context-length 1024 --mode train_step --warmup 5 --steps 1 --dtype fp32 --seed 42 --device cuda --profile torch --output results/profile/result.json,profiler_trace_kernel,cuda_kernel,torch.profiler.chrome_trace_kernel,"void at::native::reduce_kernel<128, 4, at::native::ReduceOp<float, at::native::func_wrapper_t<float, at::native::sum_functor<float, float, float>::operator()(at::TensorIterator&)::{lambda(float, float)#1}>, unsigned int, float, 4, 4> >(at::native::ReduceOp<float, at::native::func_wrapper_t<float, at::native::sum_functor<float, float, float>::operator()(at::TensorIterator&)::{lambda(float, float)#1}>, unsigned int, float, 4, 4>)",25,,331.583,local Chrome trace cat=kernel aggregate inside profile/measure
small_b4_ctx1024_fp32_train_step,small,4,1024,train_step,fp32,torch.profiler,python profiling/benchmark.py --model-size small --batch-size 4 --context-length 1024 --mode train_step --warmup 5 --steps 1 --dtype fp32 --seed 42 --device cuda --profile torch --output results/profile/result.json,profiler_trace_kernel,cuda_kernel,torch.profiler.chrome_trace_kernel,"void cublasLt::splitKreduce_kernel<32, 16, int, float, float, float, float, false, float, float, float, true, false, false>(cublasLt::cublasSplitKParams<float>, float const*, float const*, float*, float*, float const*, float const*, float const*, float const*, float*, void*, long, float*, int*, float*, float*, float const*, float const*, float const*, float const*, float const*)",48,,297.341,local Chrome trace cat=kernel aggregate inside profile/measure
small_b4_ctx1024_fp32_train_step,small,4,1024,train_step,fp32,torch.profiler,python profiling/benchmark.py --model-size small --batch-size 4 --context-length 1024 --mode train_step --warmup 5 --steps 1 --dtype fp32 --seed 42 --device cuda --profile torch --output results/profile/result.json,profiler_trace_kernel,cuda_kernel,torch.profiler.chrome_trace_kernel,"void at::native::vectorized_elementwise_kernel<4, at::native::sigmoid_kernel_cuda(at::TensorIteratorBase&)::{lambda()#2}::operator()() const::{lambda()#2}::operator()() const::{lambda(float)#1}, std::array<char*, 2ul> >(int, at::native::sigmoid_kernel_cuda(at::TensorIteratorBase&)::{lambda()#2}::operator()() const::{lambda()#2}::operator()() const::{lambda(float)#1}, std::array<char*, 2ul>)",12,,292.964,local Chrome trace cat=kernel aggregate inside profile/measure
small_b4_ctx1024_fp32_train_step,small,4,1024,train_step,fp32,torch.profiler,python profiling/benchmark.py --model-size small --batch-size 4 --context-length 1024 --mode train_step --warmup 5 --steps 1 --dtype fp32 --seed 42 --device cuda --profile torch --output results/profile/result.json,profiler_trace_kernel,cuda_kernel,torch.profiler.chrome_trace_kernel,"void at::native::elementwise_kernel<128, 2, at::native::gpu_kernel_impl_nocast<at::native::BUnaryFunctor<float, float, float, at::native::binary_internal::MulFunctor<float> > >(at::TensorIteratorBase&, at::native::BUnaryFunctor<float, float, float, at::native::binary_internal::MulFunctor<float> > const&)::{lambda(int)#1}>(int, at::native::gpu_kernel_impl_nocast<at::native::BUnaryFunctor<float, float, float, at::native::binary_internal::MulFunctor<float> > >(at::TensorIteratorBase&, at::native::BUnaryFunctor<float, float, float, at::native::binary_internal::MulFunctor<float> > const&)::{lambda(int)#1})",25,,238.529,local Chrome trace cat=kernel aggregate inside profile/measure
small_b4_ctx1024_fp32_train_step,small,4,1024,train_step,fp32,torch.profiler,python profiling/benchmark.py --model-size small --batch-size 4 --context-length 1024 --mode train_step --warmup 5 --steps 1 --dtype fp32 --seed 42 --device cuda --profile torch --output results/profile/result.json,profiler_trace_kernel,cuda_kernel,torch.profiler.chrome_trace_kernel,"void at::native::elementwise_kernel<128, 2, at::native::gpu_kernel_impl_nocast<at::native::neg_kernel_cuda(at::TensorIteratorBase&)::{lambda()#2}::operator()() const::{lambda()#7}::operator()() const::{lambda(float)#1}>(at::TensorIteratorBase&, at::native::neg_kernel_cuda(at::TensorIteratorBase&)::{lambda()#2}::operator()() const::{lambda()#7}::operator()() const::{lambda(float)#1} const&)::{lambda(int)#1}>(int, at::native::gpu_kernel_impl_nocast<at::native::neg_kernel_cuda(at::TensorIteratorBase&)::{lambda()#2}::operator()() const::{lambda()#7}::operator()() const::{lambda(float)#1}>(at::TensorIteratorBase&, at::native::neg_kernel_cuda(at::TensorIteratorBase&)::{lambda()#2}::operator()() const::{lambda()#7}::operator()() const::{lambda(float)#1} const&)::{lambda(int)#1})",24,,172.548,local Chrome trace cat=kernel aggregate inside profile/measure
small_b4_ctx1024_fp32_train_step,small,4,1024,train_step,fp32,torch.profiler,python profiling/benchmark.py --model-size small --batch-size 4 --context-length 1024 --mode train_step --warmup 5 --steps 1 --dtype fp32 --seed 42 --device cuda --profile torch --output results/profile/result.json,profiler_trace_kernel,cuda_kernel,torch.profiler.chrome_trace_kernel,"void at::native::reduce_kernel<512, 1, at::native::ReduceOp<float, at::native::MeanOps<float, float, float, float>, unsigned int, float, 4, 4> >(at::native::ReduceOp<float, at::native::MeanOps<float, float, float, float>, unsigned int, float, 4, 4>)",25,,129.664,local Chrome trace cat=kernel aggregate inside profile/measure
small_b4_ctx1024_fp32_train_step,small,4,1024,train_step,fp32,torch.profiler,python profiling/benchmark.py --model-size small --batch-size 4 --context-length 1024 --mode train_step --warmup 5 --steps 1 --dtype fp32 --seed 42 --device cuda --profile torch --output results/profile/result.json,profiler_trace_kernel,cuda_kernel,torch.profiler.chrome_trace_kernel,"void at::native::_scatter_gather_elementwise_kernel<128, 8, at::native::_cuda_scatter_gather_internal_kernel<true, at::native::OpaqueType<4>, long>::operator()<at::native::TensorAssign>(at::TensorIterator&, long, long, long, at::native::TensorAssign const&)::{lambda(int)#1}>(int, at::native::_cuda_scatter_gather_internal_kernel<true, at::native::OpaqueType<4>, long>::operator()<at::native::TensorAssign>(at::TensorIterator&, long, long, long, at::native::TensorAssign const&)::{lambda(int)#1})",12,,124.256,local Chrome trace cat=kernel aggregate inside profile/measure
small_b4_ctx1024_fp32_train_step,small,4,1024,train_step,fp32,torch.profiler,python profiling/benchmark.py --model-size small --batch-size 4 --context-length 1024 --mode train_step --warmup 5 --steps 1 --dtype fp32 --seed 42 --device cuda --profile torch --output results/profile/result.json,profiler_trace_kernel,cuda_kernel,torch.profiler.chrome_trace_kernel,"void at::native::(anonymous namespace)::cunn_SoftMaxBackwardSmem<4, float, float, float, at::native::(anonymous namespace)::LogSoftMaxBackwardEpilogue>(float*, float const*, float const*, long)",1,,122.656,local Chrome trace cat=kernel aggregate inside profile/measure
small_b4_ctx1024_fp32_train_step,small,4,1024,train_step,fp32,torch.profiler,python profiling/benchmark.py --model-size small --batch-size 4 --context-length 1024 --mode train_step --warmup 5 --steps 1 --dtype fp32 --seed 42 --device cuda --profile torch --output results/profile/result.json,profiler_trace_kernel,cuda_kernel,torch.profiler.chrome_trace_kernel,"void at::native::(anonymous namespace)::cunn_SoftMaxForwardSmem<4, float, float, float, at::native::(anonymous namespace)::LogSoftMaxForwardEpilogue, long>(float*, float const*, long)",1,,111.073,local Chrome trace cat=kernel aggregate inside profile/measure
small_b4_ctx1024_fp32_train_step,small,4,1024,train_step,fp32,torch.profiler,python profiling/benchmark.py --model-size small --batch-size 4 --context-length 1024 --mode train_step --warmup 5 --steps 1 --dtype fp32 --seed 42 --device cuda --profile torch --output results/profile/result.json,profiler_trace_kernel,cuda_kernel,torch.profiler.chrome_trace_kernel,"void at::native::(anonymous namespace)::CatArrayBatchedCopy_vectorized<at::native::(anonymous namespace)::OpaqueType<4u>, unsigned int, 1, 128, 1, 16, 4>(char*, at::native::(anonymous namespace)::CatArrInputTensorMetadata<at::native::(anonymous namespace)::OpaqueType<4u>, unsigned int, 128, 1>, at::native::(anonymous namespace)::TensorSizeStride<unsigned int, 4u>, int, unsigned int)",12,,81.664,local Chrome trace cat=kernel aggregate inside profile/measure
small_b4_ctx1024_fp32_train_step,small,4,1024,train_step,fp32,torch.profiler,python profiling/benchmark.py --model-size small --batch-size 4 --context-length 1024 --mode train_step --warmup 5 --steps 1 --dtype fp32 --seed 42 --device cuda --profile torch --output results/profile/result.json,profiler_trace_kernel,cuda_kernel,torch.profiler.chrome_trace_kernel,"void at::native::elementwise_kernel<128, 4, at::native::gpu_kernel_impl_nocast<at::native::(anonymous namespace)::CompareFunctor<long> >(at::TensorIteratorBase&, at::native::(anonymous namespace)::CompareFunctor<long> const&)::{lambda(int)#1}>(int, at::native::gpu_kernel_impl_nocast<at::native::(anonymous namespace)::CompareFunctor<long> >(at::TensorIteratorBase&, at::native::(anonymous namespace)::CompareFunctor<long> const&)::{lambda(int)#1})",12,,53.602,local Chrome trace cat=kernel aggregate inside profile/measure
small_b4_ctx1024_fp32_train_step,small,4,1024,train_step,fp32,torch.profiler,python profiling/benchmark.py --model-size small --batch-size 4 --context-length 1024 --mode train_step --warmup 5 --steps 1 --dtype fp32 --seed 42 --device cuda --profile torch --output results/profile/result.json,profiler_trace_kernel,cuda_kernel,torch.profiler.chrome_trace_kernel,"void at::native::vectorized_elementwise_kernel<4, at::native::(anonymous namespace)::pow_tensor_scalar_kernel_impl<float, float>(at::TensorIteratorBase&, float)::{lambda(float)#2}, std::array<char*, 2ul> >(int, at::native::(anonymous namespace)::pow_tensor_scalar_kernel_impl<float, float>(at::TensorIteratorBase&, float)::{lambda(float)#2}, std::array<char*, 2ul>)",25,,41.855,local Chrome trace cat=kernel aggregate inside profile/measure
small_b4_ctx1024_fp32_train_step,small,4,1024,train_step,fp32,torch.profiler,python profiling/benchmark.py --model-size small --batch-size 4 --context-length 1024 --mode train_step --warmup 5 --steps 1 --dtype fp32 --seed 42 --device cuda --profile torch --output results/profile/result.json,profiler_trace_kernel,cuda_kernel,torch.profiler.chrome_trace_kernel,"void at::native::vectorized_elementwise_kernel<4, at::native::rsqrt_kernel_cuda(at::TensorIteratorBase&)::{lambda()#2}::operator()() const::{lambda()#2}::operator()() const::{lambda(float)#1}, std::array<char*, 2ul> >(int, at::native::rsqrt_kernel_cuda(at::TensorIteratorBase&)::{lambda()#2}::operator()() const::{lambda()#2}::operator()() const::{lambda(float)#1}, std::array<char*, 2ul>)",25,,37.086,local Chrome trace cat=kernel aggregate inside profile/measure
xl_b4_ctx256_fp32_train_step,xl,4,256,train_step,fp32,torch.profiler,python profiling/benchmark.py --model-size xl --batch-size 4 --context-length 256 --mode train_step --warmup 5 --steps 1 --dtype fp32 --seed 42 --device cuda --profile torch --output results/profile/result.json,profiler_native,annotation,torch.profiler.record_function_cpu_annotation,attention/scores,32,7157.162,2999.329,CPU-side torch.profiler record_function aggregate; paired GPU annotation mirror omitted
xl_b4_ctx256_fp32_train_step,xl,4,256,train_step,fp32,torch.profiler,python profiling/benchmark.py --model-size xl --batch-size 4 --context-length 256 --mode train_step --warmup 5 --steps 1 --dtype fp32 --seed 42 --device cuda --profile torch --output results/profile/result.json,profiler_native,annotation,torch.profiler.record_function_cpu_annotation,attention/softmax,32,4397.451,3558.902,CPU-side torch.profiler record_function aggregate; paired GPU annotation mirror omitted
xl_b4_ctx256_fp32_train_step,xl,4,256,train_step,fp32,torch.profiler,python profiling/benchmark.py --model-size xl --batch-size 4 --context-length 256 --mode train_step --warmup 5 --steps 1 --dtype fp32 --seed 42 --device cuda --profile torch --output results/profile/result.json,profiler_native,annotation,torch.profiler.record_function_cpu_annotation,attention/value,32,4925.183,2000.365,CPU-side torch.profiler record_function aggregate; paired GPU annotation mirror omitted
xl_b4_ctx256_fp32_train_step,xl,4,256,train_step,fp32,torch.profiler,python profiling/benchmark.py --model-size xl --batch-size 4 --context-length 256 --mode train_step --warmup 5 --steps 1 --dtype fp32 --seed 42 --device cuda --profile torch --output results/profile/result.json,profiler_native,annotation,torch.profiler.record_function_cpu_annotation,backward,1,371209.34,1.184,CPU-side torch.profiler record_function aggregate; paired GPU annotation mirror omitted
xl_b4_ctx256_fp32_train_step,xl,4,256,train_step,fp32,torch.profiler,python profiling/benchmark.py --model-size xl --batch-size 4 --context-length 256 --mode train_step --warmup 5 --steps 1 --dtype fp32 --seed 42 --device cuda --profile torch --output results/profile/result.json,profiler_native,annotation,torch.profiler.record_function_cpu_annotation,forward,1,75871.165,169419.209,CPU-side torch.profiler record_function aggregate; paired GPU annotation mirror omitted
xl_b4_ctx256_fp32_train_step,xl,4,256,train_step,fp32,torch.profiler,python profiling/benchmark.py --model-size xl --batch-size 4 --context-length 256 --mode train_step --warmup 5 --steps 1 --dtype fp32 --seed 42 --device cuda --profile torch --output results/profile/result.json,profiler_native,annotation,torch.profiler.record_function_cpu_annotation,optimizer,1,192317.324,167066.973,CPU-side torch.profiler record_function aggregate; paired GPU annotation mirror omitted
xl_b4_ctx256_fp32_train_step,xl,4,256,train_step,fp32,torch.profiler,python profiling/benchmark.py --model-size xl --batch-size 4 --context-length 256 --mode train_step --warmup 5 --steps 1 --dtype fp32 --seed 42 --device cuda --profile torch --output results/profile/result.json,profiler_native,annotation,torch.profiler.record_function_cpu_annotation,profile/measure,1,669704.766,336540.39,CPU-side torch.profiler record_function aggregate; paired GPU annotation mirror omitted
xl_b4_ctx256_fp32_train_step,xl,4,256,train_step,fp32,torch.profiler,python profiling/benchmark.py --model-size xl --batch-size 4 --context-length 256 --mode train_step --warmup 5 --steps 1 --dtype fp32 --seed 42 --device cuda --profile torch --output results/profile/result.json,profiler_native,annotation,torch.profiler.record_function_cpu_annotation,profile/warmup,1,1989.97,0,CPU-side torch.profiler record_function aggregate; paired GPU annotation mirror omitted
xl_b4_ctx256_fp32_train_step,xl,4,256,train_step,fp32,torch.profiler,python profiling/benchmark.py --model-size xl --batch-size 4 --context-length 256 --mode train_step --warmup 5 --steps 1 --dtype fp32 --seed 42 --device cuda --profile torch --output results/profile/result.json,synchronized_phase_wall,phase_wall,synchronized_wall_clock,backward,1,370913.177,,synchronized wall clock; CUDA time intentionally blank
xl_b4_ctx256_fp32_train_step,xl,4,256,train_step,fp32,torch.profiler,python profiling/benchmark.py --model-size xl --batch-size 4 --context-length 256 --mode train_step --warmup 5 --steps 1 --dtype fp32 --seed 42 --device cuda --profile torch --output results/profile/result.json,synchronized_phase_wall,phase_wall,synchronized_wall_clock,forward,1,171830.17,,synchronized wall clock; CUDA time intentionally blank
xl_b4_ctx256_fp32_train_step,xl,4,256,train_step,fp32,torch.profiler,python profiling/benchmark.py --model-size xl --batch-size 4 --context-length 256 --mode train_step --warmup 5 --steps 1 --dtype fp32 --seed 42 --device cuda --profile torch --output results/profile/result.json,synchronized_phase_wall,phase_wall,synchronized_wall_clock,loss,1,49.7279987,,synchronized wall clock; CUDA time intentionally blank
xl_b4_ctx256_fp32_train_step,xl,4,256,train_step,fp32,torch.profiler,python profiling/benchmark.py --model-size xl --batch-size 4 --context-length 256 --mode train_step --warmup 5 --steps 1 --dtype fp32 --seed 42 --device cuda --profile torch --output results/profile/result.json,synchronized_phase_wall,phase_wall,synchronized_wall_clock,optimizer,1,124337.311,,synchronized wall clock; CUDA time intentionally blank
xl_b4_ctx256_fp32_train_step,xl,4,256,train_step,fp32,torch.profiler,python profiling/benchmark.py --model-size xl --batch-size 4 --context-length 256 --mode train_step --warmup 5 --steps 1 --dtype fp32 --seed 42 --device cuda --profile torch --output results/profile/result.json,synchronized_phase_wall,phase_wall,synchronized_wall_clock,total,1,667719.364,,synchronized wall clock; CUDA time intentionally blank
xl_b4_ctx256_fp32_train_step,xl,4,256,train_step,fp32,torch.profiler,python profiling/benchmark.py --model-size xl --batch-size 4 --context-length 256 --mode train_step --warmup 5 --steps 1 --dtype fp32 --seed 42 --device cuda --profile torch --output results/profile/result.json,synchronized_phase_wall,phase_wall,synchronized_wall_clock,zero_grad,1,515.680015,,synchronized wall clock; CUDA time intentionally blank
xl_b4_ctx256_fp32_train_step,xl,4,256,train_step,fp32,torch.profiler,python profiling/benchmark.py --model-size xl --batch-size 4 --context-length 256 --mode train_step --warmup 5 --steps 1 --dtype fp32 --seed 42 --device cuda --profile torch --output results/profile/result.json,profiler_native,operator,torch.profiler.key_averages,aten::bmm,867,69276.096,466635.419,torch.profiler native aggregate
xl_b4_ctx256_fp32_train_step,xl,4,256,train_step,fp32,torch.profiler,python profiling/benchmark.py --model-size xl --batch-size 4 --context-length 256 --mode train_step --warmup 5 --steps 1 --dtype fp32 --seed 42 --device cuda --profile torch --output results/profile/result.json,profiler_native,operator,torch.profiler.key_averages,autograd::engine::evaluate_function: BmmBackward0,289,64857.92,311398.172,torch.profiler native aggregate
xl_b4_ctx256_fp32_train_step,xl,4,256,train_step,fp32,torch.profiler,python profiling/benchmark.py --model-size xl --batch-size 4 --context-length 256 --mode train_step --warmup 5 --steps 1 --dtype fp32 --seed 42 --device cuda --profile torch --output results/profile/result.json,profiler_native,operator,torch.profiler.key_averages,BmmBackward0,289,62748.429,311398.172,torch.profiler native aggregate
xl_b4_ctx256_fp32_train_step,xl,4,256,train_step,fp32,torch.profiler,python profiling/benchmark.py --model-size xl --batch-size 4 --context-length 256 --mode train_step --warmup 5 --steps 1 --dtype fp32 --seed 42 --device cuda --profile torch --output results/profile/result.json,profiler_native,operator,torch.profiler.key_averages,Optimizer.step#AdamW.step,1,192247.629,167066.973,torch.profiler native aggregate
xl_b4_ctx256_fp32_train_step,xl,4,256,train_step,fp32,torch.profiler,python profiling/benchmark.py --model-size xl --batch-size 4 --context-length 256 --mode train_step --warmup 5 --steps 1 --dtype fp32 --seed 42 --device cuda --profile torch --output results/profile/result.json,profiler_native,operator,torch.profiler.key_averages,aten::einsum,289,23750.06,155627.549,torch.profiler native aggregate
xl_b4_ctx256_fp32_train_step,xl,4,256,train_step,fp32,torch.profiler,python profiling/benchmark.py --model-size xl --batch-size 4 --context-length 256 --mode train_step --warmup 5 --steps 1 --dtype fp32 --seed 42 --device cuda --profile torch --output results/profile/result.json,profiler_native,operator,torch.profiler.key_averages,void cutlass::Kernel2<cutlass_80_simt_sgemm_256x128_8x4_nn_align1>(cutlass_80_simt_sgemm_256x128_8x4_nn_align1::Params),225,0,151908.901,torch.profiler native aggregate
xl_b4_ctx256_fp32_train_step,xl,4,256,train_step,fp32,torch.profiler,python profiling/benchmark.py --model-size xl --batch-size 4 --context-length 256 --mode train_step --warmup 5 --steps 1 --dtype fp32 --seed 42 --device cuda --profile torch --output results/profile/result.json,profiler_native,operator,torch.profiler.key_averages,Optimizer.step#AdamW.step,1,0,124332.086,torch.profiler native aggregate
xl_b4_ctx256_fp32_train_step,xl,4,256,train_step,fp32,torch.profiler,python profiling/benchmark.py --model-size xl --batch-size 4 --context-length 256 --mode train_step --warmup 5 --steps 1 --dtype fp32 --seed 42 --device cuda --profile torch --output results/profile/result.json,profiler_native,operator,torch.profiler.key_averages,sm80_xmma_gemm_f32f32_f32f32_f32_tn_n_tilesize128x64x8_stage3_warpsize2x2x1_ffma_aligna4_alignc4_execute_kernel__5x_cublas,65,0,79841.738,torch.profiler native aggregate
xl_b4_ctx256_fp32_train_step,xl,4,256,train_step,fp32,torch.profiler,python profiling/benchmark.py --model-size xl --batch-size 4 --context-length 256 --mode train_step --warmup 5 --steps 1 --dtype fp32 --seed 42 --device cuda --profile torch --output results/profile/result.json,profiler_native,operator,torch.profiler.key_averages,void cutlass::Kernel2<cutlass_80_simt_sgemm_128x256_8x4_nt_align1>(cutlass_80_simt_sgemm_128x256_8x4_nt_align1::Params),160,0,77533.604,torch.profiler native aggregate
xl_b4_ctx256_fp32_train_step,xl,4,256,train_step,fp32,torch.profiler,python profiling/benchmark.py --model-size xl --batch-size 4 --context-length 256 --mode train_step --warmup 5 --steps 1 --dtype fp32 --seed 42 --device cuda --profile torch --output results/profile/result.json,profiler_native,operator,torch.profiler.key_averages,void cutlass::Kernel2<cutlass_80_simt_sgemm_256x128_8x4_nt_align1>(cutlass_80_simt_sgemm_256x128_8x4_nt_align1::Params),64,0,74174.627,torch.profiler native aggregate
xl_b4_ctx256_fp32_train_step,xl,4,256,train_step,fp32,torch.profiler,python profiling/benchmark.py --model-size xl --batch-size 4 --context-length 256 --mode train_step --warmup 5 --steps 1 --dtype fp32 --seed 42 --device cuda --profile torch --output results/profile/result.json,profiler_native,operator,torch.profiler.key_averages,aten::mul,3165,172507.975,73098.897,torch.profiler native aggregate
xl_b4_ctx256_fp32_train_step,xl,4,256,train_step,fp32,torch.profiler,python profiling/benchmark.py --model-size xl --batch-size 4 --context-length 256 --mode train_step --warmup 5 --steps 1 --dtype fp32 --seed 42 --device cuda --profile torch --output results/profile/result.json,profiler_native,operator,torch.profiler.key_averages,sm80_xmma_gemm_f32f32_f32f32_f32_tn_n_tilesize128x128x8_stage3_warpsize2x2x1_ffma_aligna4_alignc4_execute_kernel__5x_cublas,160,0,71084.803,torch.profiler native aggregate
xl_b4_ctx256_fp32_train_step,xl,4,256,train_step,fp32,torch.profiler,python profiling/benchmark.py --model-size xl --batch-size 4 --context-length 256 --mode train_step --warmup 5 --steps 1 --dtype fp32 --seed 42 --device cuda --profile torch --output results/profile/result.json,profiler_native,operator,torch.profiler.key_averages,Command Buffer Full,2261,389343.578,50983.425,torch.profiler native aggregate
xl_b4_ctx256_fp32_train_step,xl,4,256,train_step,fp32,torch.profiler,python profiling/benchmark.py --model-size xl --batch-size 4 --context-length 256 --mode train_step --warmup 5 --steps 1 --dtype fp32 --seed 42 --device cuda --profile torch --output results/profile/result.json,profiler_native,operator,torch.profiler.key_averages,cudaLaunchKernel,8690,372562.583,50099.754,torch.profiler native aggregate
xl_b4_ctx256_fp32_train_step,xl,4,256,train_step,fp32,torch.profiler,python profiling/benchmark.py --model-size xl --batch-size 4 --context-length 256 --mode train_step --warmup 5 --steps 1 --dtype fp32 --seed 42 --device cuda --profile torch --output results/profile/result.json,profiler_native,operator,torch.profiler.key_averages,"void at::native::vectorized_elementwise_kernel<4, at::native::CUDAFunctor_add<float>, std::array<char*, 3ul> >(int, at::native::CUDAFunctor_add<float>, std::array<char*, 3ul>)",1773,0,44316.386,torch.profiler native aggregate
xl_b4_ctx256_fp32_train_step,xl,4,256,train_step,fp32,torch.profiler,python profiling/benchmark.py --model-size xl --batch-size 4 --context-length 256 --mode train_step --warmup 5 --steps 1 --dtype fp32 --seed 42 --device cuda --profile torch --output results/profile/result.json,profiler_native,operator,torch.profiler.key_averages,"void at::native::vectorized_elementwise_kernel<4, at::native::AUnaryFunctor<float, float, float, at::native::binary_internal::MulFunctor<float> >, std::array<char*, 2ul> >(int, at::native::AUnaryFunctor<float, float, float, at::native::binary_internal::MulFunctor<float> >, std::array<char*, 2ul>)",1876,0,41231.606,torch.profiler native aggregate
xl_b4_ctx256_fp32_train_step,xl,4,256,train_step,fp32,torch.profiler,python profiling/benchmark.py --model-size xl --batch-size 4 --context-length 256 --mode train_step --warmup 5 --steps 1 --dtype fp32 --seed 42 --device cuda --profile torch --output results/profile/result.json,profiler_native,operator,torch.profiler.key_averages,aten::add,1130,39214.493,40527.321,torch.profiler native aggregate
xl_b4_ctx256_fp32_train_step,xl,4,256,train_step,fp32,torch.profiler,python profiling/benchmark.py --model-size xl --batch-size 4 --context-length 256 --mode train_step --warmup 5 --steps 1 --dtype fp32 --seed 42 --device cuda --profile torch --output results/profile/result.json,profiler_native,operator,torch.profiler.key_averages,aten::copy_,547,46238.292,27904.09,torch.profiler native aggregate
xl_b4_ctx256_fp32_train_step,xl,4,256,train_step,fp32,torch.profiler,python profiling/benchmark.py --model-size xl --batch-size 4 --context-length 256 --mode train_step --warmup 5 --steps 1 --dtype fp32 --seed 42 --device cuda --profile torch --output results/profile/result.json,profiler_native,operator,torch.profiler.key_averages,"void at::native::elementwise_kernel<128, 2, at::native::gpu_kernel_impl_nocast<at::native::direct_copy_kernel_cuda(at::TensorIteratorBase&)::{lambda()#3}::operator()() const::{lambda()#7}::operator()() const::{lambda(float)#1}>(at::TensorIteratorBase&, at::native::direct_copy_kernel_cuda(at::TensorIteratorBase&)::{lambda()#3}::operator()() const::{lambda()#7}::operator()() const::{lambda(float)#1} const&)::{lambda(int)#1}>(int, at::native::gpu_kernel_impl_nocast<at::native::direct_copy_kernel_cuda(at::TensorIteratorBase&)::{lambda()#3}::operator()() const::{lambda()#7}::operator()() const::{lambda(float)#1}>(at::TensorIteratorBase&, at::native::direct_copy_kernel_cuda(at::TensorIteratorBase&)::{lambda()#3}::operator()() const::{lambda()#7}::operator()() const::{lambda(float)#1} const&)::{lambda(int)#1})",481,0,27451.101,torch.profiler native aggregate
xl_b4_ctx256_fp32_train_step,xl,4,256,train_step,fp32,torch.profiler,python profiling/benchmark.py --model-size xl --batch-size 4 --context-length 256 --mode train_step --warmup 5 --steps 1 --dtype fp32 --seed 42 --device cuda --profile torch --output results/profile/result.json,profiler_native,operator,torch.profiler.key_averages,aten::sub_,582,19865.479,26740.538,torch.profiler native aggregate
xl_b4_ctx256_fp32_train_step,xl,4,256,train_step,fp32,torch.profiler,python profiling/benchmark.py --model-size xl --batch-size 4 --context-length 256 --mode train_step --warmup 5 --steps 1 --dtype fp32 --seed 42 --device cuda --profile torch --output results/profile/result.json,profiler_native,operator,torch.profiler.key_averages,autograd::engine::evaluate_function: torch::autograd::AccumulateGrad,291,32135.114,24821.742,torch.profiler native aggregate
xl_b4_ctx256_fp32_train_step,xl,4,256,train_step,fp32,torch.profiler,python profiling/benchmark.py --model-size xl --batch-size 4 --context-length 256 --mode train_step --warmup 5 --steps 1 --dtype fp32 --seed 42 --device cuda --profile torch --output results/profile/result.json,profiler_native,operator,torch.profiler.key_averages,torch::autograd::AccumulateGrad,291,31117.373,24821.742,torch.profiler native aggregate
xl_b4_ctx256_fp32_train_step,xl,4,256,train_step,fp32,torch.profiler,python profiling/benchmark.py --model-size xl --batch-size 4 --context-length 256 --mode train_step --warmup 5 --steps 1 --dtype fp32 --seed 42 --device cuda --profile torch --output results/profile/result.json,profiler_native,operator,torch.profiler.key_averages,aten::div,548,40819.043,20297.125,torch.profiler native aggregate
xl_b4_ctx256_fp32_train_step,xl,4,256,train_step,fp32,torch.profiler,python profiling/benchmark.py --model-size xl --batch-size 4 --context-length 256 --mode train_step --warmup 5 --steps 1 --dtype fp32 --seed 42 --device cuda --profile torch --output results/profile/result.json,profiler_native,operator,torch.profiler.key_averages,aten::pow,486,21108.721,10863.081,torch.profiler native aggregate
xl_b4_ctx256_fp32_train_step,xl,4,256,train_step,fp32,torch.profiler,python profiling/benchmark.py --model-size xl --batch-size 4 --context-length 256 --mode train_step --warmup 5 --steps 1 --dtype fp32 --seed 42 --device cuda --profile torch --output results/profile/result.json,profiler_native,operator,torch.profiler.key_averages,aten::sqrt,291,12804.393,10369.751,torch.profiler native aggregate
xl_b4_ctx256_fp32_train_step,xl,4,256,train_step,fp32,torch.profiler,python profiling/benchmark.py --model-size xl --batch-size 4 --context-length 256 --mode train_step --warmup 5 --steps 1 --dtype fp32 --seed 42 --device cuda --profile torch --output results/profile/result.json,profiler_native,operator,torch.profiler.key_averages,autograd::engine::evaluate_function: MulBackward0,450,101015.421,10194.83,torch.profiler native aggregate
xl_b4_ctx256_fp32_train_step,xl,4,256,train_step,fp32,torch.profiler,python profiling/benchmark.py --model-size xl --batch-size 4 --context-length 256 --mode train_step --warmup 5 --steps 1 --dtype fp32 --seed 42 --device cuda --profile torch --output results/profile/result.json,profiler_native,operator,torch.profiler.key_averages,aten::square,291,13519.292,9983.024,torch.profiler native aggregate
xl_b4_ctx256_fp32_train_step,xl,4,256,train_step,fp32,torch.profiler,python profiling/benchmark.py --model-size xl --batch-size 4 --context-length 256 --mode train_step --warmup 5 --steps 1 --dtype fp32 --seed 42 --device cuda --profile torch --output results/profile/result.json,profiler_native,operator,torch.profiler.key_averages,"void at::native::vectorized_elementwise_kernel<4, at::native::BinaryFunctor<float, float, float, at::native::binary_internal::DivFunctor<float> >, std::array<char*, 3ul> >(int, at::native::BinaryFunctor<float, float, float, at::native::binary_internal::DivFunctor<float> >, std::array<char*, 3ul>)",291,0,9905.431,torch.profiler native aggregate
xl_b4_ctx256_fp32_train_step,xl,4,256,train_step,fp32,torch.profiler,python profiling/benchmark.py --model-size xl --batch-size 4 --context-length 256 --mode train_step --warmup 5 --steps 1 --dtype fp32 --seed 42 --device cuda --profile torch --output results/profile/result.json,profiler_native,operator,torch.profiler.key_averages,"void at::native::vectorized_elementwise_kernel<4, at::native::BinaryFunctor<float, float, float, at::native::binary_internal::MulFunctor<float> >, std::array<char*, 3ul> >(int, at::native::BinaryFunctor<float, float, float, at::native::binary_internal::MulFunctor<float> >, std::array<char*, 3ul>)",516,0,9010.977,torch.profiler native aggregate
xl_b4_ctx256_fp32_train_step,xl,4,256,train_step,fp32,torch.profiler,python profiling/benchmark.py --model-size xl --batch-size 4 --context-length 256 --mode train_step --warmup 5 --steps 1 --dtype fp32 --seed 42 --device cuda --profile torch --output results/profile/result.json,profiler_native,operator,torch.profiler.key_averages,aten::fill_,681,20057.291,8799.824,torch.profiler native aggregate
xl_b4_ctx256_fp32_train_step,xl,4,256,train_step,fp32,torch.profiler,python profiling/benchmark.py --model-size xl --batch-size 4 --context-length 256 --mode train_step --warmup 5 --steps 1 --dtype fp32 --seed 42 --device cuda --profile torch --output results/profile/result.json,profiler_native,operator,torch.profiler.key_averages,aten::zero_,616,20730.528,8715.983,torch.profiler native aggregate
xl_b4_ctx256_fp32_train_step,xl,4,256,train_step,fp32,torch.profiler,python profiling/benchmark.py --model-size xl --batch-size 4 --context-length 256 --mode train_step --warmup 5 --steps 1 --dtype fp32 --seed 42 --device cuda --profile torch --output results/profile/result.json,profiler_native,operator,torch.profiler.key_averages,aten::zeros_like,582,23876.117,8405.683,torch.profiler native aggregate
xl_b4_ctx256_fp32_train_step,xl,4,256,train_step,fp32,torch.profiler,python profiling/benchmark.py --model-size xl --batch-size 4 --context-length 256 --mode train_step --warmup 5 --steps 1 --dtype fp32 --seed 42 --device cuda --profile torch --output results/profile/result.json,profiler_native,operator,torch.profiler.key_averages,MulBackward0,450,61741.638,7849.383,torch.profiler native aggregate
xl_b4_ctx256_fp32_train_step,xl,4,256,train_step,fp32,torch.profiler,python profiling/benchmark.py --model-size xl --batch-size 4 --context-length 256 --mode train_step --warmup 5 --steps 1 --dtype fp32 --seed 42 --device cuda --profile torch --output results/profile/result.json,profiler_native,operator,torch.profiler.key_averages,"void at::native::vectorized_elementwise_kernel<4, at::native::(anonymous namespace)::pow_tensor_scalar_kernel_impl<float, float>(at::TensorIteratorBase&, float)::{lambda(float)#1}, std::array<char*, 2ul> >(int, at::native::(anonymous namespace)::pow_tensor_scalar_kernel_impl<float, float>(at::TensorIteratorBase&, float)::{lambda(float)#1}, std::array<char*, 2ul>)",356,0,7296.838,torch.profiler native aggregate
xl_b4_ctx256_fp32_train_step,xl,4,256,train_step,fp32,torch.profiler,python profiling/benchmark.py --model-size xl --batch-size 4 --context-length 256 --mode train_step --warmup 5 --steps 1 --dtype fp32 --seed 42 --device cuda --profile torch --output results/profile/result.json,profiler_native,operator,torch.profiler.key_averages,"void at::native::vectorized_elementwise_kernel<4, at::native::FillFunctor<float>, std::array<char*, 1ul> >(int, at::native::FillFunctor<float>, std::array<char*, 1ul>)",681,0,7050.208,torch.profiler native aggregate
xl_b4_ctx256_fp32_train_step,xl,4,256,train_step,fp32,torch.profiler,python profiling/benchmark.py --model-size xl --batch-size 4 --context-length 256 --mode train_step --warmup 5 --steps 1 --dtype fp32 --seed 42 --device cuda --profile torch --output results/profile/result.json,profiler_native,operator,torch.profiler.key_averages,"void at::native::vectorized_elementwise_kernel<4, at::native::sqrt_kernel_cuda(at::TensorIteratorBase&)::{lambda()#2}::operator()() const::{lambda()#2}::operator()() const::{lambda(float)#1}, std::array<char*, 2ul> >(int, at::native::sqrt_kernel_cuda(at::TensorIteratorBase&)::{lambda()#2}::operator()() const::{lambda()#2}::operator()() const::{lambda(float)#1}, std::array<char*, 2ul>)",291,0,7022.331,torch.profiler native aggregate
xl_b4_ctx256_fp32_train_step,xl,4,256,train_step,fp32,torch.profiler,python profiling/benchmark.py --model-size xl --batch-size 4 --context-length 256 --mode train_step --warmup 5 --steps 1 --dtype fp32 --seed 42 --device cuda --profile torch --output results/profile/result.json,profiler_native,operator,torch.profiler.key_averages,"void at::native::vectorized_elementwise_kernel<4, at::native::CUDAFunctorOnSelf_add<float>, std::array<char*, 2ul> >(int, at::native::CUDAFunctorOnSelf_add<float>, std::array<char*, 2ul>)",356,0,6743.511,torch.profiler native aggregate
xl_b4_ctx256_fp32_train_step,xl,4,256,train_step,fp32,torch.profiler,python profiling/benchmark.py --model-size xl --batch-size 4 --context-length 256 --mode train_step --warmup 5 --steps 1 --dtype fp32 --seed 42 --device cuda --profile torch --output results/profile/result.json,profiler_native,operator,torch.profiler.key_averages,"void at::native::elementwise_kernel<128, 2, at::native::gpu_kernel_impl_nocast<at::native::BinaryFunctor<float, float, float, at::native::binary_internal::MulFunctor<float> > >(at::TensorIteratorBase&, at::native::BinaryFunctor<float, float, float, at::native::binary_internal::MulFunctor<float> > const&)::{lambda(int)#1}>(int, at::native::gpu_kernel_impl_nocast<at::native::BinaryFunctor<float, float, float, at::native::binary_internal::MulFunctor<float> > >(at::TensorIteratorBase&, at::native::BinaryFunctor<float, float, float, at::native::binary_internal::MulFunctor<float> > const&)::{lambda(int)#1})",772,0,5644.838,torch.profiler native aggregate
xl_b4_ctx256_fp32_train_step,xl,4,256,train_step,fp32,torch.profiler,python profiling/benchmark.py --model-size xl --batch-size 4 --context-length 256 --mode train_step --warmup 5 --steps 1 --dtype fp32 --seed 42 --device cuda --profile torch --output results/profile/result.json,profiler_native,operator,torch.profiler.key_averages,autograd::engine::evaluate_function: DivBackward0,64,4356.872,5500.649,torch.profiler native aggregate
xl_b4_ctx256_fp32_train_step,xl,4,256,train_step,fp32,torch.profiler,python profiling/benchmark.py --model-size xl --batch-size 4 --context-length 256 --mode train_step --warmup 5 --steps 1 --dtype fp32 --seed 42 --device cuda --profile torch --output results/profile/result.json,profiler_native,operator,torch.profiler.key_averages,DivBackward0,64,3491.566,4920.306,torch.profiler native aggregate
xl_b4_ctx256_fp32_train_step,xl,4,256,train_step,fp32,torch.profiler,python profiling/benchmark.py --model-size xl --batch-size 4 --context-length 256 --mode train_step --warmup 5 --steps 1 --dtype fp32 --seed 42 --device cuda --profile torch --output results/profile/result.json,profiler_trace_kernel,cuda_kernel,torch.profiler.chrome_trace_kernel,void cutlass::Kernel2<cutlass_80_simt_sgemm_256x128_8x4_nn_align1>(cutlass_80_simt_sgemm_256x128_8x4_nn_align1::Params),225,,151908.901,local Chrome trace cat=kernel aggregate inside profile/measure
xl_b4_ctx256_fp32_train_step,xl,4,256,train_step,fp32,torch.profiler,python profiling/benchmark.py --model-size xl --batch-size 4 --context-length 256 --mode train_step --warmup 5 --steps 1 --dtype fp32 --seed 42 --device cuda --profile torch --output results/profile/result.json,profiler_trace_kernel,cuda_kernel,torch.profiler.chrome_trace_kernel,sm80_xmma_gemm_f32f32_f32f32_f32_tn_n_tilesize128x64x8_stage3_warpsize2x2x1_ffma_aligna4_alignc4_execute_kernel__5x_cublas,65,,79841.738,local Chrome trace cat=kernel aggregate inside profile/measure
xl_b4_ctx256_fp32_train_step,xl,4,256,train_step,fp32,torch.profiler,python profiling/benchmark.py --model-size xl --batch-size 4 --context-length 256 --mode train_step --warmup 5 --steps 1 --dtype fp32 --seed 42 --device cuda --profile torch --output results/profile/result.json,profiler_trace_kernel,cuda_kernel,torch.profiler.chrome_trace_kernel,void cutlass::Kernel2<cutlass_80_simt_sgemm_128x256_8x4_nt_align1>(cutlass_80_simt_sgemm_128x256_8x4_nt_align1::Params),160,,77533.604,local Chrome trace cat=kernel aggregate inside profile/measure
xl_b4_ctx256_fp32_train_step,xl,4,256,train_step,fp32,torch.profiler,python profiling/benchmark.py --model-size xl --batch-size 4 --context-length 256 --mode train_step --warmup 5 --steps 1 --dtype fp32 --seed 42 --device cuda --profile torch --output results/profile/result.json,profiler_trace_kernel,cuda_kernel,torch.profiler.chrome_trace_kernel,void cutlass::Kernel2<cutlass_80_simt_sgemm_256x128_8x4_nt_align1>(cutlass_80_simt_sgemm_256x128_8x4_nt_align1::Params),64,,74174.627,local Chrome trace cat=kernel aggregate inside profile/measure
xl_b4_ctx256_fp32_train_step,xl,4,256,train_step,fp32,torch.profiler,python profiling/benchmark.py --model-size xl --batch-size 4 --context-length 256 --mode train_step --warmup 5 --steps 1 --dtype fp32 --seed 42 --device cuda --profile torch --output results/profile/result.json,profiler_trace_kernel,cuda_kernel,torch.profiler.chrome_trace_kernel,sm80_xmma_gemm_f32f32_f32f32_f32_tn_n_tilesize128x128x8_stage3_warpsize2x2x1_ffma_aligna4_alignc4_execute_kernel__5x_cublas,160,,71084.803,local Chrome trace cat=kernel aggregate inside profile/measure
xl_b4_ctx256_fp32_train_step,xl,4,256,train_step,fp32,torch.profiler,python profiling/benchmark.py --model-size xl --batch-size 4 --context-length 256 --mode train_step --warmup 5 --steps 1 --dtype fp32 --seed 42 --device cuda --profile torch --output results/profile/result.json,profiler_trace_kernel,cuda_kernel,torch.profiler.chrome_trace_kernel,"void at::native::vectorized_elementwise_kernel<4, at::native::CUDAFunctor_add<float>, std::array<char*, 3ul> >(int, at::native::CUDAFunctor_add<float>, std::array<char*, 3ul>)",1773,,44316.386,local Chrome trace cat=kernel aggregate inside profile/measure
xl_b4_ctx256_fp32_train_step,xl,4,256,train_step,fp32,torch.profiler,python profiling/benchmark.py --model-size xl --batch-size 4 --context-length 256 --mode train_step --warmup 5 --steps 1 --dtype fp32 --seed 42 --device cuda --profile torch --output results/profile/result.json,profiler_trace_kernel,cuda_kernel,torch.profiler.chrome_trace_kernel,"void at::native::vectorized_elementwise_kernel<4, at::native::AUnaryFunctor<float, float, float, at::native::binary_internal::MulFunctor<float> >, std::array<char*, 2ul> >(int, at::native::AUnaryFunctor<float, float, float, at::native::binary_internal::MulFunctor<float> >, std::array<char*, 2ul>)",1876,,41231.606,local Chrome trace cat=kernel aggregate inside profile/measure
xl_b4_ctx256_fp32_train_step,xl,4,256,train_step,fp32,torch.profiler,python profiling/benchmark.py --model-size xl --batch-size 4 --context-length 256 --mode train_step --warmup 5 --steps 1 --dtype fp32 --seed 42 --device cuda --profile torch --output results/profile/result.json,profiler_trace_kernel,cuda_kernel,torch.profiler.chrome_trace_kernel,"void at::native::elementwise_kernel<128, 2, at::native::gpu_kernel_impl_nocast<at::native::direct_copy_kernel_cuda(at::TensorIteratorBase&)::{lambda()#3}::operator()() const::{lambda()#7}::operator()() const::{lambda(float)#1}>(at::TensorIteratorBase&, at::native::direct_copy_kernel_cuda(at::TensorIteratorBase&)::{lambda()#3}::operator()() const::{lambda()#7}::operator()() const::{lambda(float)#1} const&)::{lambda(int)#1}>(int, at::native::gpu_kernel_impl_nocast<at::native::direct_copy_kernel_cuda(at::TensorIteratorBase&)::{lambda()#3}::operator()() const::{lambda()#7}::operator()() const::{lambda(float)#1}>(at::TensorIteratorBase&, at::native::direct_copy_kernel_cuda(at::TensorIteratorBase&)::{lambda()#3}::operator()() const::{lambda()#7}::operator()() const::{lambda(float)#1} const&)::{lambda(int)#1})",481,,27451.101,local Chrome trace cat=kernel aggregate inside profile/measure
xl_b4_ctx256_fp32_train_step,xl,4,256,train_step,fp32,torch.profiler,python profiling/benchmark.py --model-size xl --batch-size 4 --context-length 256 --mode train_step --warmup 5 --steps 1 --dtype fp32 --seed 42 --device cuda --profile torch --output results/profile/result.json,profiler_trace_kernel,cuda_kernel,torch.profiler.chrome_trace_kernel,"void at::native::vectorized_elementwise_kernel<4, at::native::BinaryFunctor<float, float, float, at::native::binary_internal::DivFunctor<float> >, std::array<char*, 3ul> >(int, at::native::BinaryFunctor<float, float, float, at::native::binary_internal::DivFunctor<float> >, std::array<char*, 3ul>)",291,,9905.431,local Chrome trace cat=kernel aggregate inside profile/measure
xl_b4_ctx256_fp32_train_step,xl,4,256,train_step,fp32,torch.profiler,python profiling/benchmark.py --model-size xl --batch-size 4 --context-length 256 --mode train_step --warmup 5 --steps 1 --dtype fp32 --seed 42 --device cuda --profile torch --output results/profile/result.json,profiler_trace_kernel,cuda_kernel,torch.profiler.chrome_trace_kernel,"void at::native::vectorized_elementwise_kernel<4, at::native::BinaryFunctor<float, float, float, at::native::binary_internal::MulFunctor<float> >, std::array<char*, 3ul> >(int, at::native::BinaryFunctor<float, float, float, at::native::binary_internal::MulFunctor<float> >, std::array<char*, 3ul>)",516,,9010.977,local Chrome trace cat=kernel aggregate inside profile/measure
xl_b4_ctx256_fp32_train_step,xl,4,256,train_step,fp32,torch.profiler,python profiling/benchmark.py --model-size xl --batch-size 4 --context-length 256 --mode train_step --warmup 5 --steps 1 --dtype fp32 --seed 42 --device cuda --profile torch --output results/profile/result.json,profiler_trace_kernel,cuda_kernel,torch.profiler.chrome_trace_kernel,"void at::native::vectorized_elementwise_kernel<4, at::native::(anonymous namespace)::pow_tensor_scalar_kernel_impl<float, float>(at::TensorIteratorBase&, float)::{lambda(float)#1}, std::array<char*, 2ul> >(int, at::native::(anonymous namespace)::pow_tensor_scalar_kernel_impl<float, float>(at::TensorIteratorBase&, float)::{lambda(float)#1}, std::array<char*, 2ul>)",356,,7296.838,local Chrome trace cat=kernel aggregate inside profile/measure
xl_b4_ctx256_fp32_train_step,xl,4,256,train_step,fp32,torch.profiler,python profiling/benchmark.py --model-size xl --batch-size 4 --context-length 256 --mode train_step --warmup 5 --steps 1 --dtype fp32 --seed 42 --device cuda --profile torch --output results/profile/result.json,profiler_trace_kernel,cuda_kernel,torch.profiler.chrome_trace_kernel,"void at::native::vectorized_elementwise_kernel<4, at::native::FillFunctor<float>, std::array<char*, 1ul> >(int, at::native::FillFunctor<float>, std::array<char*, 1ul>)",681,,7050.208,local Chrome trace cat=kernel aggregate inside profile/measure
xl_b4_ctx256_fp32_train_step,xl,4,256,train_step,fp32,torch.profiler,python profiling/benchmark.py --model-size xl --batch-size 4 --context-length 256 --mode train_step --warmup 5 --steps 1 --dtype fp32 --seed 42 --device cuda --profile torch --output results/profile/result.json,profiler_trace_kernel,cuda_kernel,torch.profiler.chrome_trace_kernel,"void at::native::vectorized_elementwise_kernel<4, at::native::sqrt_kernel_cuda(at::TensorIteratorBase&)::{lambda()#2}::operator()() const::{lambda()#2}::operator()() const::{lambda(float)#1}, std::array<char*, 2ul> >(int, at::native::sqrt_kernel_cuda(at::TensorIteratorBase&)::{lambda()#2}::operator()() const::{lambda()#2}::operator()() const::{lambda(float)#1}, std::array<char*, 2ul>)",291,,7022.331,local Chrome trace cat=kernel aggregate inside profile/measure
xl_b4_ctx256_fp32_train_step,xl,4,256,train_step,fp32,torch.profiler,python profiling/benchmark.py --model-size xl --batch-size 4 --context-length 256 --mode train_step --warmup 5 --steps 1 --dtype fp32 --seed 42 --device cuda --profile torch --output results/profile/result.json,profiler_trace_kernel,cuda_kernel,torch.profiler.chrome_trace_kernel,"void at::native::vectorized_elementwise_kernel<4, at::native::CUDAFunctorOnSelf_add<float>, std::array<char*, 2ul> >(int, at::native::CUDAFunctorOnSelf_add<float>, std::array<char*, 2ul>)",356,,6743.511,local Chrome trace cat=kernel aggregate inside profile/measure
xl_b4_ctx256_fp32_train_step,xl,4,256,train_step,fp32,torch.profiler,python profiling/benchmark.py --model-size xl --batch-size 4 --context-length 256 --mode train_step --warmup 5 --steps 1 --dtype fp32 --seed 42 --device cuda --profile torch --output results/profile/result.json,profiler_trace_kernel,cuda_kernel,torch.profiler.chrome_trace_kernel,"void at::native::elementwise_kernel<128, 2, at::native::gpu_kernel_impl_nocast<at::native::BinaryFunctor<float, float, float, at::native::binary_internal::MulFunctor<float> > >(at::TensorIteratorBase&, at::native::BinaryFunctor<float, float, float, at::native::binary_internal::MulFunctor<float> > const&)::{lambda(int)#1}>(int, at::native::gpu_kernel_impl_nocast<at::native::BinaryFunctor<float, float, float, at::native::binary_internal::MulFunctor<float> > >(at::TensorIteratorBase&, at::native::BinaryFunctor<float, float, float, at::native::binary_internal::MulFunctor<float> > const&)::{lambda(int)#1})",772,,5644.838,local Chrome trace cat=kernel aggregate inside profile/measure
xl_b4_ctx256_fp32_train_step,xl,4,256,train_step,fp32,torch.profiler,python profiling/benchmark.py --model-size xl --batch-size 4 --context-length 256 --mode train_step --warmup 5 --steps 1 --dtype fp32 --seed 42 --device cuda --profile torch --output results/profile/result.json,profiler_trace_kernel,cuda_kernel,torch.profiler.chrome_trace_kernel,"void at::native::elementwise_kernel<128, 2, at::native::gpu_kernel_impl_nocast<at::native::BinaryFunctor<float, float, float, at::native::binary_internal::DivFunctor<float> > >(at::TensorIteratorBase&, at::native::BinaryFunctor<float, float, float, at::native::binary_internal::DivFunctor<float> > const&)::{lambda(int)#1}>(int, at::native::gpu_kernel_impl_nocast<at::native::BinaryFunctor<float, float, float, at::native::binary_internal::DivFunctor<float> > >(at::TensorIteratorBase&, at::native::BinaryFunctor<float, float, float, at::native::binary_internal::DivFunctor<float> > const&)::{lambda(int)#1})",128,,4029.877,local Chrome trace cat=kernel aggregate inside profile/measure
xl_b4_ctx256_fp32_train_step,xl,4,256,train_step,fp32,torch.profiler,python profiling/benchmark.py --model-size xl --batch-size 4 --context-length 256 --mode train_step --warmup 5 --steps 1 --dtype fp32 --seed 42 --device cuda --profile torch --output results/profile/result.json,profiler_trace_kernel,cuda_kernel,torch.profiler.chrome_trace_kernel,sm80_xmma_gemm_f32f32_f32f32_f32_nn_n_tilesize128x32x8_stage3_warpsize2x2x1_ffma_aligna4_alignc4_execute_kernel__5x_cublas,64,,3216.925,local Chrome trace cat=kernel aggregate inside profile/measure
xl_b4_ctx256_fp32_train_step,xl,4,256,train_step,fp32,torch.profiler,python profiling/benchmark.py --model-size xl --batch-size 4 --context-length 256 --mode train_step --warmup 5 --steps 1 --dtype fp32 --seed 42 --device cuda --profile torch --output results/profile/result.json,profiler_trace_kernel,cuda_kernel,torch.profiler.chrome_trace_kernel,void cutlass::Kernel2<cutlass_80_simt_sgemm_256x128_8x4_tn_align1>(cutlass_80_simt_sgemm_256x128_8x4_tn_align1::Params),64,,3212.865,local Chrome trace cat=kernel aggregate inside profile/measure
xl_b4_ctx256_fp32_train_step,xl,4,256,train_step,fp32,torch.profiler,python profiling/benchmark.py --model-size xl --batch-size 4 --context-length 256 --mode train_step --warmup 5 --steps 1 --dtype fp32 --seed 42 --device cuda --profile torch --output results/profile/result.json,profiler_trace_kernel,cuda_kernel,torch.profiler.chrome_trace_kernel,"void at::native::reduce_kernel<512, 1, at::native::ReduceOp<float, at::native::func_wrapper_t<float, at::native::sum_functor<float, float, float>::operator()(at::TensorIterator&)::{lambda(float, float)#1}>, unsigned int, float, 4, 4> >(at::native::ReduceOp<float, at::native::func_wrapper_t<float, at::native::sum_functor<float, float, float>::operator()(at::TensorIterator&)::{lambda(float, float)#1}>, unsigned int, float, 4, 4>)",161,,2147.239,local Chrome trace cat=kernel aggregate inside profile/measure
xl_b4_ctx256_fp32_train_step,xl,4,256,train_step,fp32,torch.profiler,python profiling/benchmark.py --model-size xl --batch-size 4 --context-length 256 --mode train_step --warmup 5 --steps 1 --dtype fp32 --seed 42 --device cuda --profile torch --output results/profile/result.json,profiler_trace_kernel,cuda_kernel,torch.profiler.chrome_trace_kernel,"void at::native::elementwise_kernel<128, 2, at::native::gpu_kernel_impl_nocast<at::native::(anonymous namespace)::where_kernel_impl(at::TensorIterator&)::{lambda()#1}::operator()() const::{lambda()#11}::operator()() const::{lambda(bool, float, float)#1}>(at::TensorIteratorBase&, at::native::(anonymous namespace)::where_kernel_impl(at::TensorIterator&)::{lambda()#1}::operator()() const::{lambda()#11}::operator()() const::{lambda(bool, float, float)#1} const&)::{lambda(int)#1}>(int, at::native::gpu_kernel_impl_nocast<at::native::(anonymous namespace)::where_kernel_impl(at::TensorIterator&)::{lambda()#1}::operator()() const::{lambda()#11}::operator()() const::{lambda(bool, float, float)#1}>(at::TensorIteratorBase&, at::native::(anonymous namespace)::where_kernel_impl(at::TensorIterator&)::{lambda()#1}::operator()() const::{lambda()#11}::operator()() const::{lambda(bool, float, float)#1} const&)::{lambda(int)#1})",64,,1633.072,local Chrome trace cat=kernel aggregate inside profile/measure
xl_b4_ctx256_fp32_train_step,xl,4,256,train_step,fp32,torch.profiler,python profiling/benchmark.py --model-size xl --batch-size 4 --context-length 256 --mode train_step --warmup 5 --steps 1 --dtype fp32 --seed 42 --device cuda --profile torch --output results/profile/result.json,profiler_trace_kernel,cuda_kernel,torch.profiler.chrome_trace_kernel,"void at::native::elementwise_kernel<128, 2, at::native::gpu_kernel_impl_nocast<at::native::CUDAFunctor_add<float> >(at::TensorIteratorBase&, at::native::CUDAFunctor_add<float> const&)::{lambda(int)#1}>(int, at::native::gpu_kernel_impl_nocast<at::native::CUDAFunctor_add<float> >(at::TensorIteratorBase&, at::native::CUDAFunctor_add<float> const&)::{lambda(int)#1})",64,,1613.135,local Chrome trace cat=kernel aggregate inside profile/measure
xl_b4_ctx256_fp32_train_step,xl,4,256,train_step,fp32,torch.profiler,python profiling/benchmark.py --model-size xl --batch-size 4 --context-length 256 --mode train_step --warmup 5 --steps 1 --dtype fp32 --seed 42 --device cuda --profile torch --output results/profile/result.json,profiler_trace_kernel,cuda_kernel,torch.profiler.chrome_trace_kernel,sm80_xmma_gemm_f32f32_f32f32_f32_nt_n_tilesize128x32x8_stage3_warpsize2x2x1_ffma_aligna4_alignc4_execute_kernel__5x_cublas,32,,1570.381,local Chrome trace cat=kernel aggregate inside profile/measure
xl_b4_ctx256_fp32_train_step,xl,4,256,train_step,fp32,torch.profiler,python profiling/benchmark.py --model-size xl --batch-size 4 --context-length 256 --mode train_step --warmup 5 --steps 1 --dtype fp32 --seed 42 --device cuda --profile torch --output results/profile/result.json,profiler_trace_kernel,cuda_kernel,torch.profiler.chrome_trace_kernel,void cutlass::Kernel2<cutlass_80_simt_sgemm_128x128_8x4_nt_align1>(cutlass_80_simt_sgemm_128x128_8x4_nt_align1::Params),32,,1530.13,local Chrome trace cat=kernel aggregate inside profile/measure
xl_b4_ctx256_fp32_train_step,xl,4,256,train_step,fp32,torch.profiler,python profiling/benchmark.py --model-size xl --batch-size 4 --context-length 256 --mode train_step --warmup 5 --steps 1 --dtype fp32 --seed 42 --device cuda --profile torch --output results/profile/result.json,profiler_trace_kernel,cuda_kernel,torch.profiler.chrome_trace_kernel,"void at::native::(anonymous namespace)::CatArrayBatchedCopy<at::native::(anonymous namespace)::OpaqueType<4u>, unsigned int, 4, 64, 64>(at::native::(anonymous namespace)::OpaqueType<4u>*, at::native::(anonymous namespace)::CatArrInputTensorMetadata<at::native::(anonymous namespace)::OpaqueType<4u>, unsigned int, 64, 64>, at::native::(anonymous namespace)::TensorSizeStride<unsigned int, 4u>, int, unsigned int)",96,,1340.879,local Chrome trace cat=kernel aggregate inside profile/measure
xl_b4_ctx256_fp32_train_step,xl,4,256,train_step,fp32,torch.profiler,python profiling/benchmark.py --model-size xl --batch-size 4 --context-length 256 --mode train_step --warmup 5 --steps 1 --dtype fp32 --seed 42 --device cuda --profile torch --output results/profile/result.json,profiler_trace_kernel,cuda_kernel,torch.profiler.chrome_trace_kernel,sm80_xmma_gemm_f32f32_f32f32_f32_nt_n_tilesize64x128x8_stage3_warpsize1x4x1_ffma_aligna4_alignc4_execute_kernel__5x_cublas,1,,1096.309,local Chrome trace cat=kernel aggregate inside profile/measure
xl_b4_ctx256_fp32_train_step,xl,4,256,train_step,fp32,torch.profiler,python profiling/benchmark.py --model-size xl --batch-size 4 --context-length 256 --mode train_step --warmup 5 --steps 1 --dtype fp32 --seed 42 --device cuda --profile torch --output results/profile/result.json,profiler_trace_kernel,cuda_kernel,torch.profiler.chrome_trace_kernel,"void at::native::vectorized_elementwise_kernel<4, at::native::neg_kernel_cuda(at::TensorIteratorBase&)::{lambda()#2}::operator()() const::{lambda()#7}::operator()() const::{lambda(float)#1}, std::array<char*, 2ul> >(int, at::native::neg_kernel_cuda(at::TensorIteratorBase&)::{lambda()#2}::operator()() const::{lambda()#7}::operator()() const::{lambda(float)#1}, std::array<char*, 2ul>)",64,,1059.928,local Chrome trace cat=kernel aggregate inside profile/measure
xl_b4_ctx256_fp32_train_step,xl,4,256,train_step,fp32,torch.profiler,python profiling/benchmark.py --model-size xl --batch-size 4 --context-length 256 --mode train_step --warmup 5 --steps 1 --dtype fp32 --seed 42 --device cuda --profile torch --output results/profile/result.json,profiler_trace_kernel,cuda_kernel,torch.profiler.chrome_trace_kernel,"void at::native::vectorized_elementwise_kernel<4, at::native::BUnaryFunctor<float, float, float, at::native::binary_internal::MulFunctor<float> >, std::array<char*, 2ul> >(int, at::native::BUnaryFunctor<float, float, float, at::native::binary_internal::MulFunctor<float> >, std::array<char*, 2ul>)",64,,1026.644,local Chrome trace cat=kernel aggregate inside profile/measure
xl_b4_ctx256_fp32_train_step,xl,4,256,train_step,fp32,torch.profiler,python profiling/benchmark.py --model-size xl --batch-size 4 --context-length 256 --mode train_step --warmup 5 --steps 1 --dtype fp32 --seed 42 --device cuda --profile torch --output results/profile/result.json,profiler_trace_kernel,cuda_kernel,torch.profiler.chrome_trace_kernel,"void at::native::vectorized_elementwise_kernel<4, at::native::sigmoid_backward_kernel_cuda(at::TensorIteratorBase&)::{lambda()#2}::operator()() const::{lambda()#2}::operator()() const::{lambda(float, float)#1}, std::array<char*, 3ul> >(int, at::native::sigmoid_backward_kernel_cuda(at::TensorIteratorBase&)::{lambda()#2}::operator()() const::{lambda()#2}::operator()() const::{lambda(float, float)#1}, std::array<char*, 3ul>)",32,,989.461,local Chrome trace cat=kernel aggregate inside profile/measure
xl_b4_ctx256_fp32_train_step,xl,4,256,train_step,fp32,torch.profiler,python profiling/benchmark.py --model-size xl --batch-size 4 --context-length 256 --mode train_step --warmup 5 --steps 1 --dtype fp32 --seed 42 --device cuda --profile torch --output results/profile/result.json,profiler_trace_kernel,cuda_kernel,torch.profiler.chrome_trace_kernel,"void at::native::reduce_kernel<512, 1, at::native::ReduceOp<float, at::native::MaxOps<float>, unsigned int, float, 4, 4> >(at::native::ReduceOp<float, at::native::MaxOps<float>, unsigned int, float, 4, 4>)",32,,785.785,local Chrome trace cat=kernel aggregate inside profile/measure
xl_b4_ctx256_fp32_train_step,xl,4,256,train_step,fp32,torch.profiler,python profiling/benchmark.py --model-size xl --batch-size 4 --context-length 256 --mode train_step --warmup 5 --steps 1 --dtype fp32 --seed 42 --device cuda --profile torch --output results/profile/result.json,profiler_trace_kernel,cuda_kernel,torch.profiler.chrome_trace_kernel,"void at::native::reduce_kernel<128, 4, at::native::ReduceOp<float, at::native::func_wrapper_t<float, at::native::sum_functor<float, float, float>::operator()(at::TensorIterator&)::{lambda(float, float)#1}>, unsigned int, float, 4, 4> >(at::native::ReduceOp<float, at::native::func_wrapper_t<float, at::native::sum_functor<float, float, float>::operator()(at::TensorIterator&)::{lambda(float, float)#1}>, unsigned int, float, 4, 4>)",65,,663.384,local Chrome trace cat=kernel aggregate inside profile/measure
xl_b4_ctx256_fp32_train_step,xl,4,256,train_step,fp32,torch.profiler,python profiling/benchmark.py --model-size xl --batch-size 4 --context-length 256 --mode train_step --warmup 5 --steps 1 --dtype fp32 --seed 42 --device cuda --profile torch --output results/profile/result.json,profiler_trace_kernel,cuda_kernel,torch.profiler.chrome_trace_kernel,"void at::native::vectorized_elementwise_kernel<4, at::native::sigmoid_kernel_cuda(at::TensorIteratorBase&)::{lambda()#2}::operator()() const::{lambda()#2}::operator()() const::{lambda(float)#1}, std::array<char*, 2ul> >(int, at::native::sigmoid_kernel_cuda(at::TensorIteratorBase&)::{lambda()#2}::operator()() const::{lambda()#2}::operator()() const::{lambda(float)#1}, std::array<char*, 2ul>)",32,,631.77,local Chrome trace cat=kernel aggregate inside profile/measure
xl_b4_ctx256_fp32_train_step,xl,4,256,train_step,fp32,torch.profiler,python profiling/benchmark.py --model-size xl --batch-size 4 --context-length 256 --mode train_step --warmup 5 --steps 1 --dtype fp32 --seed 42 --device cuda --profile torch --output results/profile/result.json,profiler_trace_kernel,cuda_kernel,torch.profiler.chrome_trace_kernel,"void at::native::elementwise_kernel<128, 2, at::native::gpu_kernel_impl_nocast<at::native::BUnaryFunctor<float, float, float, at::native::binary_internal::MulFunctor<float> > >(at::TensorIteratorBase&, at::native::BUnaryFunctor<float, float, float, at::native::binary_internal::MulFunctor<float> > const&)::{lambda(int)#1}>(int, at::native::gpu_kernel_impl_nocast<at::native::BUnaryFunctor<float, float, float, at::native::binary_internal::MulFunctor<float> > >(at::TensorIteratorBase&, at::native::BUnaryFunctor<float, float, float, at::native::binary_internal::MulFunctor<float> > const&)::{lambda(int)#1})",65,,539.449,local Chrome trace cat=kernel aggregate inside profile/measure
xl_b4_ctx256_fp32_train_step,xl,4,256,train_step,fp32,torch.profiler,python profiling/benchmark.py --model-size xl --batch-size 4 --context-length 256 --mode train_step --warmup 5 --steps 1 --dtype fp32 --seed 42 --device cuda --profile torch --output results/profile/result.json,profiler_trace_kernel,cuda_kernel,torch.profiler.chrome_trace_kernel,"void at::native::vectorized_elementwise_kernel<4, at::native::exp_kernel_cuda(at::TensorIteratorBase&)::{lambda()#2}::operator()() const::{lambda()#2}::operator()() const::{lambda(float)#1}, std::array<char*, 2ul> >(int, at::native::exp_kernel_cuda(at::TensorIteratorBase&)::{lambda()#2}::operator()() const::{lambda()#2}::operator()() const::{lambda(float)#1}, std::array<char*, 2ul>)",32,,525.849,local Chrome trace cat=kernel aggregate inside profile/measure
xl_b4_ctx256_fp32_train_step,xl,4,256,train_step,fp32,torch.profiler,python profiling/benchmark.py --model-size xl --batch-size 4 --context-length 256 --mode train_step --warmup 5 --steps 1 --dtype fp32 --seed 42 --device cuda --profile torch --output results/profile/result.json,profiler_trace_kernel,cuda_kernel,torch.profiler.chrome_trace_kernel,"void at::native::reduce_kernel<512, 1, at::native::ReduceOp<float, at::native::MeanOps<float, float, float, float>, unsigned int, float, 4, 4> >(at::native::ReduceOp<float, at::native::MeanOps<float, float, float, float>, unsigned int, float, 4, 4>)",65,,513.691,local Chrome trace cat=kernel aggregate inside profile/measure
xl_b4_ctx256_fp32_train_step,xl,4,256,train_step,fp32,torch.profiler,python profiling/benchmark.py --model-size xl --batch-size 4 --context-length 256 --mode train_step --warmup 5 --steps 1 --dtype fp32 --seed 42 --device cuda --profile torch --output results/profile/result.json,profiler_trace_kernel,cuda_kernel,torch.profiler.chrome_trace_kernel,"void at::native::elementwise_kernel<128, 2, at::native::gpu_kernel_impl_nocast<at::native::neg_kernel_cuda(at::TensorIteratorBase&)::{lambda()#2}::operator()() const::{lambda()#7}::operator()() const::{lambda(float)#1}>(at::TensorIteratorBase&, at::native::neg_kernel_cuda(at::TensorIteratorBase&)::{lambda()#2}::operator()() const::{lambda()#7}::operator()() const::{lambda(float)#1} const&)::{lambda(int)#1}>(int, at::native::gpu_kernel_impl_nocast<at::native::neg_kernel_cuda(at::TensorIteratorBase&)::{lambda()#2}::operator()() const::{lambda()#7}::operator()() const::{lambda(float)#1}>(at::TensorIteratorBase&, at::native::neg_kernel_cuda(at::TensorIteratorBase&)::{lambda()#2}::operator()() const::{lambda()#7}::operator()() const::{lambda(float)#1} const&)::{lambda(int)#1})",64,,415.037,local Chrome trace cat=kernel aggregate inside profile/measure
xl_b4_ctx256_fp32_train_step,xl,4,256,train_step,fp32,torch.profiler,python profiling/benchmark.py --model-size xl --batch-size 4 --context-length 256 --mode train_step --warmup 5 --steps 1 --dtype fp32 --seed 42 --device cuda --profile torch --output results/profile/result.json,profiler_trace_kernel,cuda_kernel,torch.profiler.chrome_trace_kernel,"void at::native::_scatter_gather_elementwise_kernel<128, 8, at::native::_cuda_scatter_gather_internal_kernel<true, at::native::OpaqueType<4>, long>::operator()<at::native::TensorAssign>(at::TensorIterator&, long, long, long, at::native::TensorAssign const&)::{lambda(int)#1}>(int, at::native::_cuda_scatter_gather_internal_kernel<true, at::native::OpaqueType<4>, long>::operator()<at::native::TensorAssign>(at::TensorIterator&, long, long, long, at::native::TensorAssign const&)::{lambda(int)#1})",32,,269.056,local Chrome trace cat=kernel aggregate inside profile/measure
xl_b4_ctx256_fp32_train_step,xl,4,256,train_step,fp32,torch.profiler,python profiling/benchmark.py --model-size xl --batch-size 4 --context-length 256 --mode train_step --warmup 5 --steps 1 --dtype fp32 --seed 42 --device cuda --profile torch --output results/profile/result.json,profiler_trace_kernel,cuda_kernel,torch.profiler.chrome_trace_kernel,"void at::native::(anonymous namespace)::CatArrayBatchedCopy_vectorized<at::native::(anonymous namespace)::OpaqueType<4u>, unsigned int, 1, 128, 1, 16, 4>(char*, at::native::(anonymous namespace)::CatArrInputTensorMetadata<at::native::(anonymous namespace)::OpaqueType<4u>, unsigned int, 128, 1>, at::native::(anonymous namespace)::TensorSizeStride<unsigned int, 4u>, int, unsigned int)",32,,183.547,local Chrome trace cat=kernel aggregate inside profile/measure
xl_b4_ctx256_fp32_train_step,xl,4,256,train_step,fp32,torch.profiler,python profiling/benchmark.py --model-size xl --batch-size 4 --context-length 256 --mode train_step --warmup 5 --steps 1 --dtype fp32 --seed 42 --device cuda --profile torch --output results/profile/result.json,profiler_trace_kernel,cuda_kernel,torch.profiler.chrome_trace_kernel,"void at::native::vectorized_elementwise_kernel<4, at::native::(anonymous namespace)::pow_tensor_scalar_kernel_impl<float, float>(at::TensorIteratorBase&, float)::{lambda(float)#2}, std::array<char*, 2ul> >(int, at::native::(anonymous namespace)::pow_tensor_scalar_kernel_impl<float, float>(at::TensorIteratorBase&, float)::{lambda(float)#2}, std::array<char*, 2ul>)",65,,95.966,local Chrome trace cat=kernel aggregate inside profile/measure
xl_b4_ctx256_fp32_train_step,xl,4,256,train_step,fp32,torch.profiler,python profiling/benchmark.py --model-size xl --batch-size 4 --context-length 256 --mode train_step --warmup 5 --steps 1 --dtype fp32 --seed 42 --device cuda --profile torch --output results/profile/result.json,profiler_trace_kernel,cuda_kernel,torch.profiler.chrome_trace_kernel,"void at::native::elementwise_kernel<128, 4, at::native::gpu_kernel_impl_nocast<at::native::(anonymous namespace)::CompareFunctor<long> >(at::TensorIteratorBase&, at::native::(anonymous namespace)::CompareFunctor<long> const&)::{lambda(int)#1}>(int, at::native::gpu_kernel_impl_nocast<at::native::(anonymous namespace)::CompareFunctor<long> >(at::TensorIteratorBase&, at::native::(anonymous namespace)::CompareFunctor<long> const&)::{lambda(int)#1})",32,,94.624,local Chrome trace cat=kernel aggregate inside profile/measure
xl_b4_ctx256_fp32_train_step,xl,4,256,train_step,fp32,torch.profiler,python profiling/benchmark.py --model-size xl --batch-size 4 --context-length 256 --mode train_step --warmup 5 --steps 1 --dtype fp32 --seed 42 --device cuda --profile torch --output results/profile/result.json,profiler_trace_kernel,cuda_kernel,torch.profiler.chrome_trace_kernel,"void at::native::vectorized_elementwise_kernel<4, at::native::rsqrt_kernel_cuda(at::TensorIteratorBase&)::{lambda()#2}::operator()() const::{lambda()#2}::operator()() const::{lambda(float)#1}, std::array<char*, 2ul> >(int, at::native::rsqrt_kernel_cuda(at::TensorIteratorBase&)::{lambda()#2}::operator()() const::{lambda()#2}::operator()() const::{lambda(float)#1}, std::array<char*, 2ul>)",65,,89.342,local Chrome trace cat=kernel aggregate inside profile/measure
xl_b4_ctx512_fp32_train_step,xl,4,512,train_step,fp32,torch.profiler,python profiling/benchmark.py --model-size xl --batch-size 4 --context-length 512 --mode train_step --warmup 5 --steps 1 --dtype fp32 --seed 42 --device cuda --profile torch --output results/profile/result.json,profiler_native,annotation,torch.profiler.record_function_cpu_annotation,attention/scores,32,7225.041,10408.375,CPU-side torch.profiler record_function aggregate; paired GPU annotation mirror omitted
xl_b4_ctx512_fp32_train_step,xl,4,512,train_step,fp32,torch.profiler,python profiling/benchmark.py --model-size xl --batch-size 4 --context-length 512 --mode train_step --warmup 5 --steps 1 --dtype fp32 --seed 42 --device cuda --profile torch --output results/profile/result.json,profiler_native,annotation,torch.profiler.record_function_cpu_annotation,attention/softmax,32,5759.537,14019.203,CPU-side torch.profiler record_function aggregate; paired GPU annotation mirror omitted
xl_b4_ctx512_fp32_train_step,xl,4,512,train_step,fp32,torch.profiler,python profiling/benchmark.py --model-size xl --batch-size 4 --context-length 512 --mode train_step --warmup 5 --steps 1 --dtype fp32 --seed 42 --device cuda --profile torch --output results/profile/result.json,profiler_native,annotation,torch.profiler.record_function_cpu_annotation,attention/value,32,8929.313,6619.493,CPU-side torch.profiler record_function aggregate; paired GPU annotation mirror omitted
xl_b4_ctx512_fp32_train_step,xl,4,512,train_step,fp32,torch.profiler,python profiling/benchmark.py --model-size xl --batch-size 4 --context-length 512 --mode train_step --warmup 5 --steps 1 --dtype fp32 --seed 42 --device cuda --profile torch --output results/profile/result.json,profiler_native,annotation,torch.profiler.record_function_cpu_annotation,backward,1,704783.046,1.183,CPU-side torch.profiler record_function aggregate; paired GPU annotation mirror omitted
xl_b4_ctx512_fp32_train_step,xl,4,512,train_step,fp32,torch.profiler,python profiling/benchmark.py --model-size xl --batch-size 4 --context-length 512 --mode train_step --warmup 5 --steps 1 --dtype fp32 --seed 42 --device cuda --profile torch --output results/profile/result.json,profiler_native,annotation,torch.profiler.record_function_cpu_annotation,forward,1,145809.782,335843.914,CPU-side torch.profiler record_function aggregate; paired GPU annotation mirror omitted
xl_b4_ctx512_fp32_train_step,xl,4,512,train_step,fp32,torch.profiler,python profiling/benchmark.py --model-size xl --batch-size 4 --context-length 512 --mode train_step --warmup 5 --steps 1 --dtype fp32 --seed 42 --device cuda --profile torch --output results/profile/result.json,profiler_native,annotation,torch.profiler.record_function_cpu_annotation,optimizer,1,293141.436,173243.243,CPU-side torch.profiler record_function aggregate; paired GPU annotation mirror omitted
xl_b4_ctx512_fp32_train_step,xl,4,512,train_step,fp32,torch.profiler,python profiling/benchmark.py --model-size xl --batch-size 4 --context-length 512 --mode train_step --warmup 5 --steps 1 --dtype fp32 --seed 42 --device cuda --profile torch --output results/profile/result.json,profiler_native,annotation,torch.profiler.record_function_cpu_annotation,profile/measure,1,1176726.98,509595.126,CPU-side torch.profiler record_function aggregate; paired GPU annotation mirror omitted
xl_b4_ctx512_fp32_train_step,xl,4,512,train_step,fp32,torch.profiler,python profiling/benchmark.py --model-size xl --batch-size 4 --context-length 512 --mode train_step --warmup 5 --steps 1 --dtype fp32 --seed 42 --device cuda --profile torch --output results/profile/result.json,profiler_native,annotation,torch.profiler.record_function_cpu_annotation,profile/warmup,1,2232.853,0,CPU-side torch.profiler record_function aggregate; paired GPU annotation mirror omitted
xl_b4_ctx512_fp32_train_step,xl,4,512,train_step,fp32,torch.profiler,python profiling/benchmark.py --model-size xl --batch-size 4 --context-length 512 --mode train_step --warmup 5 --steps 1 --dtype fp32 --seed 42 --device cuda --profile torch --output results/profile/result.json,synchronized_phase_wall,phase_wall,synchronized_wall_clock,backward,1,717794.983,,synchronized wall clock; CUDA time intentionally blank
xl_b4_ctx512_fp32_train_step,xl,4,512,train_step,fp32,torch.profiler,python profiling/benchmark.py --model-size xl --batch-size 4 --context-length 512 --mode train_step --warmup 5 --steps 1 --dtype fp32 --seed 42 --device cuda --profile torch --output results/profile/result.json,synchronized_phase_wall,phase_wall,synchronized_wall_clock,forward,1,331313.568,,synchronized wall clock; CUDA time intentionally blank
xl_b4_ctx512_fp32_train_step,xl,4,512,train_step,fp32,torch.profiler,python profiling/benchmark.py --model-size xl --batch-size 4 --context-length 512 --mode train_step --warmup 5 --steps 1 --dtype fp32 --seed 42 --device cuda --profile torch --output results/profile/result.json,synchronized_phase_wall,phase_wall,synchronized_wall_clock,loss,1,79.1359991,,synchronized wall clock; CUDA time intentionally blank
xl_b4_ctx512_fp32_train_step,xl,4,512,train_step,fp32,torch.profiler,python profiling/benchmark.py --model-size xl --batch-size 4 --context-length 512 --mode train_step --warmup 5 --steps 1 --dtype fp32 --seed 42 --device cuda --profile torch --output results/profile/result.json,synchronized_phase_wall,phase_wall,synchronized_wall_clock,optimizer,1,124326.53,,synchronized wall clock; CUDA time intentionally blank
xl_b4_ctx512_fp32_train_step,xl,4,512,train_step,fp32,torch.profiler,python profiling/benchmark.py --model-size xl --batch-size 4 --context-length 512 --mode train_step --warmup 5 --steps 1 --dtype fp32 --seed 42 --device cuda --profile torch --output results/profile/result.json,synchronized_phase_wall,phase_wall,synchronized_wall_clock,total,1,1174698.42,,synchronized wall clock; CUDA time intentionally blank
xl_b4_ctx512_fp32_train_step,xl,4,512,train_step,fp32,torch.profiler,python profiling/benchmark.py --model-size xl --batch-size 4 --context-length 512 --mode train_step --warmup 5 --steps 1 --dtype fp32 --seed 42 --device cuda --profile torch --output results/profile/result.json,synchronized_phase_wall,phase_wall,synchronized_wall_clock,zero_grad,1,1083.19998,,synchronized wall clock; CUDA time intentionally blank
xl_b4_ctx512_fp32_train_step,xl,4,512,train_step,fp32,torch.profiler,python profiling/benchmark.py --model-size xl --batch-size 4 --context-length 512 --mode train_step --warmup 5 --steps 1 --dtype fp32 --seed 42 --device cuda --profile torch --output results/profile/result.json,profiler_native,operator,torch.profiler.key_averages,aten::bmm,867,202623.02,915009.835,torch.profiler native aggregate
xl_b4_ctx512_fp32_train_step,xl,4,512,train_step,fp32,torch.profiler,python profiling/benchmark.py --model-size xl --batch-size 4 --context-length 512 --mode train_step --warmup 5 --steps 1 --dtype fp32 --seed 42 --device cuda --profile torch --output results/profile/result.json,profiler_native,operator,torch.profiler.key_averages,autograd::engine::evaluate_function: BmmBackward0,289,194607.424,615913.273,torch.profiler native aggregate
xl_b4_ctx512_fp32_train_step,xl,4,512,train_step,fp32,torch.profiler,python profiling/benchmark.py --model-size xl --batch-size 4 --context-length 512 --mode train_step --warmup 5 --steps 1 --dtype fp32 --seed 42 --device cuda --profile torch --output results/profile/result.json,profiler_native,operator,torch.profiler.key_averages,BmmBackward0,289,192524.004,615913.273,torch.profiler native aggregate
xl_b4_ctx512_fp32_train_step,xl,4,512,train_step,fp32,torch.profiler,python profiling/benchmark.py --model-size xl --batch-size 4 --context-length 512 --mode train_step --warmup 5 --steps 1 --dtype fp32 --seed 42 --device cuda --profile torch --output results/profile/result.json,profiler_native,operator,torch.profiler.key_averages,aten::einsum,289,32432.523,299939.898,torch.profiler native aggregate
xl_b4_ctx512_fp32_train_step,xl,4,512,train_step,fp32,torch.profiler,python profiling/benchmark.py --model-size xl --batch-size 4 --context-length 512 --mode train_step --warmup 5 --steps 1 --dtype fp32 --seed 42 --device cuda --profile torch --output results/profile/result.json,profiler_native,operator,torch.profiler.key_averages,void cutlass::Kernel2<cutlass_80_simt_sgemm_256x128_8x4_nn_align1>(cutlass_80_simt_sgemm_256x128_8x4_nn_align1::Params),97,0,216868.421,torch.profiler native aggregate
xl_b4_ctx512_fp32_train_step,xl,4,512,train_step,fp32,torch.profiler,python profiling/benchmark.py --model-size xl --batch-size 4 --context-length 512 --mode train_step --warmup 5 --steps 1 --dtype fp32 --seed 42 --device cuda --profile torch --output results/profile/result.json,profiler_native,operator,torch.profiler.key_averages,sm80_xmma_gemm_f32f32_f32f32_f32_tn_n_tilesize128x128x8_stage3_warpsize2x2x1_ffma_aligna4_alignc4_execute_kernel__5x_cublas,161,0,215677.451,torch.profiler native aggregate
xl_b4_ctx512_fp32_train_step,xl,4,512,train_step,fp32,torch.profiler,python profiling/benchmark.py --model-size xl --batch-size 4 --context-length 512 --mode train_step --warmup 5 --steps 1 --dtype fp32 --seed 42 --device cuda --profile torch --output results/profile/result.json,profiler_native,operator,torch.profiler.key_averages,void cutlass::Kernel2<cutlass_80_simt_sgemm_256x128_8x4_nt_align1>(cutlass_80_simt_sgemm_256x128_8x4_nt_align1::Params),96,0,212689.713,torch.profiler native aggregate
xl_b4_ctx512_fp32_train_step,xl,4,512,train_step,fp32,torch.profiler,python profiling/benchmark.py --model-size xl --batch-size 4 --context-length 512 --mode train_step --warmup 5 --steps 1 --dtype fp32 --seed 42 --device cuda --profile torch --output results/profile/result.json,profiler_native,operator,torch.profiler.key_averages,Optimizer.step#AdamW.step,1,293087.92,173243.243,torch.profiler native aggregate
xl_b4_ctx512_fp32_train_step,xl,4,512,train_step,fp32,torch.profiler,python profiling/benchmark.py --model-size xl --batch-size 4 --context-length 512 --mode train_step --warmup 5 --steps 1 --dtype fp32 --seed 42 --device cuda --profile torch --output results/profile/result.json,profiler_native,operator,torch.profiler.key_averages,Optimizer.step#AdamW.step,1,0,124322.751,torch.profiler native aggregate
xl_b4_ctx512_fp32_train_step,xl,4,512,train_step,fp32,torch.profiler,python profiling/benchmark.py --model-size xl --batch-size 4 --context-length 512 --mode train_step --warmup 5 --steps 1 --dtype fp32 --seed 42 --device cuda --profile torch --output results/profile/result.json,profiler_native,operator,torch.profiler.key_averages,aten::mul,3165,334196.725,92439.937,torch.profiler native aggregate
xl_b4_ctx512_fp32_train_step,xl,4,512,train_step,fp32,torch.profiler,python profiling/benchmark.py --model-size xl --batch-size 4 --context-length 512 --mode train_step --warmup 5 --steps 1 --dtype fp32 --seed 42 --device cuda --profile torch --output results/profile/result.json,profiler_native,operator,torch.profiler.key_averages,sm80_xmma_gemm_f32f32_f32f32_f32_nn_n_tilesize64x128x8_stage3_warpsize1x4x1_ffma_aligna4_alignc4_execute_kernel__5x_cublas,128,0,85683.178,torch.profiler native aggregate
xl_b4_ctx512_fp32_train_step,xl,4,512,train_step,fp32,torch.profiler,python profiling/benchmark.py --model-size xl --batch-size 4 --context-length 512 --mode train_step --warmup 5 --steps 1 --dtype fp32 --seed 42 --device cuda --profile torch --output results/profile/result.json,profiler_native,operator,torch.profiler.key_averages,void cutlass::Kernel2<cutlass_80_simt_sgemm_128x128_8x4_nt_align1>(cutlass_80_simt_sgemm_128x128_8x4_nt_align1::Params),160,0,81898.295,torch.profiler native aggregate
xl_b4_ctx512_fp32_train_step,xl,4,512,train_step,fp32,torch.profiler,python profiling/benchmark.py --model-size xl --batch-size 4 --context-length 512 --mode train_step --warmup 5 --steps 1 --dtype fp32 --seed 42 --device cuda --profile torch --output results/profile/result.json,profiler_native,operator,torch.profiler.key_averages,sm80_xmma_gemm_f32f32_f32f32_f32_tn_n_tilesize256x64x8_stage3_warpsize2x2x1_ffma_aligna4_alignc4_execute_kernel__5x_cublas,128,0,77169.028,torch.profiler native aggregate
xl_b4_ctx512_fp32_train_step,xl,4,512,train_step,fp32,torch.profiler,python profiling/benchmark.py --model-size xl --batch-size 4 --context-length 512 --mode train_step --warmup 5 --steps 1 --dtype fp32 --seed 42 --device cuda --profile torch --output results/profile/result.json,profiler_native,operator,torch.profiler.key_averages,Command Buffer Full,2942,895184.406,64475.46,torch.profiler native aggregate
xl_b4_ctx512_fp32_train_step,xl,4,512,train_step,fp32,torch.profiler,python profiling/benchmark.py --model-size xl --batch-size 4 --context-length 512 --mode train_step --warmup 5 --steps 1 --dtype fp32 --seed 42 --device cuda --profile torch --output results/profile/result.json,profiler_native,operator,torch.profiler.key_averages,cudaLaunchKernel,8690,677321.647,58852.906,torch.profiler native aggregate
xl_b4_ctx512_fp32_train_step,xl,4,512,train_step,fp32,torch.profiler,python profiling/benchmark.py --model-size xl --batch-size 4 --context-length 512 --mode train_step --warmup 5 --steps 1 --dtype fp32 --seed 42 --device cuda --profile torch --output results/profile/result.json,profiler_native,operator,torch.profiler.key_averages,"void at::native::vectorized_elementwise_kernel<4, at::native::CUDAFunctor_add<float>, std::array<char*, 3ul> >(int, at::native::CUDAFunctor_add<float>, std::array<char*, 3ul>)",1773,0,50480.476,torch.profiler native aggregate
xl_b4_ctx512_fp32_train_step,xl,4,512,train_step,fp32,torch.profiler,python profiling/benchmark.py --model-size xl --batch-size 4 --context-length 512 --mode train_step --warmup 5 --steps 1 --dtype fp32 --seed 42 --device cuda --profile torch --output results/profile/result.json,profiler_native,operator,torch.profiler.key_averages,aten::add,1130,75441.366,42807.755,torch.profiler native aggregate
xl_b4_ctx512_fp32_train_step,xl,4,512,train_step,fp32,torch.profiler,python profiling/benchmark.py --model-size xl --batch-size 4 --context-length 512 --mode train_step --warmup 5 --steps 1 --dtype fp32 --seed 42 --device cuda --profile torch --output results/profile/result.json,profiler_native,operator,torch.profiler.key_averages,"void at::native::vectorized_elementwise_kernel<4, at::native::AUnaryFunctor<float, float, float, at::native::binary_internal::MulFunctor<float> >, std::array<char*, 2ul> >(int, at::native::AUnaryFunctor<float, float, float, at::native::binary_internal::MulFunctor<float> >, std::array<char*, 2ul>)",1876,0,41538.99,torch.profiler native aggregate
xl_b4_ctx512_fp32_train_step,xl,4,512,train_step,fp32,torch.profiler,python profiling/benchmark.py --model-size xl --batch-size 4 --context-length 512 --mode train_step --warmup 5 --steps 1 --dtype fp32 --seed 42 --device cuda --profile torch --output results/profile/result.json,profiler_native,operator,torch.profiler.key_averages,aten::div,548,37105.2,35230.194,torch.profiler native aggregate
xl_b4_ctx512_fp32_train_step,xl,4,512,train_step,fp32,torch.profiler,python profiling/benchmark.py --model-size xl --batch-size 4 --context-length 512 --mode train_step --warmup 5 --steps 1 --dtype fp32 --seed 42 --device cuda --profile torch --output results/profile/result.json,profiler_native,operator,torch.profiler.key_averages,aten::copy_,547,40603.575,30769.144,torch.profiler native aggregate
xl_b4_ctx512_fp32_train_step,xl,4,512,train_step,fp32,torch.profiler,python profiling/benchmark.py --model-size xl --batch-size 4 --context-length 512 --mode train_step --warmup 5 --steps 1 --dtype fp32 --seed 42 --device cuda --profile torch --output results/profile/result.json,profiler_native,operator,torch.profiler.key_averages,"void at::native::elementwise_kernel<128, 2, at::native::gpu_kernel_impl_nocast<at::native::direct_copy_kernel_cuda(at::TensorIteratorBase&)::{lambda()#3}::operator()() const::{lambda()#7}::operator()() const::{lambda(float)#1}>(at::TensorIteratorBase&, at::native::direct_copy_kernel_cuda(at::TensorIteratorBase&)::{lambda()#3}::operator()() const::{lambda()#7}::operator()() const::{lambda(float)#1} const&)::{lambda(int)#1}>(int, at::native::gpu_kernel_impl_nocast<at::native::direct_copy_kernel_cuda(at::TensorIteratorBase&)::{lambda()#3}::operator()() const::{lambda()#7}::operator()() const::{lambda(float)#1}>(at::TensorIteratorBase&, at::native::direct_copy_kernel_cuda(at::TensorIteratorBase&)::{lambda()#3}::operator()() const::{lambda()#7}::operator()() const::{lambda(float)#1} const&)::{lambda(int)#1})",481,0,29761.906,torch.profiler native aggregate
xl_b4_ctx512_fp32_train_step,xl,4,512,train_step,fp32,torch.profiler,python profiling/benchmark.py --model-size xl --batch-size 4 --context-length 512 --mode train_step --warmup 5 --steps 1 --dtype fp32 --seed 42 --device cuda --profile torch --output results/profile/result.json,profiler_native,operator,torch.profiler.key_averages,aten::sub_,582,33201.673,27553.642,torch.profiler native aggregate
xl_b4_ctx512_fp32_train_step,xl,4,512,train_step,fp32,torch.profiler,python profiling/benchmark.py --model-size xl --batch-size 4 --context-length 512 --mode train_step --warmup 5 --steps 1 --dtype fp32 --seed 42 --device cuda --profile torch --output results/profile/result.json,profiler_native,operator,torch.profiler.key_averages,autograd::engine::evaluate_function: torch::autograd::AccumulateGrad,291,26687.558,24927.704,torch.profiler native aggregate
xl_b4_ctx512_fp32_train_step,xl,4,512,train_step,fp32,torch.profiler,python profiling/benchmark.py --model-size xl --batch-size 4 --context-length 512 --mode train_step --warmup 5 --steps 1 --dtype fp32 --seed 42 --device cuda --profile torch --output results/profile/result.json,profiler_native,operator,torch.profiler.key_averages,torch::autograd::AccumulateGrad,291,25656.323,24927.704,torch.profiler native aggregate
xl_b4_ctx512_fp32_train_step,xl,4,512,train_step,fp32,torch.profiler,python profiling/benchmark.py --model-size xl --batch-size 4 --context-length 512 --mode train_step --warmup 5 --steps 1 --dtype fp32 --seed 42 --device cuda --profile torch --output results/profile/result.json,profiler_native,operator,torch.profiler.key_averages,"void at::native::vectorized_elementwise_kernel<4, at::native::BinaryFunctor<float, float, float, at::native::binary_internal::MulFunctor<float> >, std::array<char*, 3ul> >(int, at::native::BinaryFunctor<float, float, float, at::native::binary_internal::MulFunctor<float> >, std::array<char*, 3ul>)",516,0,20557.544,torch.profiler native aggregate
xl_b4_ctx512_fp32_train_step,xl,4,512,train_step,fp32,torch.profiler,python profiling/benchmark.py --model-size xl --batch-size 4 --context-length 512 --mode train_step --warmup 5 --steps 1 --dtype fp32 --seed 42 --device cuda --profile torch --output results/profile/result.json,profiler_native,operator,torch.profiler.key_averages,autograd::engine::evaluate_function: DivBackward0,64,27590.045,19821.78,torch.profiler native aggregate
xl_b4_ctx512_fp32_train_step,xl,4,512,train_step,fp32,torch.profiler,python profiling/benchmark.py --model-size xl --batch-size 4 --context-length 512 --mode train_step --warmup 5 --steps 1 --dtype fp32 --seed 42 --device cuda --profile torch --output results/profile/result.json,profiler_native,operator,torch.profiler.key_averages,autograd::engine::evaluate_function: MulBackward0,450,263705.744,18428.61,torch.profiler native aggregate
xl_b4_ctx512_fp32_train_step,xl,4,512,train_step,fp32,torch.profiler,python profiling/benchmark.py --model-size xl --batch-size 4 --context-length 512 --mode train_step --warmup 5 --steps 1 --dtype fp32 --seed 42 --device cuda --profile torch --output results/profile/result.json,profiler_native,operator,torch.profiler.key_averages,DivBackward0,64,24242.322,18339.566,torch.profiler native aggregate
xl_b4_ctx512_fp32_train_step,xl,4,512,train_step,fp32,torch.profiler,python profiling/benchmark.py --model-size xl --batch-size 4 --context-length 512 --mode train_step --warmup 5 --steps 1 --dtype fp32 --seed 42 --device cuda --profile torch --output results/profile/result.json,profiler_native,operator,torch.profiler.key_averages,"void at::native::elementwise_kernel<128, 2, at::native::gpu_kernel_impl_nocast<at::native::BinaryFunctor<float, float, float, at::native::binary_internal::DivFunctor<float> > >(at::TensorIteratorBase&, at::native::BinaryFunctor<float, float, float, at::native::binary_internal::DivFunctor<float> > const&)::{lambda(int)#1}>(int, at::native::gpu_kernel_impl_nocast<at::native::BinaryFunctor<float, float, float, at::native::binary_internal::DivFunctor<float> > >(at::TensorIteratorBase&, at::native::BinaryFunctor<float, float, float, at::native::binary_internal::DivFunctor<float> > const&)::{lambda(int)#1})",128,0,14974.335,torch.profiler native aggregate
xl_b4_ctx512_fp32_train_step,xl,4,512,train_step,fp32,torch.profiler,python profiling/benchmark.py --model-size xl --batch-size 4 --context-length 512 --mode train_step --warmup 5 --steps 1 --dtype fp32 --seed 42 --device cuda --profile torch --output results/profile/result.json,profiler_native,operator,torch.profiler.key_averages,MulBackward0,450,162799.566,14562.017,torch.profiler native aggregate
xl_b4_ctx512_fp32_train_step,xl,4,512,train_step,fp32,torch.profiler,python profiling/benchmark.py --model-size xl --batch-size 4 --context-length 512 --mode train_step --warmup 5 --steps 1 --dtype fp32 --seed 42 --device cuda --profile torch --output results/profile/result.json,profiler_native,operator,torch.profiler.key_averages,aten::where,128,8962.956,12194.909,torch.profiler native aggregate
xl_b4_ctx512_fp32_train_step,xl,4,512,train_step,fp32,torch.profiler,python profiling/benchmark.py --model-size xl --batch-size 4 --context-length 512 --mode train_step --warmup 5 --steps 1 --dtype fp32 --seed 42 --device cuda --profile torch --output results/profile/result.json,profiler_native,operator,torch.profiler.key_averages,aten::pow,486,23851.738,12054.669,torch.profiler native aggregate
xl_b4_ctx512_fp32_train_step,xl,4,512,train_step,fp32,torch.profiler,python profiling/benchmark.py --model-size xl --batch-size 4 --context-length 512 --mode train_step --warmup 5 --steps 1 --dtype fp32 --seed 42 --device cuda --profile torch --output results/profile/result.json,profiler_native,operator,torch.profiler.key_averages,aten::add_,385,83152.397,11668.364,torch.profiler native aggregate
xl_b4_ctx512_fp32_train_step,xl,4,512,train_step,fp32,torch.profiler,python profiling/benchmark.py --model-size xl --batch-size 4 --context-length 512 --mode train_step --warmup 5 --steps 1 --dtype fp32 --seed 42 --device cuda --profile torch --output results/profile/result.json,profiler_native,operator,torch.profiler.key_averages,sm80_xmma_gemm_f32f32_f32f32_f32_nn_n_tilesize128x32x8_stage3_warpsize2x2x1_ffma_aligna4_alignc4_execute_kernel__5x_cublas,64,0,11540.442,torch.profiler native aggregate
xl_b4_ctx512_fp32_train_step,xl,4,512,train_step,fp32,torch.profiler,python profiling/benchmark.py --model-size xl --batch-size 4 --context-length 512 --mode train_step --warmup 5 --steps 1 --dtype fp32 --seed 42 --device cuda --profile torch --output results/profile/result.json,profiler_native,operator,torch.profiler.key_averages,aten::square,291,17830.044,10514.098,torch.profiler native aggregate
xl_b4_ctx512_fp32_train_step,xl,4,512,train_step,fp32,torch.profiler,python profiling/benchmark.py --model-size xl --batch-size 4 --context-length 512 --mode train_step --warmup 5 --steps 1 --dtype fp32 --seed 42 --device cuda --profile torch --output results/profile/result.json,profiler_native,operator,torch.profiler.key_averages,aten::sqrt,291,16488.815,10489.964,torch.profiler native aggregate
xl_b4_ctx512_fp32_train_step,xl,4,512,train_step,fp32,torch.profiler,python profiling/benchmark.py --model-size xl --batch-size 4 --context-length 512 --mode train_step --warmup 5 --steps 1 --dtype fp32 --seed 42 --device cuda --profile torch --output results/profile/result.json,profiler_native,operator,torch.profiler.key_averages,aten::fill_,681,37918.853,10161.257,torch.profiler native aggregate
xl_b4_ctx512_fp32_train_step,xl,4,512,train_step,fp32,torch.profiler,python profiling/benchmark.py --model-size xl --batch-size 4 --context-length 512 --mode train_step --warmup 5 --steps 1 --dtype fp32 --seed 42 --device cuda --profile torch --output results/profile/result.json,profiler_native,operator,torch.profiler.key_averages,aten::zero_,616,36867.016,10077.989,torch.profiler native aggregate
xl_b4_ctx512_fp32_train_step,xl,4,512,train_step,fp32,torch.profiler,python profiling/benchmark.py --model-size xl --batch-size 4 --context-length 512 --mode train_step --warmup 5 --steps 1 --dtype fp32 --seed 42 --device cuda --profile torch --output results/profile/result.json,profiler_native,operator,torch.profiler.key_averages,"void at::native::vectorized_elementwise_kernel<4, at::native::BinaryFunctor<float, float, float, at::native::binary_internal::DivFunctor<float> >, std::array<char*, 3ul> >(int, at::native::BinaryFunctor<float, float, float, at::native::binary_internal::DivFunctor<float> >, std::array<char*, 3ul>)",291,0,9925.829,torch.profiler native aggregate
xl_b4_ctx512_fp32_train_step,xl,4,512,train_step,fp32,torch.profiler,python profiling/benchmark.py --model-size xl --batch-size 4 --context-length 512 --mode train_step --warmup 5 --steps 1 --dtype fp32 --seed 42 --device cuda --profile torch --output results/profile/result.json,profiler_native,operator,torch.profiler.key_averages,"void at::native::elementwise_kernel<128, 2, at::native::gpu_kernel_impl_nocast<at::native::BinaryFunctor<float, float, float, at::native::binary_internal::MulFunctor<float> > >(at::TensorIteratorBase&, at::native::BinaryFunctor<float, float, float, at::native::binary_internal::MulFunctor<float> > const&)::{lambda(int)#1}>(int, at::native::gpu_kernel_impl_nocast<at::native::BinaryFunctor<float, float, float, at::native::binary_internal::MulFunctor<float> > >(at::TensorIteratorBase&, at::native::BinaryFunctor<float, float, float, at::native::binary_internal::MulFunctor<float> > const&)::{lambda(int)#1})",772,0,9914.105,torch.profiler native aggregate
xl_b4_ctx512_fp32_train_step,xl,4,512,train_step,fp32,torch.profiler,python profiling/benchmark.py --model-size xl --batch-size 4 --context-length 512 --mode train_step --warmup 5 --steps 1 --dtype fp32 --seed 42 --device cuda --profile torch --output results/profile/result.json,profiler_trace_kernel,cuda_kernel,torch.profiler.chrome_trace_kernel,void cutlass::Kernel2<cutlass_80_simt_sgemm_256x128_8x4_nn_align1>(cutlass_80_simt_sgemm_256x128_8x4_nn_align1::Params),97,,216868.421,local Chrome trace cat=kernel aggregate inside profile/measure
xl_b4_ctx512_fp32_train_step,xl,4,512,train_step,fp32,torch.profiler,python profiling/benchmark.py --model-size xl --batch-size 4 --context-length 512 --mode train_step --warmup 5 --steps 1 --dtype fp32 --seed 42 --device cuda --profile torch --output results/profile/result.json,profiler_trace_kernel,cuda_kernel,torch.profiler.chrome_trace_kernel,sm80_xmma_gemm_f32f32_f32f32_f32_tn_n_tilesize128x128x8_stage3_warpsize2x2x1_ffma_aligna4_alignc4_execute_kernel__5x_cublas,161,,215677.451,local Chrome trace cat=kernel aggregate inside profile/measure
xl_b4_ctx512_fp32_train_step,xl,4,512,train_step,fp32,torch.profiler,python profiling/benchmark.py --model-size xl --batch-size 4 --context-length 512 --mode train_step --warmup 5 --steps 1 --dtype fp32 --seed 42 --device cuda --profile torch --output results/profile/result.json,profiler_trace_kernel,cuda_kernel,torch.profiler.chrome_trace_kernel,void cutlass::Kernel2<cutlass_80_simt_sgemm_256x128_8x4_nt_align1>(cutlass_80_simt_sgemm_256x128_8x4_nt_align1::Params),96,,212689.713,local Chrome trace cat=kernel aggregate inside profile/measure
xl_b4_ctx512_fp32_train_step,xl,4,512,train_step,fp32,torch.profiler,python profiling/benchmark.py --model-size xl --batch-size 4 --context-length 512 --mode train_step --warmup 5 --steps 1 --dtype fp32 --seed 42 --device cuda --profile torch --output results/profile/result.json,profiler_trace_kernel,cuda_kernel,torch.profiler.chrome_trace_kernel,sm80_xmma_gemm_f32f32_f32f32_f32_nn_n_tilesize64x128x8_stage3_warpsize1x4x1_ffma_aligna4_alignc4_execute_kernel__5x_cublas,128,,85683.178,local Chrome trace cat=kernel aggregate inside profile/measure
xl_b4_ctx512_fp32_train_step,xl,4,512,train_step,fp32,torch.profiler,python profiling/benchmark.py --model-size xl --batch-size 4 --context-length 512 --mode train_step --warmup 5 --steps 1 --dtype fp32 --seed 42 --device cuda --profile torch --output results/profile/result.json,profiler_trace_kernel,cuda_kernel,torch.profiler.chrome_trace_kernel,void cutlass::Kernel2<cutlass_80_simt_sgemm_128x128_8x4_nt_align1>(cutlass_80_simt_sgemm_128x128_8x4_nt_align1::Params),160,,81898.295,local Chrome trace cat=kernel aggregate inside profile/measure
xl_b4_ctx512_fp32_train_step,xl,4,512,train_step,fp32,torch.profiler,python profiling/benchmark.py --model-size xl --batch-size 4 --context-length 512 --mode train_step --warmup 5 --steps 1 --dtype fp32 --seed 42 --device cuda --profile torch --output results/profile/result.json,profiler_trace_kernel,cuda_kernel,torch.profiler.chrome_trace_kernel,sm80_xmma_gemm_f32f32_f32f32_f32_tn_n_tilesize256x64x8_stage3_warpsize2x2x1_ffma_aligna4_alignc4_execute_kernel__5x_cublas,128,,77169.028,local Chrome trace cat=kernel aggregate inside profile/measure
xl_b4_ctx512_fp32_train_step,xl,4,512,train_step,fp32,torch.profiler,python profiling/benchmark.py --model-size xl --batch-size 4 --context-length 512 --mode train_step --warmup 5 --steps 1 --dtype fp32 --seed 42 --device cuda --profile torch --output results/profile/result.json,profiler_trace_kernel,cuda_kernel,torch.profiler.chrome_trace_kernel,"void at::native::vectorized_elementwise_kernel<4, at::native::CUDAFunctor_add<float>, std::array<char*, 3ul> >(int, at::native::CUDAFunctor_add<float>, std::array<char*, 3ul>)",1773,,50480.476,local Chrome trace cat=kernel aggregate inside profile/measure
xl_b4_ctx512_fp32_train_step,xl,4,512,train_step,fp32,torch.profiler,python profiling/benchmark.py --model-size xl --batch-size 4 --context-length 512 --mode train_step --warmup 5 --steps 1 --dtype fp32 --seed 42 --device cuda --profile torch --output results/profile/result.json,profiler_trace_kernel,cuda_kernel,torch.profiler.chrome_trace_kernel,"void at::native::vectorized_elementwise_kernel<4, at::native::AUnaryFunctor<float, float, float, at::native::binary_internal::MulFunctor<float> >, std::array<char*, 2ul> >(int, at::native::AUnaryFunctor<float, float, float, at::native::binary_internal::MulFunctor<float> >, std::array<char*, 2ul>)",1876,,41538.99,local Chrome trace cat=kernel aggregate inside profile/measure
xl_b4_ctx512_fp32_train_step,xl,4,512,train_step,fp32,torch.profiler,python profiling/benchmark.py --model-size xl --batch-size 4 --context-length 512 --mode train_step --warmup 5 --steps 1 --dtype fp32 --seed 42 --device cuda --profile torch --output results/profile/result.json,profiler_trace_kernel,cuda_kernel,torch.profiler.chrome_trace_kernel,"void at::native::elementwise_kernel<128, 2, at::native::gpu_kernel_impl_nocast<at::native::direct_copy_kernel_cuda(at::TensorIteratorBase&)::{lambda()#3}::operator()() const::{lambda()#7}::operator()() const::{lambda(float)#1}>(at::TensorIteratorBase&, at::native::direct_copy_kernel_cuda(at::TensorIteratorBase&)::{lambda()#3}::operator()() const::{lambda()#7}::operator()() const::{lambda(float)#1} const&)::{lambda(int)#1}>(int, at::native::gpu_kernel_impl_nocast<at::native::direct_copy_kernel_cuda(at::TensorIteratorBase&)::{lambda()#3}::operator()() const::{lambda()#7}::operator()() const::{lambda(float)#1}>(at::TensorIteratorBase&, at::native::direct_copy_kernel_cuda(at::TensorIteratorBase&)::{lambda()#3}::operator()() const::{lambda()#7}::operator()() const::{lambda(float)#1} const&)::{lambda(int)#1})",481,,29761.906,local Chrome trace cat=kernel aggregate inside profile/measure
xl_b4_ctx512_fp32_train_step,xl,4,512,train_step,fp32,torch.profiler,python profiling/benchmark.py --model-size xl --batch-size 4 --context-length 512 --mode train_step --warmup 5 --steps 1 --dtype fp32 --seed 42 --device cuda --profile torch --output results/profile/result.json,profiler_trace_kernel,cuda_kernel,torch.profiler.chrome_trace_kernel,"void at::native::vectorized_elementwise_kernel<4, at::native::BinaryFunctor<float, float, float, at::native::binary_internal::MulFunctor<float> >, std::array<char*, 3ul> >(int, at::native::BinaryFunctor<float, float, float, at::native::binary_internal::MulFunctor<float> >, std::array<char*, 3ul>)",516,,20557.544,local Chrome trace cat=kernel aggregate inside profile/measure
xl_b4_ctx512_fp32_train_step,xl,4,512,train_step,fp32,torch.profiler,python profiling/benchmark.py --model-size xl --batch-size 4 --context-length 512 --mode train_step --warmup 5 --steps 1 --dtype fp32 --seed 42 --device cuda --profile torch --output results/profile/result.json,profiler_trace_kernel,cuda_kernel,torch.profiler.chrome_trace_kernel,"void at::native::elementwise_kernel<128, 2, at::native::gpu_kernel_impl_nocast<at::native::BinaryFunctor<float, float, float, at::native::binary_internal::DivFunctor<float> > >(at::TensorIteratorBase&, at::native::BinaryFunctor<float, float, float, at::native::binary_internal::DivFunctor<float> > const&)::{lambda(int)#1}>(int, at::native::gpu_kernel_impl_nocast<at::native::BinaryFunctor<float, float, float, at::native::binary_internal::DivFunctor<float> > >(at::TensorIteratorBase&, at::native::BinaryFunctor<float, float, float, at::native::binary_internal::DivFunctor<float> > const&)::{lambda(int)#1})",128,,14974.335,local Chrome trace cat=kernel aggregate inside profile/measure
xl_b4_ctx512_fp32_train_step,xl,4,512,train_step,fp32,torch.profiler,python profiling/benchmark.py --model-size xl --batch-size 4 --context-length 512 --mode train_step --warmup 5 --steps 1 --dtype fp32 --seed 42 --device cuda --profile torch --output results/profile/result.json,profiler_trace_kernel,cuda_kernel,torch.profiler.chrome_trace_kernel,sm80_xmma_gemm_f32f32_f32f32_f32_nn_n_tilesize128x32x8_stage3_warpsize2x2x1_ffma_aligna4_alignc4_execute_kernel__5x_cublas,64,,11540.442,local Chrome trace cat=kernel aggregate inside profile/measure
xl_b4_ctx512_fp32_train_step,xl,4,512,train_step,fp32,torch.profiler,python profiling/benchmark.py --model-size xl --batch-size 4 --context-length 512 --mode train_step --warmup 5 --steps 1 --dtype fp32 --seed 42 --device cuda --profile torch --output results/profile/result.json,profiler_trace_kernel,cuda_kernel,torch.profiler.chrome_trace_kernel,"void at::native::vectorized_elementwise_kernel<4, at::native::BinaryFunctor<float, float, float, at::native::binary_internal::DivFunctor<float> >, std::array<char*, 3ul> >(int, at::native::BinaryFunctor<float, float, float, at::native::binary_internal::DivFunctor<float> >, std::array<char*, 3ul>)",291,,9925.829,local Chrome trace cat=kernel aggregate inside profile/measure
xl_b4_ctx512_fp32_train_step,xl,4,512,train_step,fp32,torch.profiler,python profiling/benchmark.py --model-size xl --batch-size 4 --context-length 512 --mode train_step --warmup 5 --steps 1 --dtype fp32 --seed 42 --device cuda --profile torch --output results/profile/result.json,profiler_trace_kernel,cuda_kernel,torch.profiler.chrome_trace_kernel,"void at::native::elementwise_kernel<128, 2, at::native::gpu_kernel_impl_nocast<at::native::BinaryFunctor<float, float, float, at::native::binary_internal::MulFunctor<float> > >(at::TensorIteratorBase&, at::native::BinaryFunctor<float, float, float, at::native::binary_internal::MulFunctor<float> > const&)::{lambda(int)#1}>(int, at::native::gpu_kernel_impl_nocast<at::native::BinaryFunctor<float, float, float, at::native::binary_internal::MulFunctor<float> > >(at::TensorIteratorBase&, at::native::BinaryFunctor<float, float, float, at::native::binary_internal::MulFunctor<float> > const&)::{lambda(int)#1})",772,,9914.105,local Chrome trace cat=kernel aggregate inside profile/measure
xl_b4_ctx512_fp32_train_step,xl,4,512,train_step,fp32,torch.profiler,python profiling/benchmark.py --model-size xl --batch-size 4 --context-length 512 --mode train_step --warmup 5 --steps 1 --dtype fp32 --seed 42 --device cuda --profile torch --output results/profile/result.json,profiler_trace_kernel,cuda_kernel,torch.profiler.chrome_trace_kernel,"void at::native::vectorized_elementwise_kernel<4, at::native::FillFunctor<float>, std::array<char*, 1ul> >(int, at::native::FillFunctor<float>, std::array<char*, 1ul>)",681,,7718.851,local Chrome trace cat=kernel aggregate inside profile/measure
xl_b4_ctx512_fp32_train_step,xl,4,512,train_step,fp32,torch.profiler,python profiling/benchmark.py --model-size xl --batch-size 4 --context-length 512 --mode train_step --warmup 5 --steps 1 --dtype fp32 --seed 42 --device cuda --profile torch --output results/profile/result.json,profiler_trace_kernel,cuda_kernel,torch.profiler.chrome_trace_kernel,"void at::native::vectorized_elementwise_kernel<4, at::native::(anonymous namespace)::pow_tensor_scalar_kernel_impl<float, float>(at::TensorIteratorBase&, float)::{lambda(float)#1}, std::array<char*, 2ul> >(int, at::native::(anonymous namespace)::pow_tensor_scalar_kernel_impl<float, float>(at::TensorIteratorBase&, float)::{lambda(float)#1}, std::array<char*, 2ul>)",356,,7542.113,local Chrome trace cat=kernel aggregate inside profile/measure
xl_b4_ctx512_fp32_train_step,xl,4,512,train_step,fp32,torch.profiler,python profiling/benchmark.py --model-size xl --batch-size 4 --context-length 512 --mode train_step --warmup 5 --steps 1 --dtype fp32 --seed 42 --device cuda --profile torch --output results/profile/result.json,profiler_trace_kernel,cuda_kernel,torch.profiler.chrome_trace_kernel,"void at::native::vectorized_elementwise_kernel<4, at::native::sqrt_kernel_cuda(at::TensorIteratorBase&)::{lambda()#2}::operator()() const::{lambda()#2}::operator()() const::{lambda(float)#1}, std::array<char*, 2ul> >(int, at::native::sqrt_kernel_cuda(at::TensorIteratorBase&)::{lambda()#2}::operator()() const::{lambda()#2}::operator()() const::{lambda(float)#1}, std::array<char*, 2ul>)",291,,6990.521,local Chrome trace cat=kernel aggregate inside profile/measure
xl_b4_ctx512_fp32_train_step,xl,4,512,train_step,fp32,torch.profiler,python profiling/benchmark.py --model-size xl --batch-size 4 --context-length 512 --mode train_step --warmup 5 --steps 1 --dtype fp32 --seed 42 --device cuda --profile torch --output results/profile/result.json,profiler_trace_kernel,cuda_kernel,torch.profiler.chrome_trace_kernel,"void at::native::vectorized_elementwise_kernel<4, at::native::CUDAFunctorOnSelf_add<float>, std::array<char*, 2ul> >(int, at::native::CUDAFunctorOnSelf_add<float>, std::array<char*, 2ul>)",356,,6732.548,local Chrome trace cat=kernel aggregate inside profile/measure
xl_b4_ctx512_fp32_train_step,xl,4,512,train_step,fp32,torch.profiler,python profiling/benchmark.py --model-size xl --batch-size 4 --context-length 512 --mode train_step --warmup 5 --steps 1 --dtype fp32 --seed 42 --device cuda --profile torch --output results/profile/result.json,profiler_trace_kernel,cuda_kernel,torch.profiler.chrome_trace_kernel,"void at::native::elementwise_kernel<128, 2, at::native::gpu_kernel_impl_nocast<at::native::CUDAFunctor_add<float> >(at::TensorIteratorBase&, at::native::CUDAFunctor_add<float> const&)::{lambda(int)#1}>(int, at::native::gpu_kernel_impl_nocast<at::native::CUDAFunctor_add<float> >(at::TensorIteratorBase&, at::native::CUDAFunctor_add<float> const&)::{lambda(int)#1})",64,,6453.126,local Chrome trace cat=kernel aggregate inside profile/measure
xl_b4_ctx512_fp32_train_step,xl,4,512,train_step,fp32,torch.profiler,python profiling/benchmark.py --model-size xl --batch-size 4 --context-length 512 --mode train_step --warmup 5 --steps 1 --dtype fp32 --seed 42 --device cuda --profile torch --output results/profile/result.json,profiler_trace_kernel,cuda_kernel,torch.profiler.chrome_trace_kernel,"void at::native::elementwise_kernel<128, 2, at::native::gpu_kernel_impl_nocast<at::native::(anonymous namespace)::where_kernel_impl(at::TensorIterator&)::{lambda()#1}::operator()() const::{lambda()#11}::operator()() const::{lambda(bool, float, float)#1}>(at::TensorIteratorBase&, at::native::(anonymous namespace)::where_kernel_impl(at::TensorIterator&)::{lambda()#1}::operator()() const::{lambda()#11}::operator()() const::{lambda(bool, float, float)#1} const&)::{lambda(int)#1}>(int, at::native::gpu_kernel_impl_nocast<at::native::(anonymous namespace)::where_kernel_impl(at::TensorIterator&)::{lambda()#1}::operator()() const::{lambda()#11}::operator()() const::{lambda(bool, float, float)#1}>(at::TensorIteratorBase&, at::native::(anonymous namespace)::where_kernel_impl(at::TensorIterator&)::{lambda()#1}::operator()() const::{lambda()#11}::operator()() const::{lambda(bool, float, float)#1} const&)::{lambda(int)#1})",64,,6056.412,local Chrome trace cat=kernel aggregate inside profile/measure
xl_b4_ctx512_fp32_train_step,xl,4,512,train_step,fp32,torch.profiler,python profiling/benchmark.py --model-size xl --batch-size 4 --context-length 512 --mode train_step --warmup 5 --steps 1 --dtype fp32 --seed 42 --device cuda --profile torch --output results/profile/result.json,profiler_trace_kernel,cuda_kernel,torch.profiler.chrome_trace_kernel,"void at::native::reduce_kernel<512, 1, at::native::ReduceOp<float, at::native::func_wrapper_t<float, at::native::sum_functor<float, float, float>::operator()(at::TensorIterator&)::{lambda(float, float)#1}>, unsigned int, float, 4, 4> >(at::native::ReduceOp<float, at::native::func_wrapper_t<float, at::native::sum_functor<float, float, float>::operator()(at::TensorIterator&)::{lambda(float, float)#1}>, unsigned int, float, 4, 4>)",161,,5504.754,local Chrome trace cat=kernel aggregate inside profile/measure
xl_b4_ctx512_fp32_train_step,xl,4,512,train_step,fp32,torch.profiler,python profiling/benchmark.py --model-size xl --batch-size 4 --context-length 512 --mode train_step --warmup 5 --steps 1 --dtype fp32 --seed 42 --device cuda --profile torch --output results/profile/result.json,profiler_trace_kernel,cuda_kernel,torch.profiler.chrome_trace_kernel,sm80_xmma_gemm_f32f32_f32f32_f32_nt_n_tilesize128x32x8_stage3_warpsize2x2x1_ffma_aligna4_alignc4_execute_kernel__5x_cublas,32,,5397.049,local Chrome trace cat=kernel aggregate inside profile/measure
xl_b4_ctx512_fp32_train_step,xl,4,512,train_step,fp32,torch.profiler,python profiling/benchmark.py --model-size xl --batch-size 4 --context-length 512 --mode train_step --warmup 5 --steps 1 --dtype fp32 --seed 42 --device cuda --profile torch --output results/profile/result.json,profiler_trace_kernel,cuda_kernel,torch.profiler.chrome_trace_kernel,"void at::native::vectorized_elementwise_kernel<4, at::native::BUnaryFunctor<float, float, float, at::native::binary_internal::MulFunctor<float> >, std::array<char*, 2ul> >(int, at::native::BUnaryFunctor<float, float, float, at::native::binary_internal::MulFunctor<float> >, std::array<char*, 2ul>)",64,,4166.548,local Chrome trace cat=kernel aggregate inside profile/measure
xl_b4_ctx512_fp32_train_step,xl,4,512,train_step,fp32,torch.profiler,python profiling/benchmark.py --model-size xl --batch-size 4 --context-length 512 --mode train_step --warmup 5 --steps 1 --dtype fp32 --seed 42 --device cuda --profile torch --output results/profile/result.json,profiler_trace_kernel,cuda_kernel,torch.profiler.chrome_trace_kernel,"void at::native::vectorized_elementwise_kernel<4, at::native::neg_kernel_cuda(at::TensorIteratorBase&)::{lambda()#2}::operator()() const::{lambda()#7}::operator()() const::{lambda(float)#1}, std::array<char*, 2ul> >(int, at::native::neg_kernel_cuda(at::TensorIteratorBase&)::{lambda()#2}::operator()() const::{lambda()#7}::operator()() const::{lambda(float)#1}, std::array<char*, 2ul>)",64,,4076.08,local Chrome trace cat=kernel aggregate inside profile/measure
xl_b4_ctx512_fp32_train_step,xl,4,512,train_step,fp32,torch.profiler,python profiling/benchmark.py --model-size xl --batch-size 4 --context-length 512 --mode train_step --warmup 5 --steps 1 --dtype fp32 --seed 42 --device cuda --profile torch --output results/profile/result.json,profiler_trace_kernel,cuda_kernel,torch.profiler.chrome_trace_kernel,"void at::native::(anonymous namespace)::CatArrayBatchedCopy<at::native::(anonymous namespace)::OpaqueType<4u>, unsigned int, 4, 64, 64>(at::native::(anonymous namespace)::OpaqueType<4u>*, at::native::(anonymous namespace)::CatArrInputTensorMetadata<at::native::(anonymous namespace)::OpaqueType<4u>, unsigned int, 64, 64>, at::native::(anonymous namespace)::TensorSizeStride<unsigned int, 4u>, int, unsigned int)",96,,2462.866,local Chrome trace cat=kernel aggregate inside profile/measure
xl_b4_ctx512_fp32_train_step,xl,4,512,train_step,fp32,torch.profiler,python profiling/benchmark.py --model-size xl --batch-size 4 --context-length 512 --mode train_step --warmup 5 --steps 1 --dtype fp32 --seed 42 --device cuda --profile torch --output results/profile/result.json,profiler_trace_kernel,cuda_kernel,torch.profiler.chrome_trace_kernel,void cutlass::Kernel2<cutlass_80_simt_sgemm_128x256_8x4_nt_align1>(cutlass_80_simt_sgemm_128x256_8x4_nt_align1::Params),1,,2061.994,local Chrome trace cat=kernel aggregate inside profile/measure
xl_b4_ctx512_fp32_train_step,xl,4,512,train_step,fp32,torch.profiler,python profiling/benchmark.py --model-size xl --batch-size 4 --context-length 512 --mode train_step --warmup 5 --steps 1 --dtype fp32 --seed 42 --device cuda --profile torch --output results/profile/result.json,profiler_trace_kernel,cuda_kernel,torch.profiler.chrome_trace_kernel,"void at::native::reduce_kernel<512, 1, at::native::ReduceOp<float, at::native::MaxOps<float>, unsigned int, float, 4, 4> >(at::native::ReduceOp<float, at::native::MaxOps<float>, unsigned int, float, 4, 4>)",32,,2049.068,local Chrome trace cat=kernel aggregate inside profile/measure
xl_b4_ctx512_fp32_train_step,xl,4,512,train_step,fp32,torch.profiler,python profiling/benchmark.py --model-size xl --batch-size 4 --context-length 512 --mode train_step --warmup 5 --steps 1 --dtype fp32 --seed 42 --device cuda --profile torch --output results/profile/result.json,profiler_trace_kernel,cuda_kernel,torch.profiler.chrome_trace_kernel,"void at::native::vectorized_elementwise_kernel<4, at::native::exp_kernel_cuda(at::TensorIteratorBase&)::{lambda()#2}::operator()() const::{lambda()#2}::operator()() const::{lambda(float)#1}, std::array<char*, 2ul> >(int, at::native::exp_kernel_cuda(at::TensorIteratorBase&)::{lambda()#2}::operator()() const::{lambda()#2}::operator()() const::{lambda(float)#1}, std::array<char*, 2ul>)",32,,2023.687,local Chrome trace cat=kernel aggregate inside profile/measure
xl_b4_ctx512_fp32_train_step,xl,4,512,train_step,fp32,torch.profiler,python profiling/benchmark.py --model-size xl --batch-size 4 --context-length 512 --mode train_step --warmup 5 --steps 1 --dtype fp32 --seed 42 --device cuda --profile torch --output results/profile/result.json,profiler_trace_kernel,cuda_kernel,torch.profiler.chrome_trace_kernel,"void at::native::vectorized_elementwise_kernel<4, at::native::sigmoid_backward_kernel_cuda(at::TensorIteratorBase&)::{lambda()#2}::operator()() const::{lambda()#2}::operator()() const::{lambda(float, float)#1}, std::array<char*, 3ul> >(int, at::native::sigmoid_backward_kernel_cuda(at::TensorIteratorBase&)::{lambda()#2}::operator()() const::{lambda()#2}::operator()() const::{lambda(float, float)#1}, std::array<char*, 3ul>)",32,,1919.848,local Chrome trace cat=kernel aggregate inside profile/measure
xl_b4_ctx512_fp32_train_step,xl,4,512,train_step,fp32,torch.profiler,python profiling/benchmark.py --model-size xl --batch-size 4 --context-length 512 --mode train_step --warmup 5 --steps 1 --dtype fp32 --seed 42 --device cuda --profile torch --output results/profile/result.json,profiler_trace_kernel,cuda_kernel,torch.profiler.chrome_trace_kernel,"void at::native::vectorized_elementwise_kernel<4, at::native::sigmoid_kernel_cuda(at::TensorIteratorBase&)::{lambda()#2}::operator()() const::{lambda()#2}::operator()() const::{lambda(float)#1}, std::array<char*, 2ul> >(int, at::native::sigmoid_kernel_cuda(at::TensorIteratorBase&)::{lambda()#2}::operator()() const::{lambda()#2}::operator()() const::{lambda(float)#1}, std::array<char*, 2ul>)",32,,1268.553,local Chrome trace cat=kernel aggregate inside profile/measure
xl_b4_ctx512_fp32_train_step,xl,4,512,train_step,fp32,torch.profiler,python profiling/benchmark.py --model-size xl --batch-size 4 --context-length 512 --mode train_step --warmup 5 --steps 1 --dtype fp32 --seed 42 --device cuda --profile torch --output results/profile/result.json,profiler_trace_kernel,cuda_kernel,torch.profiler.chrome_trace_kernel,"void at::native::elementwise_kernel<128, 2, at::native::gpu_kernel_impl_nocast<at::native::BUnaryFunctor<float, float, float, at::native::binary_internal::MulFunctor<float> > >(at::TensorIteratorBase&, at::native::BUnaryFunctor<float, float, float, at::native::binary_internal::MulFunctor<float> > const&)::{lambda(int)#1}>(int, at::native::gpu_kernel_impl_nocast<at::native::BUnaryFunctor<float, float, float, at::native::binary_internal::MulFunctor<float> > >(at::TensorIteratorBase&, at::native::BUnaryFunctor<float, float, float, at::native::binary_internal::MulFunctor<float> > const&)::{lambda(int)#1})",65,,939.016,local Chrome trace cat=kernel aggregate inside profile/measure
xl_b4_ctx512_fp32_train_step,xl,4,512,train_step,fp32,torch.profiler,python profiling/benchmark.py --model-size xl --batch-size 4 --context-length 512 --mode train_step --warmup 5 --steps 1 --dtype fp32 --seed 42 --device cuda --profile torch --output results/profile/result.json,profiler_trace_kernel,cuda_kernel,torch.profiler.chrome_trace_kernel,"void at::native::reduce_kernel<128, 4, at::native::ReduceOp<float, at::native::func_wrapper_t<float, at::native::sum_functor<float, float, float>::operator()(at::TensorIterator&)::{lambda(float, float)#1}>, unsigned int, float, 4, 4> >(at::native::ReduceOp<float, at::native::func_wrapper_t<float, at::native::sum_functor<float, float, float>::operator()(at::TensorIterator&)::{lambda(float, float)#1}>, unsigned int, float, 4, 4>)",65,,815.168,local Chrome trace cat=kernel aggregate inside profile/measure
xl_b4_ctx512_fp32_train_step,xl,4,512,train_step,fp32,torch.profiler,python profiling/benchmark.py --model-size xl --batch-size 4 --context-length 512 --mode train_step --warmup 5 --steps 1 --dtype fp32 --seed 42 --device cuda --profile torch --output results/profile/result.json,profiler_trace_kernel,cuda_kernel,torch.profiler.chrome_trace_kernel,"void at::native::elementwise_kernel<128, 2, at::native::gpu_kernel_impl_nocast<at::native::neg_kernel_cuda(at::TensorIteratorBase&)::{lambda()#2}::operator()() const::{lambda()#7}::operator()() const::{lambda(float)#1}>(at::TensorIteratorBase&, at::native::neg_kernel_cuda(at::TensorIteratorBase&)::{lambda()#2}::operator()() const::{lambda()#7}::operator()() const::{lambda(float)#1} const&)::{lambda(int)#1}>(int, at::native::gpu_kernel_impl_nocast<at::native::neg_kernel_cuda(at::TensorIteratorBase&)::{lambda()#2}::operator()() const::{lambda()#7}::operator()() const::{lambda(float)#1}>(at::TensorIteratorBase&, at::native::neg_kernel_cuda(at::TensorIteratorBase&)::{lambda()#2}::operator()() const::{lambda()#7}::operator()() const::{lambda(float)#1} const&)::{lambda(int)#1})",64,,673.22,local Chrome trace cat=kernel aggregate inside profile/measure
xl_b4_ctx512_fp32_train_step,xl,4,512,train_step,fp32,torch.profiler,python profiling/benchmark.py --model-size xl --batch-size 4 --context-length 512 --mode train_step --warmup 5 --steps 1 --dtype fp32 --seed 42 --device cuda --profile torch --output results/profile/result.json,profiler_trace_kernel,cuda_kernel,torch.profiler.chrome_trace_kernel,"void at::native::reduce_kernel<512, 1, at::native::ReduceOp<float, at::native::MeanOps<float, float, float, float>, unsigned int, float, 4, 4> >(at::native::ReduceOp<float, at::native::MeanOps<float, float, float, float>, unsigned int, float, 4, 4>)",65,,602.978,local Chrome trace cat=kernel aggregate inside profile/measure
xl_b4_ctx512_fp32_train_step,xl,4,512,train_step,fp32,torch.profiler,python profiling/benchmark.py --model-size xl --batch-size 4 --context-length 512 --mode train_step --warmup 5 --steps 1 --dtype fp32 --seed 42 --device cuda --profile torch --output results/profile/result.json,profiler_trace_kernel,cuda_kernel,torch.profiler.chrome_trace_kernel,"void at::native::(anonymous namespace)::CatArrayBatchedCopy_vectorized<at::native::(anonymous namespace)::OpaqueType<4u>, unsigned int, 1, 128, 1, 16, 4>(char*, at::native::(anonymous namespace)::CatArrInputTensorMetadata<at::native::(anonymous namespace)::OpaqueType<4u>, unsigned int, 128, 1>, at::native::(anonymous namespace)::TensorSizeStride<unsigned int, 4u>, int, unsigned int)",32,,352.128,local Chrome trace cat=kernel aggregate inside profile/measure
xl_b4_ctx512_fp32_train_step,xl,4,512,train_step,fp32,torch.profiler,python profiling/benchmark.py --model-size xl --batch-size 4 --context-length 512 --mode train_step --warmup 5 --steps 1 --dtype fp32 --seed 42 --device cuda --profile torch --output results/profile/result.json,profiler_trace_kernel,cuda_kernel,torch.profiler.chrome_trace_kernel,"void at::native::_scatter_gather_elementwise_kernel<128, 8, at::native::_cuda_scatter_gather_internal_kernel<true, at::native::OpaqueType<4>, long>::operator()<at::native::TensorAssign>(at::TensorIterator&, long, long, long, at::native::TensorAssign const&)::{lambda(int)#1}>(int, at::native::_cuda_scatter_gather_internal_kernel<true, at::native::OpaqueType<4>, long>::operator()<at::native::TensorAssign>(at::TensorIterator&, long, long, long, at::native::TensorAssign const&)::{lambda(int)#1})",32,,335.358,local Chrome trace cat=kernel aggregate inside profile/measure
xl_b4_ctx512_fp32_train_step,xl,4,512,train_step,fp32,torch.profiler,python profiling/benchmark.py --model-size xl --batch-size 4 --context-length 512 --mode train_step --warmup 5 --steps 1 --dtype fp32 --seed 42 --device cuda --profile torch --output results/profile/result.json,profiler_trace_kernel,cuda_kernel,torch.profiler.chrome_trace_kernel,"void at::native::vectorized_elementwise_kernel<4, at::native::(anonymous namespace)::pow_tensor_scalar_kernel_impl<float, float>(at::TensorIteratorBase&, float)::{lambda(float)#2}, std::array<char*, 2ul> >(int, at::native::(anonymous namespace)::pow_tensor_scalar_kernel_impl<float, float>(at::TensorIteratorBase&, float)::{lambda(float)#2}, std::array<char*, 2ul>)",65,,110.68,local Chrome trace cat=kernel aggregate inside profile/measure
xl_b4_ctx512_fp32_train_step,xl,4,512,train_step,fp32,torch.profiler,python profiling/benchmark.py --model-size xl --batch-size 4 --context-length 512 --mode train_step --warmup 5 --steps 1 --dtype fp32 --seed 42 --device cuda --profile torch --output results/profile/result.json,profiler_trace_kernel,cuda_kernel,torch.profiler.chrome_trace_kernel,"void at::native::elementwise_kernel<128, 4, at::native::gpu_kernel_impl_nocast<at::native::(anonymous namespace)::CompareFunctor<long> >(at::TensorIteratorBase&, at::native::(anonymous namespace)::CompareFunctor<long> const&)::{lambda(int)#1}>(int, at::native::gpu_kernel_impl_nocast<at::native::(anonymous namespace)::CompareFunctor<long> >(at::TensorIteratorBase&, at::native::(anonymous namespace)::CompareFunctor<long> const&)::{lambda(int)#1})",32,,104.223,local Chrome trace cat=kernel aggregate inside profile/measure
xl_b4_ctx512_fp32_train_step,xl,4,512,train_step,fp32,torch.profiler,python profiling/benchmark.py --model-size xl --batch-size 4 --context-length 512 --mode train_step --warmup 5 --steps 1 --dtype fp32 --seed 42 --device cuda --profile torch --output results/profile/result.json,profiler_trace_kernel,cuda_kernel,torch.profiler.chrome_trace_kernel,"void at::native::vectorized_elementwise_kernel<4, at::native::rsqrt_kernel_cuda(at::TensorIteratorBase&)::{lambda()#2}::operator()() const::{lambda()#2}::operator()() const::{lambda(float)#1}, std::array<char*, 2ul> >(int, at::native::rsqrt_kernel_cuda(at::TensorIteratorBase&)::{lambda()#2}::operator()() const::{lambda()#2}::operator()() const::{lambda(float)#1}, std::array<char*, 2ul>)",65,,88.867,local Chrome trace cat=kernel aggregate inside profile/measure
xl_b4_ctx512_fp32_train_step,xl,4,512,train_step,fp32,torch.profiler,python profiling/benchmark.py --model-size xl --batch-size 4 --context-length 512 --mode train_step --warmup 5 --steps 1 --dtype fp32 --seed 42 --device cuda --profile torch --output results/profile/result.json,profiler_trace_kernel,cuda_kernel,torch.profiler.chrome_trace_kernel,"void at::native::(anonymous namespace)::cunn_SoftMaxBackwardSmem<4, float, float, float, at::native::(anonymous namespace)::LogSoftMaxBackwardEpilogue>(float*, float const*, float const*, long)",1,,64.576,local Chrome trace cat=kernel aggregate inside profile/measure
xl_b4_ctx1024_fp32_train_step,xl,4,1024,train_step,fp32,torch.profiler,python profiling/benchmark.py --model-size xl --batch-size 4 --context-length 1024 --mode train_step --warmup 5 --steps 1 --dtype fp32 --seed 42 --device cuda --profile torch --output results/profile/result.json,profiler_native,annotation,torch.profiler.record_function_cpu_annotation,attention/scores,32,47486.882,43486.891,CPU-side torch.profiler record_function aggregate; paired GPU annotation mirror omitted
xl_b4_ctx1024_fp32_train_step,xl,4,1024,train_step,fp32,torch.profiler,python profiling/benchmark.py --model-size xl --batch-size 4 --context-length 1024 --mode train_step --warmup 5 --steps 1 --dtype fp32 --seed 42 --device cuda --profile torch --output results/profile/result.json,profiler_native,annotation,torch.profiler.record_function_cpu_annotation,attention/softmax,32,100691.473,61661.003,CPU-side torch.profiler record_function aggregate; paired GPU annotation mirror omitted
xl_b4_ctx1024_fp32_train_step,xl,4,1024,train_step,fp32,torch.profiler,python profiling/benchmark.py --model-size xl --batch-size 4 --context-length 1024 --mode train_step --warmup 5 --steps 1 --dtype fp32 --seed 42 --device cuda --profile torch --output results/profile/result.json,profiler_native,annotation,torch.profiler.record_function_cpu_annotation,attention/value,32,4590.485,23301.051,CPU-side torch.profiler record_function aggregate; paired GPU annotation mirror omitted
xl_b4_ctx1024_fp32_train_step,xl,4,1024,train_step,fp32,torch.profiler,python profiling/benchmark.py --model-size xl --batch-size 4 --context-length 1024 --mode train_step --warmup 5 --steps 1 --dtype fp32 --seed 42 --device cuda --profile torch --output results/profile/result.json,profiler_native,annotation,torch.profiler.record_function_cpu_annotation,backward,1,1536027.54,2.112,CPU-side torch.profiler record_function aggregate; paired GPU annotation mirror omitted
xl_b4_ctx1024_fp32_train_step,xl,4,1024,train_step,fp32,torch.profiler,python profiling/benchmark.py --model-size xl --batch-size 4 --context-length 1024 --mode train_step --warmup 5 --steps 1 --dtype fp32 --seed 42 --device cuda --profile torch --output results/profile/result.json,profiler_native,annotation,torch.profiler.record_function_cpu_annotation,forward,1,279507.839,779867.93,CPU-side torch.profiler record_function aggregate; paired GPU annotation mirror omitted
xl_b4_ctx1024_fp32_train_step,xl,4,1024,train_step,fp32,torch.profiler,python profiling/benchmark.py --model-size xl --batch-size 4 --context-length 1024 --mode train_step --warmup 5 --steps 1 --dtype fp32 --seed 42 --device cuda --profile torch --output results/profile/result.json,profiler_native,annotation,torch.profiler.record_function_cpu_annotation,optimizer,1,471277.978,178658.334,CPU-side torch.profiler record_function aggregate; paired GPU annotation mirror omitted
xl_b4_ctx1024_fp32_train_step,xl,4,1024,train_step,fp32,torch.profiler,python profiling/benchmark.py --model-size xl --batch-size 4 --context-length 1024 --mode train_step --warmup 5 --steps 1 --dtype fp32 --seed 42 --device cuda --profile torch --output results/profile/result.json,profiler_native,annotation,torch.profiler.record_function_cpu_annotation,profile/measure,1,2319429.86,959150.775,CPU-side torch.profiler record_function aggregate; paired GPU annotation mirror omitted
xl_b4_ctx1024_fp32_train_step,xl,4,1024,train_step,fp32,torch.profiler,python profiling/benchmark.py --model-size xl --batch-size 4 --context-length 1024 --mode train_step --warmup 5 --steps 1 --dtype fp32 --seed 42 --device cuda --profile torch --output results/profile/result.json,profiler_native,annotation,torch.profiler.record_function_cpu_annotation,profile/warmup,1,2144.898,0,CPU-side torch.profiler record_function aggregate; paired GPU annotation mirror omitted
xl_b4_ctx1024_fp32_train_step,xl,4,1024,train_step,fp32,torch.profiler,python profiling/benchmark.py --model-size xl --batch-size 4 --context-length 1024 --mode train_step --warmup 5 --steps 1 --dtype fp32 --seed 42 --device cuda --profile torch --output results/profile/result.json,synchronized_phase_wall,phase_wall,synchronized_wall_clock,backward,1,1455581.18,,synchronized wall clock; CUDA time intentionally blank
xl_b4_ctx1024_fp32_train_step,xl,4,1024,train_step,fp32,torch.profiler,python profiling/benchmark.py --model-size xl --batch-size 4 --context-length 1024 --mode train_step --warmup 5 --steps 1 --dtype fp32 --seed 42 --device cuda --profile torch --output results/profile/result.json,synchronized_phase_wall,phase_wall,synchronized_wall_clock,forward,1,736402.588,,synchronized wall clock; CUDA time intentionally blank
xl_b4_ctx1024_fp32_train_step,xl,4,1024,train_step,fp32,torch.profiler,python profiling/benchmark.py --model-size xl --batch-size 4 --context-length 1024 --mode train_step --warmup 5 --steps 1 --dtype fp32 --seed 42 --device cuda --profile torch --output results/profile/result.json,synchronized_phase_wall,phase_wall,synchronized_wall_clock,loss,1,132.543996,,synchronized wall clock; CUDA time intentionally blank
xl_b4_ctx1024_fp32_train_step,xl,4,1024,train_step,fp32,torch.profiler,python profiling/benchmark.py --model-size xl --batch-size 4 --context-length 1024 --mode train_step --warmup 5 --steps 1 --dtype fp32 --seed 42 --device cuda --profile torch --output results/profile/result.json,synchronized_phase_wall,phase_wall,synchronized_wall_clock,optimizer,1,123688.095,,synchronized wall clock; CUDA time intentionally blank
xl_b4_ctx1024_fp32_train_step,xl,4,1024,train_step,fp32,torch.profiler,python profiling/benchmark.py --model-size xl --batch-size 4 --context-length 1024 --mode train_step --warmup 5 --steps 1 --dtype fp32 --seed 42 --device cuda --profile torch --output results/profile/result.json,synchronized_phase_wall,phase_wall,synchronized_wall_clock,total,1,2316876.79,,synchronized wall clock; CUDA time intentionally blank
xl_b4_ctx1024_fp32_train_step,xl,4,1024,train_step,fp32,torch.profiler,python profiling/benchmark.py --model-size xl --batch-size 4 --context-length 1024 --mode train_step --warmup 5 --steps 1 --dtype fp32 --seed 42 --device cuda --profile torch --output results/profile/result.json,synchronized_phase_wall,phase_wall,synchronized_wall_clock,zero_grad,1,976.512015,,synchronized wall clock; CUDA time intentionally blank
xl_b4_ctx1024_fp32_train_step,xl,4,1024,train_step,fp32,torch.profiler,python profiling/benchmark.py --model-size xl --batch-size 4 --context-length 1024 --mode train_step --warmup 5 --steps 1 --dtype fp32 --seed 42 --device cuda --profile torch --output results/profile/result.json,profiler_native,operator,torch.profiler.key_averages,aten::bmm,867,443408.803,1876597.69,torch.profiler native aggregate
xl_b4_ctx1024_fp32_train_step,xl,4,1024,train_step,fp32,torch.profiler,python profiling/benchmark.py --model-size xl --batch-size 4 --context-length 1024 --mode train_step --warmup 5 --steps 1 --dtype fp32 --seed 42 --device cuda --profile torch --output results/profile/result.json,profiler_native,operator,torch.profiler.key_averages,autograd::engine::evaluate_function: BmmBackward0,289,435907.639,1217711.13,torch.profiler native aggregate
xl_b4_ctx1024_fp32_train_step,xl,4,1024,train_step,fp32,torch.profiler,python profiling/benchmark.py --model-size xl --batch-size 4 --context-length 1024 --mode train_step --warmup 5 --steps 1 --dtype fp32 --seed 42 --device cuda --profile torch --output results/profile/result.json,profiler_native,operator,torch.profiler.key_averages,BmmBackward0,289,433732.775,1217711.13,torch.profiler native aggregate
xl_b4_ctx1024_fp32_train_step,xl,4,1024,train_step,fp32,torch.profiler,python profiling/benchmark.py --model-size xl --batch-size 4 --context-length 1024 --mode train_step --warmup 5 --steps 1 --dtype fp32 --seed 42 --device cuda --profile torch --output results/profile/result.json,profiler_native,operator,torch.profiler.key_averages,aten::einsum,289,27880.295,660101.18,torch.profiler native aggregate
xl_b4_ctx1024_fp32_train_step,xl,4,1024,train_step,fp32,torch.profiler,python profiling/benchmark.py --model-size xl --batch-size 4 --context-length 1024 --mode train_step --warmup 5 --steps 1 --dtype fp32 --seed 42 --device cuda --profile torch --output results/profile/result.json,profiler_native,operator,torch.profiler.key_averages,void cutlass::Kernel2<cutlass_80_simt_sgemm_256x128_8x4_nt_align1>(cutlass_80_simt_sgemm_256x128_8x4_nt_align1::Params),224,0,553823.572,torch.profiler native aggregate
xl_b4_ctx1024_fp32_train_step,xl,4,1024,train_step,fp32,torch.profiler,python profiling/benchmark.py --model-size xl --batch-size 4 --context-length 1024 --mode train_step --warmup 5 --steps 1 --dtype fp32 --seed 42 --device cuda --profile torch --output results/profile/result.json,profiler_native,operator,torch.profiler.key_averages,void cutlass::Kernel2<cutlass_80_simt_sgemm_256x128_8x4_nn_align1>(cutlass_80_simt_sgemm_256x128_8x4_nn_align1::Params),193,0,437945.125,torch.profiler native aggregate
xl_b4_ctx1024_fp32_train_step,xl,4,1024,train_step,fp32,torch.profiler,python profiling/benchmark.py --model-size xl --batch-size 4 --context-length 1024 --mode train_step --warmup 5 --steps 1 --dtype fp32 --seed 42 --device cuda --profile torch --output results/profile/result.json,profiler_native,operator,torch.profiler.key_averages,sm80_xmma_gemm_f32f32_f32f32_f32_tn_n_tilesize128x128x8_stage3_warpsize2x2x1_ffma_aligna4_alignc4_execute_kernel__5x_cublas,129,0,311102.806,torch.profiler native aggregate
xl_b4_ctx1024_fp32_train_step,xl,4,1024,train_step,fp32,torch.profiler,python profiling/benchmark.py --model-size xl --batch-size 4 --context-length 1024 --mode train_step --warmup 5 --steps 1 --dtype fp32 --seed 42 --device cuda --profile torch --output results/profile/result.json,profiler_native,operator,torch.profiler.key_averages,Optimizer.step#AdamW.step,1,471214.358,178658.334,torch.profiler native aggregate
xl_b4_ctx1024_fp32_train_step,xl,4,1024,train_step,fp32,torch.profiler,python profiling/benchmark.py --model-size xl --batch-size 4 --context-length 1024 --mode train_step --warmup 5 --steps 1 --dtype fp32 --seed 42 --device cuda --profile torch --output results/profile/result.json,profiler_native,operator,torch.profiler.key_averages,sm80_xmma_gemm_f32f32_f32f32_f32_tn_n_tilesize256x64x8_stage3_warpsize2x2x1_ffma_aligna4_alignc4_execute_kernel__5x_cublas,32,0,162237.538,torch.profiler native aggregate
xl_b4_ctx1024_fp32_train_step,xl,4,1024,train_step,fp32,torch.profiler,python profiling/benchmark.py --model-size xl --batch-size 4 --context-length 1024 --mode train_step --warmup 5 --steps 1 --dtype fp32 --seed 42 --device cuda --profile torch --output results/profile/result.json,profiler_native,operator,torch.profiler.key_averages,sm80_xmma_gemm_f32f32_f32f32_f32_tn_n_tilesize128x64x8_stage3_warpsize2x2x1_ffma_aligna4_alignc4_execute_kernel__5x_cublas,128,0,158218.69,torch.profiler native aggregate
xl_b4_ctx1024_fp32_train_step,xl,4,1024,train_step,fp32,torch.profiler,python profiling/benchmark.py --model-size xl --batch-size 4 --context-length 1024 --mode train_step --warmup 5 --steps 1 --dtype fp32 --seed 42 --device cuda --profile torch --output results/profile/result.json,profiler_native,operator,torch.profiler.key_averages,sm80_xmma_gemm_f32f32_f32f32_f32_nn_n_tilesize256x128x8_stage3_warpsize4x2x1_ffma_aligna4_alignc4_execute_kernel__5x_cublas,32,0,138011.494,torch.profiler native aggregate
xl_b4_ctx1024_fp32_train_step,xl,4,1024,train_step,fp32,torch.profiler,python profiling/benchmark.py --model-size xl --batch-size 4 --context-length 1024 --mode train_step --warmup 5 --steps 1 --dtype fp32 --seed 42 --device cuda --profile torch --output results/profile/result.json,profiler_native,operator,torch.profiler.key_averages,aten::mul,3165,478286.904,137115.765,torch.profiler native aggregate
xl_b4_ctx1024_fp32_train_step,xl,4,1024,train_step,fp32,torch.profiler,python profiling/benchmark.py --model-size xl --batch-size 4 --context-length 1024 --mode train_step --warmup 5 --steps 1 --dtype fp32 --seed 42 --device cuda --profile torch --output results/profile/result.json,profiler_native,operator,torch.profiler.key_averages,Optimizer.step#AdamW.step,1,0,123684.116,torch.profiler native aggregate
xl_b4_ctx1024_fp32_train_step,xl,4,1024,train_step,fp32,torch.profiler,python profiling/benchmark.py --model-size xl --batch-size 4 --context-length 1024 --mode train_step --warmup 5 --steps 1 --dtype fp32 --seed 42 --device cuda --profile torch --output results/profile/result.json,profiler_native,operator,torch.profiler.key_averages,Command Buffer Full,3766,2033992.55,108439.48,torch.profiler native aggregate
xl_b4_ctx1024_fp32_train_step,xl,4,1024,train_step,fp32,torch.profiler,python profiling/benchmark.py --model-size xl --batch-size 4 --context-length 1024 --mode train_step --warmup 5 --steps 1 --dtype fp32 --seed 42 --device cuda --profile torch --output results/profile/result.json,profiler_native,operator,torch.profiler.key_averages,aten::div,548,75731.873,97480.766,torch.profiler native aggregate
xl_b4_ctx1024_fp32_train_step,xl,4,1024,train_step,fp32,torch.profiler,python profiling/benchmark.py --model-size xl --batch-size 4 --context-length 1024 --mode train_step --warmup 5 --steps 1 --dtype fp32 --seed 42 --device cuda --profile torch --output results/profile/result.json,profiler_native,operator,torch.profiler.key_averages,cudaLaunchKernel,8693,1640532.71,83515.484,torch.profiler native aggregate
xl_b4_ctx1024_fp32_train_step,xl,4,1024,train_step,fp32,torch.profiler,python profiling/benchmark.py --model-size xl --batch-size 4 --context-length 1024 --mode train_step --warmup 5 --steps 1 --dtype fp32 --seed 42 --device cuda --profile torch --output results/profile/result.json,profiler_native,operator,torch.profiler.key_averages,autograd::engine::evaluate_function: DivBackward0,64,48471.441,76398.707,torch.profiler native aggregate
xl_b4_ctx1024_fp32_train_step,xl,4,1024,train_step,fp32,torch.profiler,python profiling/benchmark.py --model-size xl --batch-size 4 --context-length 1024 --mode train_step --warmup 5 --steps 1 --dtype fp32 --seed 42 --device cuda --profile torch --output results/profile/result.json,profiler_native,operator,torch.profiler.key_averages,DivBackward0,64,47563.679,71829.681,torch.profiler native aggregate
xl_b4_ctx1024_fp32_train_step,xl,4,1024,train_step,fp32,torch.profiler,python profiling/benchmark.py --model-size xl --batch-size 4 --context-length 1024 --mode train_step --warmup 5 --steps 1 --dtype fp32 --seed 42 --device cuda --profile torch --output results/profile/result.json,profiler_native,operator,torch.profiler.key_averages,"void at::native::vectorized_elementwise_kernel<4, at::native::CUDAFunctor_add<float>, std::array<char*, 3ul> >(int, at::native::CUDAFunctor_add<float>, std::array<char*, 3ul>)",1773,0,67129.078,torch.profiler native aggregate
xl_b4_ctx1024_fp32_train_step,xl,4,1024,train_step,fp32,torch.profiler,python profiling/benchmark.py --model-size xl --batch-size 4 --context-length 1024 --mode train_step --warmup 5 --steps 1 --dtype fp32 --seed 42 --device cuda --profile torch --output results/profile/result.json,profiler_native,operator,torch.profiler.key_averages,"void at::native::elementwise_kernel<128, 2, at::native::gpu_kernel_impl_nocast<at::native::BinaryFunctor<float, float, float, at::native::binary_internal::DivFunctor<float> > >(at::TensorIteratorBase&, at::native::BinaryFunctor<float, float, float, at::native::binary_internal::DivFunctor<float> > const&)::{lambda(int)#1}>(int, at::native::gpu_kernel_impl_nocast<at::native::BinaryFunctor<float, float, float, at::native::binary_internal::DivFunctor<float> > >(at::TensorIteratorBase&, at::native::BinaryFunctor<float, float, float, at::native::binary_internal::DivFunctor<float> > const&)::{lambda(int)#1})",128,0,58870.274,torch.profiler native aggregate
xl_b4_ctx1024_fp32_train_step,xl,4,1024,train_step,fp32,torch.profiler,python profiling/benchmark.py --model-size xl --batch-size 4 --context-length 1024 --mode train_step --warmup 5 --steps 1 --dtype fp32 --seed 42 --device cuda --profile torch --output results/profile/result.json,profiler_native,operator,torch.profiler.key_averages,aten::where,128,105313.052,56232.024,torch.profiler native aggregate
xl_b4_ctx1024_fp32_train_step,xl,4,1024,train_step,fp32,torch.profiler,python profiling/benchmark.py --model-size xl --batch-size 4 --context-length 1024 --mode train_step --warmup 5 --steps 1 --dtype fp32 --seed 42 --device cuda --profile torch --output results/profile/result.json,profiler_native,operator,torch.profiler.key_averages,"void at::native::vectorized_elementwise_kernel<4, at::native::BinaryFunctor<float, float, float, at::native::binary_internal::MulFunctor<float> >, std::array<char*, 3ul> >(int, at::native::BinaryFunctor<float, float, float, at::native::binary_internal::MulFunctor<float> >, std::array<char*, 3ul>)",516,0,52061.242,torch.profiler native aggregate
xl_b4_ctx1024_fp32_train_step,xl,4,1024,train_step,fp32,torch.profiler,python profiling/benchmark.py --model-size xl --batch-size 4 --context-length 1024 --mode train_step --warmup 5 --steps 1 --dtype fp32 --seed 42 --device cuda --profile torch --output results/profile/result.json,profiler_native,operator,torch.profiler.key_averages,aten::add,1130,133470.687,46513.031,torch.profiler native aggregate
xl_b4_ctx1024_fp32_train_step,xl,4,1024,train_step,fp32,torch.profiler,python profiling/benchmark.py --model-size xl --batch-size 4 --context-length 1024 --mode train_step --warmup 5 --steps 1 --dtype fp32 --seed 42 --device cuda --profile torch --output results/profile/result.json,profiler_native,operator,torch.profiler.key_averages,sm80_xmma_gemm_f32f32_f32f32_f32_nn_n_tilesize128x32x8_stage3_warpsize2x2x1_ffma_aligna4_alignc4_execute_kernel__5x_cublas,64,0,44149.876,torch.profiler native aggregate
xl_b4_ctx1024_fp32_train_step,xl,4,1024,train_step,fp32,torch.profiler,python profiling/benchmark.py --model-size xl --batch-size 4 --context-length 1024 --mode train_step --warmup 5 --steps 1 --dtype fp32 --seed 42 --device cuda --profile torch --output results/profile/result.json,profiler_native,operator,torch.profiler.key_averages,"void at::native::vectorized_elementwise_kernel<4, at::native::AUnaryFunctor<float, float, float, at::native::binary_internal::MulFunctor<float> >, std::array<char*, 2ul> >(int, at::native::AUnaryFunctor<float, float, float, at::native::binary_internal::MulFunctor<float> >, std::array<char*, 2ul>)",1876,0,42279.948,torch.profiler native aggregate
xl_b4_ctx1024_fp32_train_step,xl,4,1024,train_step,fp32,torch.profiler,python profiling/benchmark.py --model-size xl --batch-size 4 --context-length 1024 --mode train_step --warmup 5 --steps 1 --dtype fp32 --seed 42 --device cuda --profile torch --output results/profile/result.json,profiler_native,operator,torch.profiler.key_averages,aten::copy_,547,283641.516,35714.24,torch.profiler native aggregate
xl_b4_ctx1024_fp32_train_step,xl,4,1024,train_step,fp32,torch.profiler,python profiling/benchmark.py --model-size xl --batch-size 4 --context-length 1024 --mode train_step --warmup 5 --steps 1 --dtype fp32 --seed 42 --device cuda --profile torch --output results/profile/result.json,profiler_native,operator,torch.profiler.key_averages,aten::add_,385,73919.914,35202.801,torch.profiler native aggregate
xl_b4_ctx1024_fp32_train_step,xl,4,1024,train_step,fp32,torch.profiler,python profiling/benchmark.py --model-size xl --batch-size 4 --context-length 1024 --mode train_step --warmup 5 --steps 1 --dtype fp32 --seed 42 --device cuda --profile torch --output results/profile/result.json,profiler_native,operator,torch.profiler.key_averages,autograd::engine::evaluate_function: MulBackward0,450,390339.999,34926.51,torch.profiler native aggregate
xl_b4_ctx1024_fp32_train_step,xl,4,1024,train_step,fp32,torch.profiler,python profiling/benchmark.py --model-size xl --batch-size 4 --context-length 1024 --mode train_step --warmup 5 --steps 1 --dtype fp32 --seed 42 --device cuda --profile torch --output results/profile/result.json,profiler_native,operator,torch.profiler.key_averages,"void at::native::elementwise_kernel<128, 2, at::native::gpu_kernel_impl_nocast<at::native::direct_copy_kernel_cuda(at::TensorIteratorBase&)::{lambda()#3}::operator()() const::{lambda()#7}::operator()() const::{lambda(float)#1}>(at::TensorIteratorBase&, at::native::direct_copy_kernel_cuda(at::TensorIteratorBase&)::{lambda()#3}::operator()() const::{lambda()#7}::operator()() const::{lambda(float)#1} const&)::{lambda(int)#1}>(int, at::native::gpu_kernel_impl_nocast<at::native::direct_copy_kernel_cuda(at::TensorIteratorBase&)::{lambda()#3}::operator()() const::{lambda()#7}::operator()() const::{lambda(float)#1}>(at::TensorIteratorBase&, at::native::direct_copy_kernel_cuda(at::TensorIteratorBase&)::{lambda()#3}::operator()() const::{lambda()#7}::operator()() const::{lambda(float)#1} const&)::{lambda(int)#1})",481,0,34250.625,torch.profiler native aggregate
xl_b4_ctx1024_fp32_train_step,xl,4,1024,train_step,fp32,torch.profiler,python profiling/benchmark.py --model-size xl --batch-size 4 --context-length 1024 --mode train_step --warmup 5 --steps 1 --dtype fp32 --seed 42 --device cuda --profile torch --output results/profile/result.json,profiler_native,operator,torch.profiler.key_averages,aten::sub_,582,54988.692,28727.068,torch.profiler native aggregate
xl_b4_ctx1024_fp32_train_step,xl,4,1024,train_step,fp32,torch.profiler,python profiling/benchmark.py --model-size xl --batch-size 4 --context-length 1024 --mode train_step --warmup 5 --steps 1 --dtype fp32 --seed 42 --device cuda --profile torch --output results/profile/result.json,profiler_native,operator,torch.profiler.key_averages,MulBackward0,450,204217.086,28327.718,torch.profiler native aggregate
xl_b4_ctx1024_fp32_train_step,xl,4,1024,train_step,fp32,torch.profiler,python profiling/benchmark.py --model-size xl --batch-size 4 --context-length 1024 --mode train_step --warmup 5 --steps 1 --dtype fp32 --seed 42 --device cuda --profile torch --output results/profile/result.json,profiler_native,operator,torch.profiler.key_averages,"void at::native::elementwise_kernel<128, 2, at::native::gpu_kernel_impl_nocast<at::native::CUDAFunctor_add<float> >(at::TensorIteratorBase&, at::native::CUDAFunctor_add<float> const&)::{lambda(int)#1}>(int, at::native::gpu_kernel_impl_nocast<at::native::CUDAFunctor_add<float> >(at::TensorIteratorBase&, at::native::CUDAFunctor_add<float> const&)::{lambda(int)#1})",64,0,26059.773,torch.profiler native aggregate
xl_b4_ctx1024_fp32_train_step,xl,4,1024,train_step,fp32,torch.profiler,python profiling/benchmark.py --model-size xl --batch-size 4 --context-length 1024 --mode train_step --warmup 5 --steps 1 --dtype fp32 --seed 42 --device cuda --profile torch --output results/profile/result.json,profiler_native,operator,torch.profiler.key_averages,autograd::engine::evaluate_function: torch::autograd::AccumulateGrad,291,241218.066,24908.994,torch.profiler native aggregate
xl_b4_ctx1024_fp32_train_step,xl,4,1024,train_step,fp32,torch.profiler,python profiling/benchmark.py --model-size xl --batch-size 4 --context-length 1024 --mode train_step --warmup 5 --steps 1 --dtype fp32 --seed 42 --device cuda --profile torch --output results/profile/result.json,profiler_native,operator,torch.profiler.key_averages,torch::autograd::AccumulateGrad,291,240160.589,24908.994,torch.profiler native aggregate
xl_b4_ctx1024_fp32_train_step,xl,4,1024,train_step,fp32,torch.profiler,python profiling/benchmark.py --model-size xl --batch-size 4 --context-length 1024 --mode train_step --warmup 5 --steps 1 --dtype fp32 --seed 42 --device cuda --profile torch --output results/profile/result.json,profiler_native,operator,torch.profiler.key_averages,cudaLaunchKernelExC,417,14740.912,24702.524,torch.profiler native aggregate
xl_b4_ctx1024_fp32_train_step,xl,4,1024,train_step,fp32,torch.profiler,python profiling/benchmark.py --model-size xl --batch-size 4 --context-length 1024 --mode train_step --warmup 5 --steps 1 --dtype fp32 --seed 42 --device cuda --profile torch --output results/profile/result.json,profiler_native,operator,torch.profiler.key_averages,"void at::native::elementwise_kernel<128, 2, at::native::gpu_kernel_impl_nocast<at::native::(anonymous namespace)::where_kernel_impl(at::TensorIterator&)::{lambda()#1}::operator()() const::{lambda()#11}::operator()() const::{lambda(bool, float, float)#1}>(at::TensorIteratorBase&, at::native::(anonymous namespace)::where_kernel_impl(at::TensorIterator&)::{lambda()#1}::operator()() const::{lambda()#11}::operator()() const::{lambda(bool, float, float)#1} const&)::{lambda(int)#1}>(int, at::native::gpu_kernel_impl_nocast<at::native::(anonymous namespace)::where_kernel_impl(at::TensorIterator&)::{lambda()#1}::operator()() const::{lambda()#11}::operator()() const::{lambda(bool, float, float)#1}>(at::TensorIteratorBase&, at::native::(anonymous namespace)::where_kernel_impl(at::TensorIterator&)::{lambda()#1}::operator()() const::{lambda()#11}::operator()() const::{lambda(bool, float, float)#1} const&)::{lambda(int)#1})",64,0,24604.158,torch.profiler native aggregate
xl_b4_ctx1024_fp32_train_step,xl,4,1024,train_step,fp32,torch.profiler,python profiling/benchmark.py --model-size xl --batch-size 4 --context-length 1024 --mode train_step --warmup 5 --steps 1 --dtype fp32 --seed 42 --device cuda --profile torch --output results/profile/result.json,profiler_native,operator,torch.profiler.key_averages,void cutlass::Kernel2<cutlass_80_simt_sgemm_128x128_8x4_nt_align1>(cutlass_80_simt_sgemm_128x128_8x4_nt_align1::Params),32,0,21528.76,torch.profiler native aggregate
xl_b4_ctx1024_fp32_train_step,xl,4,1024,train_step,fp32,torch.profiler,python profiling/benchmark.py --model-size xl --batch-size 4 --context-length 1024 --mode train_step --warmup 5 --steps 1 --dtype fp32 --seed 42 --device cuda --profile torch --output results/profile/result.json,profiler_native,operator,torch.profiler.key_averages,sm80_xmma_gemm_f32f32_f32f32_f32_nt_n_tilesize128x32x8_stage3_warpsize2x2x1_ffma_aligna4_alignc4_execute_kernel__5x_cublas,32,0,20412.375,torch.profiler native aggregate
xl_b4_ctx1024_fp32_train_step,xl,4,1024,train_step,fp32,torch.profiler,python profiling/benchmark.py --model-size xl --batch-size 4 --context-length 1024 --mode train_step --warmup 5 --steps 1 --dtype fp32 --seed 42 --device cuda --profile torch --output results/profile/result.json,profiler_native,operator,torch.profiler.key_averages,"void at::native::elementwise_kernel<128, 2, at::native::gpu_kernel_impl_nocast<at::native::BinaryFunctor<float, float, float, at::native::binary_internal::MulFunctor<float> > >(at::TensorIteratorBase&, at::native::BinaryFunctor<float, float, float, at::native::binary_internal::MulFunctor<float> > const&)::{lambda(int)#1}>(int, at::native::gpu_kernel_impl_nocast<at::native::BinaryFunctor<float, float, float, at::native::binary_internal::MulFunctor<float> > >(at::TensorIteratorBase&, at::native::BinaryFunctor<float, float, float, at::native::binary_internal::MulFunctor<float> > const&)::{lambda(int)#1})",772,0,19684.983,torch.profiler native aggregate
xl_b4_ctx1024_fp32_train_step,xl,4,1024,train_step,fp32,torch.profiler,python profiling/benchmark.py --model-size xl --batch-size 4 --context-length 1024 --mode train_step --warmup 5 --steps 1 --dtype fp32 --seed 42 --device cuda --profile torch --output results/profile/result.json,profiler_native,operator,torch.profiler.key_averages,aten::sub,96,44846.018,18491.073,torch.profiler native aggregate
xl_b4_ctx1024_fp32_train_step,xl,4,1024,train_step,fp32,torch.profiler,python profiling/benchmark.py --model-size xl --batch-size 4 --context-length 1024 --mode train_step --warmup 5 --steps 1 --dtype fp32 --seed 42 --device cuda --profile torch --output results/profile/result.json,profiler_trace_kernel,cuda_kernel,torch.profiler.chrome_trace_kernel,void cutlass::Kernel2<cutlass_80_simt_sgemm_256x128_8x4_nt_align1>(cutlass_80_simt_sgemm_256x128_8x4_nt_align1::Params),224,,553823.572,local Chrome trace cat=kernel aggregate inside profile/measure
xl_b4_ctx1024_fp32_train_step,xl,4,1024,train_step,fp32,torch.profiler,python profiling/benchmark.py --model-size xl --batch-size 4 --context-length 1024 --mode train_step --warmup 5 --steps 1 --dtype fp32 --seed 42 --device cuda --profile torch --output results/profile/result.json,profiler_trace_kernel,cuda_kernel,torch.profiler.chrome_trace_kernel,void cutlass::Kernel2<cutlass_80_simt_sgemm_256x128_8x4_nn_align1>(cutlass_80_simt_sgemm_256x128_8x4_nn_align1::Params),193,,437945.125,local Chrome trace cat=kernel aggregate inside profile/measure
xl_b4_ctx1024_fp32_train_step,xl,4,1024,train_step,fp32,torch.profiler,python profiling/benchmark.py --model-size xl --batch-size 4 --context-length 1024 --mode train_step --warmup 5 --steps 1 --dtype fp32 --seed 42 --device cuda --profile torch --output results/profile/result.json,profiler_trace_kernel,cuda_kernel,torch.profiler.chrome_trace_kernel,sm80_xmma_gemm_f32f32_f32f32_f32_tn_n_tilesize128x128x8_stage3_warpsize2x2x1_ffma_aligna4_alignc4_execute_kernel__5x_cublas,129,,311102.806,local Chrome trace cat=kernel aggregate inside profile/measure
xl_b4_ctx1024_fp32_train_step,xl,4,1024,train_step,fp32,torch.profiler,python profiling/benchmark.py --model-size xl --batch-size 4 --context-length 1024 --mode train_step --warmup 5 --steps 1 --dtype fp32 --seed 42 --device cuda --profile torch --output results/profile/result.json,profiler_trace_kernel,cuda_kernel,torch.profiler.chrome_trace_kernel,sm80_xmma_gemm_f32f32_f32f32_f32_tn_n_tilesize256x64x8_stage3_warpsize2x2x1_ffma_aligna4_alignc4_execute_kernel__5x_cublas,32,,162237.538,local Chrome trace cat=kernel aggregate inside profile/measure
xl_b4_ctx1024_fp32_train_step,xl,4,1024,train_step,fp32,torch.profiler,python profiling/benchmark.py --model-size xl --batch-size 4 --context-length 1024 --mode train_step --warmup 5 --steps 1 --dtype fp32 --seed 42 --device cuda --profile torch --output results/profile/result.json,profiler_trace_kernel,cuda_kernel,torch.profiler.chrome_trace_kernel,sm80_xmma_gemm_f32f32_f32f32_f32_tn_n_tilesize128x64x8_stage3_warpsize2x2x1_ffma_aligna4_alignc4_execute_kernel__5x_cublas,128,,158218.69,local Chrome trace cat=kernel aggregate inside profile/measure
xl_b4_ctx1024_fp32_train_step,xl,4,1024,train_step,fp32,torch.profiler,python profiling/benchmark.py --model-size xl --batch-size 4 --context-length 1024 --mode train_step --warmup 5 --steps 1 --dtype fp32 --seed 42 --device cuda --profile torch --output results/profile/result.json,profiler_trace_kernel,cuda_kernel,torch.profiler.chrome_trace_kernel,sm80_xmma_gemm_f32f32_f32f32_f32_nn_n_tilesize256x128x8_stage3_warpsize4x2x1_ffma_aligna4_alignc4_execute_kernel__5x_cublas,32,,138011.494,local Chrome trace cat=kernel aggregate inside profile/measure
xl_b4_ctx1024_fp32_train_step,xl,4,1024,train_step,fp32,torch.profiler,python profiling/benchmark.py --model-size xl --batch-size 4 --context-length 1024 --mode train_step --warmup 5 --steps 1 --dtype fp32 --seed 42 --device cuda --profile torch --output results/profile/result.json,profiler_trace_kernel,cuda_kernel,torch.profiler.chrome_trace_kernel,"void at::native::vectorized_elementwise_kernel<4, at::native::CUDAFunctor_add<float>, std::array<char*, 3ul> >(int, at::native::CUDAFunctor_add<float>, std::array<char*, 3ul>)",1773,,67129.078,local Chrome trace cat=kernel aggregate inside profile/measure
xl_b4_ctx1024_fp32_train_step,xl,4,1024,train_step,fp32,torch.profiler,python profiling/benchmark.py --model-size xl --batch-size 4 --context-length 1024 --mode train_step --warmup 5 --steps 1 --dtype fp32 --seed 42 --device cuda --profile torch --output results/profile/result.json,profiler_trace_kernel,cuda_kernel,torch.profiler.chrome_trace_kernel,"void at::native::elementwise_kernel<128, 2, at::native::gpu_kernel_impl_nocast<at::native::BinaryFunctor<float, float, float, at::native::binary_internal::DivFunctor<float> > >(at::TensorIteratorBase&, at::native::BinaryFunctor<float, float, float, at::native::binary_internal::DivFunctor<float> > const&)::{lambda(int)#1}>(int, at::native::gpu_kernel_impl_nocast<at::native::BinaryFunctor<float, float, float, at::native::binary_internal::DivFunctor<float> > >(at::TensorIteratorBase&, at::native::BinaryFunctor<float, float, float, at::native::binary_internal::DivFunctor<float> > const&)::{lambda(int)#1})",128,,58870.274,local Chrome trace cat=kernel aggregate inside profile/measure
xl_b4_ctx1024_fp32_train_step,xl,4,1024,train_step,fp32,torch.profiler,python profiling/benchmark.py --model-size xl --batch-size 4 --context-length 1024 --mode train_step --warmup 5 --steps 1 --dtype fp32 --seed 42 --device cuda --profile torch --output results/profile/result.json,profiler_trace_kernel,cuda_kernel,torch.profiler.chrome_trace_kernel,"void at::native::vectorized_elementwise_kernel<4, at::native::BinaryFunctor<float, float, float, at::native::binary_internal::MulFunctor<float> >, std::array<char*, 3ul> >(int, at::native::BinaryFunctor<float, float, float, at::native::binary_internal::MulFunctor<float> >, std::array<char*, 3ul>)",516,,52061.242,local Chrome trace cat=kernel aggregate inside profile/measure
xl_b4_ctx1024_fp32_train_step,xl,4,1024,train_step,fp32,torch.profiler,python profiling/benchmark.py --model-size xl --batch-size 4 --context-length 1024 --mode train_step --warmup 5 --steps 1 --dtype fp32 --seed 42 --device cuda --profile torch --output results/profile/result.json,profiler_trace_kernel,cuda_kernel,torch.profiler.chrome_trace_kernel,sm80_xmma_gemm_f32f32_f32f32_f32_nn_n_tilesize128x32x8_stage3_warpsize2x2x1_ffma_aligna4_alignc4_execute_kernel__5x_cublas,64,,44149.876,local Chrome trace cat=kernel aggregate inside profile/measure
xl_b4_ctx1024_fp32_train_step,xl,4,1024,train_step,fp32,torch.profiler,python profiling/benchmark.py --model-size xl --batch-size 4 --context-length 1024 --mode train_step --warmup 5 --steps 1 --dtype fp32 --seed 42 --device cuda --profile torch --output results/profile/result.json,profiler_trace_kernel,cuda_kernel,torch.profiler.chrome_trace_kernel,"void at::native::vectorized_elementwise_kernel<4, at::native::AUnaryFunctor<float, float, float, at::native::binary_internal::MulFunctor<float> >, std::array<char*, 2ul> >(int, at::native::AUnaryFunctor<float, float, float, at::native::binary_internal::MulFunctor<float> >, std::array<char*, 2ul>)",1876,,42279.948,local Chrome trace cat=kernel aggregate inside profile/measure
xl_b4_ctx1024_fp32_train_step,xl,4,1024,train_step,fp32,torch.profiler,python profiling/benchmark.py --model-size xl --batch-size 4 --context-length 1024 --mode train_step --warmup 5 --steps 1 --dtype fp32 --seed 42 --device cuda --profile torch --output results/profile/result.json,profiler_trace_kernel,cuda_kernel,torch.profiler.chrome_trace_kernel,"void at::native::elementwise_kernel<128, 2, at::native::gpu_kernel_impl_nocast<at::native::direct_copy_kernel_cuda(at::TensorIteratorBase&)::{lambda()#3}::operator()() const::{lambda()#7}::operator()() const::{lambda(float)#1}>(at::TensorIteratorBase&, at::native::direct_copy_kernel_cuda(at::TensorIteratorBase&)::{lambda()#3}::operator()() const::{lambda()#7}::operator()() const::{lambda(float)#1} const&)::{lambda(int)#1}>(int, at::native::gpu_kernel_impl_nocast<at::native::direct_copy_kernel_cuda(at::TensorIteratorBase&)::{lambda()#3}::operator()() const::{lambda()#7}::operator()() const::{lambda(float)#1}>(at::TensorIteratorBase&, at::native::direct_copy_kernel_cuda(at::TensorIteratorBase&)::{lambda()#3}::operator()() const::{lambda()#7}::operator()() const::{lambda(float)#1} const&)::{lambda(int)#1})",481,,34250.625,local Chrome trace cat=kernel aggregate inside profile/measure
xl_b4_ctx1024_fp32_train_step,xl,4,1024,train_step,fp32,torch.profiler,python profiling/benchmark.py --model-size xl --batch-size 4 --context-length 1024 --mode train_step --warmup 5 --steps 1 --dtype fp32 --seed 42 --device cuda --profile torch --output results/profile/result.json,profiler_trace_kernel,cuda_kernel,torch.profiler.chrome_trace_kernel,"void at::native::elementwise_kernel<128, 2, at::native::gpu_kernel_impl_nocast<at::native::CUDAFunctor_add<float> >(at::TensorIteratorBase&, at::native::CUDAFunctor_add<float> const&)::{lambda(int)#1}>(int, at::native::gpu_kernel_impl_nocast<at::native::CUDAFunctor_add<float> >(at::TensorIteratorBase&, at::native::CUDAFunctor_add<float> const&)::{lambda(int)#1})",64,,26059.773,local Chrome trace cat=kernel aggregate inside profile/measure
xl_b4_ctx1024_fp32_train_step,xl,4,1024,train_step,fp32,torch.profiler,python profiling/benchmark.py --model-size xl --batch-size 4 --context-length 1024 --mode train_step --warmup 5 --steps 1 --dtype fp32 --seed 42 --device cuda --profile torch --output results/profile/result.json,profiler_trace_kernel,cuda_kernel,torch.profiler.chrome_trace_kernel,"void at::native::elementwise_kernel<128, 2, at::native::gpu_kernel_impl_nocast<at::native::(anonymous namespace)::where_kernel_impl(at::TensorIterator&)::{lambda()#1}::operator()() const::{lambda()#11}::operator()() const::{lambda(bool, float, float)#1}>(at::TensorIteratorBase&, at::native::(anonymous namespace)::where_kernel_impl(at::TensorIterator&)::{lambda()#1}::operator()() const::{lambda()#11}::operator()() const::{lambda(bool, float, float)#1} const&)::{lambda(int)#1}>(int, at::native::gpu_kernel_impl_nocast<at::native::(anonymous namespace)::where_kernel_impl(at::TensorIterator&)::{lambda()#1}::operator()() const::{lambda()#11}::operator()() const::{lambda(bool, float, float)#1}>(at::TensorIteratorBase&, at::native::(anonymous namespace)::where_kernel_impl(at::TensorIterator&)::{lambda()#1}::operator()() const::{lambda()#11}::operator()() const::{lambda(bool, float, float)#1} const&)::{lambda(int)#1})",64,,24604.158,local Chrome trace cat=kernel aggregate inside profile/measure
xl_b4_ctx1024_fp32_train_step,xl,4,1024,train_step,fp32,torch.profiler,python profiling/benchmark.py --model-size xl --batch-size 4 --context-length 1024 --mode train_step --warmup 5 --steps 1 --dtype fp32 --seed 42 --device cuda --profile torch --output results/profile/result.json,profiler_trace_kernel,cuda_kernel,torch.profiler.chrome_trace_kernel,void cutlass::Kernel2<cutlass_80_simt_sgemm_128x128_8x4_nt_align1>(cutlass_80_simt_sgemm_128x128_8x4_nt_align1::Params),32,,21528.76,local Chrome trace cat=kernel aggregate inside profile/measure
xl_b4_ctx1024_fp32_train_step,xl,4,1024,train_step,fp32,torch.profiler,python profiling/benchmark.py --model-size xl --batch-size 4 --context-length 1024 --mode train_step --warmup 5 --steps 1 --dtype fp32 --seed 42 --device cuda --profile torch --output results/profile/result.json,profiler_trace_kernel,cuda_kernel,torch.profiler.chrome_trace_kernel,sm80_xmma_gemm_f32f32_f32f32_f32_nt_n_tilesize128x32x8_stage3_warpsize2x2x1_ffma_aligna4_alignc4_execute_kernel__5x_cublas,32,,20412.375,local Chrome trace cat=kernel aggregate inside profile/measure
xl_b4_ctx1024_fp32_train_step,xl,4,1024,train_step,fp32,torch.profiler,python profiling/benchmark.py --model-size xl --batch-size 4 --context-length 1024 --mode train_step --warmup 5 --steps 1 --dtype fp32 --seed 42 --device cuda --profile torch --output results/profile/result.json,profiler_trace_kernel,cuda_kernel,torch.profiler.chrome_trace_kernel,"void at::native::elementwise_kernel<128, 2, at::native::gpu_kernel_impl_nocast<at::native::BinaryFunctor<float, float, float, at::native::binary_internal::MulFunctor<float> > >(at::TensorIteratorBase&, at::native::BinaryFunctor<float, float, float, at::native::binary_internal::MulFunctor<float> > const&)::{lambda(int)#1}>(int, at::native::gpu_kernel_impl_nocast<at::native::BinaryFunctor<float, float, float, at::native::binary_internal::MulFunctor<float> > >(at::TensorIteratorBase&, at::native::BinaryFunctor<float, float, float, at::native::binary_internal::MulFunctor<float> > const&)::{lambda(int)#1})",772,,19684.983,local Chrome trace cat=kernel aggregate inside profile/measure
xl_b4_ctx1024_fp32_train_step,xl,4,1024,train_step,fp32,torch.profiler,python profiling/benchmark.py --model-size xl --batch-size 4 --context-length 1024 --mode train_step --warmup 5 --steps 1 --dtype fp32 --seed 42 --device cuda --profile torch --output results/profile/result.json,profiler_trace_kernel,cuda_kernel,torch.profiler.chrome_trace_kernel,"void at::native::vectorized_elementwise_kernel<4, at::native::BUnaryFunctor<float, float, float, at::native::binary_internal::MulFunctor<float> >, std::array<char*, 2ul> >(int, at::native::BUnaryFunctor<float, float, float, at::native::binary_internal::MulFunctor<float> >, std::array<char*, 2ul>)",64,,16190.166,local Chrome trace cat=kernel aggregate inside profile/measure
xl_b4_ctx1024_fp32_train_step,xl,4,1024,train_step,fp32,torch.profiler,python profiling/benchmark.py --model-size xl --batch-size 4 --context-length 1024 --mode train_step --warmup 5 --steps 1 --dtype fp32 --seed 42 --device cuda --profile torch --output results/profile/result.json,profiler_trace_kernel,cuda_kernel,torch.profiler.chrome_trace_kernel,"void at::native::vectorized_elementwise_kernel<4, at::native::neg_kernel_cuda(at::TensorIteratorBase&)::{lambda()#2}::operator()() const::{lambda()#7}::operator()() const::{lambda(float)#1}, std::array<char*, 2ul> >(int, at::native::neg_kernel_cuda(at::TensorIteratorBase&)::{lambda()#2}::operator()() const::{lambda()#7}::operator()() const::{lambda(float)#1}, std::array<char*, 2ul>)",64,,16108.304,local Chrome trace cat=kernel aggregate inside profile/measure
xl_b4_ctx1024_fp32_train_step,xl,4,1024,train_step,fp32,torch.profiler,python profiling/benchmark.py --model-size xl --batch-size 4 --context-length 1024 --mode train_step --warmup 5 --steps 1 --dtype fp32 --seed 42 --device cuda --profile torch --output results/profile/result.json,profiler_trace_kernel,cuda_kernel,torch.profiler.chrome_trace_kernel,"void at::native::reduce_kernel<512, 1, at::native::ReduceOp<float, at::native::func_wrapper_t<float, at::native::sum_functor<float, float, float>::operator()(at::TensorIterator&)::{lambda(float, float)#1}>, unsigned int, float, 4, 4> >(at::native::ReduceOp<float, at::native::func_wrapper_t<float, at::native::sum_functor<float, float, float>::operator()(at::TensorIterator&)::{lambda(float, float)#1}>, unsigned int, float, 4, 4>)",161,,15141.896,local Chrome trace cat=kernel aggregate inside profile/measure
xl_b4_ctx1024_fp32_train_step,xl,4,1024,train_step,fp32,torch.profiler,python profiling/benchmark.py --model-size xl --batch-size 4 --context-length 1024 --mode train_step --warmup 5 --steps 1 --dtype fp32 --seed 42 --device cuda --profile torch --output results/profile/result.json,profiler_trace_kernel,cuda_kernel,torch.profiler.chrome_trace_kernel,"void at::native::vectorized_elementwise_kernel<4, at::native::FillFunctor<float>, std::array<char*, 1ul> >(int, at::native::FillFunctor<float>, std::array<char*, 1ul>)",681,,10528.541,local Chrome trace cat=kernel aggregate inside profile/measure
xl_b4_ctx1024_fp32_train_step,xl,4,1024,train_step,fp32,torch.profiler,python profiling/benchmark.py --model-size xl --batch-size 4 --context-length 1024 --mode train_step --warmup 5 --steps 1 --dtype fp32 --seed 42 --device cuda --profile torch --output results/profile/result.json,profiler_trace_kernel,cuda_kernel,torch.profiler.chrome_trace_kernel,"void at::native::vectorized_elementwise_kernel<4, at::native::BinaryFunctor<float, float, float, at::native::binary_internal::DivFunctor<float> >, std::array<char*, 3ul> >(int, at::native::BinaryFunctor<float, float, float, at::native::binary_internal::DivFunctor<float> >, std::array<char*, 3ul>)",291,,9952.69,local Chrome trace cat=kernel aggregate inside profile/measure
xl_b4_ctx1024_fp32_train_step,xl,4,1024,train_step,fp32,torch.profiler,python profiling/benchmark.py --model-size xl --batch-size 4 --context-length 1024 --mode train_step --warmup 5 --steps 1 --dtype fp32 --seed 42 --device cuda --profile torch --output results/profile/result.json,profiler_trace_kernel,cuda_kernel,torch.profiler.chrome_trace_kernel,"void at::native::vectorized_elementwise_kernel<4, at::native::(anonymous namespace)::pow_tensor_scalar_kernel_impl<float, float>(at::TensorIteratorBase&, float)::{lambda(float)#1}, std::array<char*, 2ul> >(int, at::native::(anonymous namespace)::pow_tensor_scalar_kernel_impl<float, float>(at::TensorIteratorBase&, float)::{lambda(float)#1}, std::array<char*, 2ul>)",356,,8266.991,local Chrome trace cat=kernel aggregate inside profile/measure
xl_b4_ctx1024_fp32_train_step,xl,4,1024,train_step,fp32,torch.profiler,python profiling/benchmark.py --model-size xl --batch-size 4 --context-length 1024 --mode train_step --warmup 5 --steps 1 --dtype fp32 --seed 42 --device cuda --profile torch --output results/profile/result.json,profiler_trace_kernel,cuda_kernel,torch.profiler.chrome_trace_kernel,"void at::native::vectorized_elementwise_kernel<4, at::native::exp_kernel_cuda(at::TensorIteratorBase&)::{lambda()#2}::operator()() const::{lambda()#2}::operator()() const::{lambda(float)#1}, std::array<char*, 2ul> >(int, at::native::exp_kernel_cuda(at::TensorIteratorBase&)::{lambda()#2}::operator()() const::{lambda()#2}::operator()() const::{lambda(float)#1}, std::array<char*, 2ul>)",32,,8029.001,local Chrome trace cat=kernel aggregate inside profile/measure
xl_b4_ctx1024_fp32_train_step,xl,4,1024,train_step,fp32,torch.profiler,python profiling/benchmark.py --model-size xl --batch-size 4 --context-length 1024 --mode train_step --warmup 5 --steps 1 --dtype fp32 --seed 42 --device cuda --profile torch --output results/profile/result.json,profiler_trace_kernel,cuda_kernel,torch.profiler.chrome_trace_kernel,"void at::native::vectorized_elementwise_kernel<4, at::native::sqrt_kernel_cuda(at::TensorIteratorBase&)::{lambda()#2}::operator()() const::{lambda()#2}::operator()() const::{lambda(float)#1}, std::array<char*, 2ul> >(int, at::native::sqrt_kernel_cuda(at::TensorIteratorBase&)::{lambda()#2}::operator()() const::{lambda()#2}::operator()() const::{lambda(float)#1}, std::array<char*, 2ul>)",291,,7027.843,local Chrome trace cat=kernel aggregate inside profile/measure
xl_b4_ctx1024_fp32_train_step,xl,4,1024,train_step,fp32,torch.profiler,python profiling/benchmark.py --model-size xl --batch-size 4 --context-length 1024 --mode train_step --warmup 5 --steps 1 --dtype fp32 --seed 42 --device cuda --profile torch --output results/profile/result.json,profiler_trace_kernel,cuda_kernel,torch.profiler.chrome_trace_kernel,"void at::native::vectorized_elementwise_kernel<4, at::native::CUDAFunctorOnSelf_add<float>, std::array<char*, 2ul> >(int, at::native::CUDAFunctorOnSelf_add<float>, std::array<char*, 2ul>)",356,,6695.399,local Chrome trace cat=kernel aggregate inside profile/measure
xl_b4_ctx1024_fp32_train_step,xl,4,1024,train_step,fp32,torch.profiler,python profiling/benchmark.py --model-size xl --batch-size 4 --context-length 1024 --mode train_step --warmup 5 --steps 1 --dtype fp32 --seed 42 --device cuda --profile torch --output results/profile/result.json,profiler_trace_kernel,cuda_kernel,torch.profiler.chrome_trace_kernel,"void at::native::reduce_kernel<512, 1, at::native::ReduceOp<float, at::native::MaxOps<float>, unsigned int, float, 4, 4> >(at::native::ReduceOp<float, at::native::MaxOps<float>, unsigned int, float, 4, 4>)",32,,5772.008,local Chrome trace cat=kernel aggregate inside profile/measure
xl_b4_ctx1024_fp32_train_step,xl,4,1024,train_step,fp32,torch.profiler,python profiling/benchmark.py --model-size xl --batch-size 4 --context-length 1024 --mode train_step --warmup 5 --steps 1 --dtype fp32 --seed 42 --device cuda --profile torch --output results/profile/result.json,profiler_trace_kernel,cuda_kernel,torch.profiler.chrome_trace_kernel,"void at::native::(anonymous namespace)::CatArrayBatchedCopy<at::native::(anonymous namespace)::OpaqueType<4u>, unsigned int, 4, 64, 64>(at::native::(anonymous namespace)::OpaqueType<4u>*, at::native::(anonymous namespace)::CatArrInputTensorMetadata<at::native::(anonymous namespace)::OpaqueType<4u>, unsigned int, 64, 64>, at::native::(anonymous namespace)::TensorSizeStride<unsigned int, 4u>, int, unsigned int)",96,,4576.381,local Chrome trace cat=kernel aggregate inside profile/measure
xl_b4_ctx1024_fp32_train_step,xl,4,1024,train_step,fp32,torch.profiler,python profiling/benchmark.py --model-size xl --batch-size 4 --context-length 1024 --mode train_step --warmup 5 --steps 1 --dtype fp32 --seed 42 --device cuda --profile torch --output results/profile/result.json,profiler_trace_kernel,cuda_kernel,torch.profiler.chrome_trace_kernel,void cutlass::Kernel2<cutlass_80_simt_sgemm_128x256_8x4_nt_align1>(cutlass_80_simt_sgemm_128x256_8x4_nt_align1::Params),1,,3975.813,local Chrome trace cat=kernel aggregate inside profile/measure
xl_b4_ctx1024_fp32_train_step,xl,4,1024,train_step,fp32,torch.profiler,python profiling/benchmark.py --model-size xl --batch-size 4 --context-length 1024 --mode train_step --warmup 5 --steps 1 --dtype fp32 --seed 42 --device cuda --profile torch --output results/profile/result.json,profiler_trace_kernel,cuda_kernel,torch.profiler.chrome_trace_kernel,"void at::native::vectorized_elementwise_kernel<4, at::native::sigmoid_backward_kernel_cuda(at::TensorIteratorBase&)::{lambda()#2}::operator()() const::{lambda()#2}::operator()() const::{lambda(float, float)#1}, std::array<char*, 3ul> >(int, at::native::sigmoid_backward_kernel_cuda(at::TensorIteratorBase&)::{lambda()#2}::operator()() const::{lambda()#2}::operator()() const::{lambda(float, float)#1}, std::array<char*, 3ul>)",32,,3748.037,local Chrome trace cat=kernel aggregate inside profile/measure
xl_b4_ctx1024_fp32_train_step,xl,4,1024,train_step,fp32,torch.profiler,python profiling/benchmark.py --model-size xl --batch-size 4 --context-length 1024 --mode train_step --warmup 5 --steps 1 --dtype fp32 --seed 42 --device cuda --profile torch --output results/profile/result.json,profiler_trace_kernel,cuda_kernel,torch.profiler.chrome_trace_kernel,"void at::native::vectorized_elementwise_kernel<4, at::native::sigmoid_kernel_cuda(at::TensorIteratorBase&)::{lambda()#2}::operator()() const::{lambda()#2}::operator()() const::{lambda(float)#1}, std::array<char*, 2ul> >(int, at::native::sigmoid_kernel_cuda(at::TensorIteratorBase&)::{lambda()#2}::operator()() const::{lambda()#2}::operator()() const::{lambda(float)#1}, std::array<char*, 2ul>)",32,,2501.09,local Chrome trace cat=kernel aggregate inside profile/measure
xl_b4_ctx1024_fp32_train_step,xl,4,1024,train_step,fp32,torch.profiler,python profiling/benchmark.py --model-size xl --batch-size 4 --context-length 1024 --mode train_step --warmup 5 --steps 1 --dtype fp32 --seed 42 --device cuda --profile torch --output results/profile/result.json,profiler_trace_kernel,cuda_kernel,torch.profiler.chrome_trace_kernel,"void at::native::elementwise_kernel<128, 2, at::native::gpu_kernel_impl_nocast<at::native::BUnaryFunctor<float, float, float, at::native::binary_internal::MulFunctor<float> > >(at::TensorIteratorBase&, at::native::BUnaryFunctor<float, float, float, at::native::binary_internal::MulFunctor<float> > const&)::{lambda(int)#1}>(int, at::native::gpu_kernel_impl_nocast<at::native::BUnaryFunctor<float, float, float, at::native::binary_internal::MulFunctor<float> > >(at::TensorIteratorBase&, at::native::BUnaryFunctor<float, float, float, at::native::binary_internal::MulFunctor<float> > const&)::{lambda(int)#1})",65,,1741.921,local Chrome trace cat=kernel aggregate inside profile/measure
xl_b4_ctx1024_fp32_train_step,xl,4,1024,train_step,fp32,torch.profiler,python profiling/benchmark.py --model-size xl --batch-size 4 --context-length 1024 --mode train_step --warmup 5 --steps 1 --dtype fp32 --seed 42 --device cuda --profile torch --output results/profile/result.json,profiler_trace_kernel,cuda_kernel,torch.profiler.chrome_trace_kernel,"void at::native::reduce_kernel<128, 4, at::native::ReduceOp<float, at::native::func_wrapper_t<float, at::native::sum_functor<float, float, float>::operator()(at::TensorIterator&)::{lambda(float, float)#1}>, unsigned int, float, 4, 4> >(at::native::ReduceOp<float, at::native::func_wrapper_t<float, at::native::sum_functor<float, float, float>::operator()(at::TensorIterator&)::{lambda(float, float)#1}>, unsigned int, float, 4, 4>)",65,,1549.089,local Chrome trace cat=kernel aggregate inside profile/measure
xl_b4_ctx1024_fp32_train_step,xl,4,1024,train_step,fp32,torch.profiler,python profiling/benchmark.py --model-size xl --batch-size 4 --context-length 1024 --mode train_step --warmup 5 --steps 1 --dtype fp32 --seed 42 --device cuda --profile torch --output results/profile/result.json,profiler_trace_kernel,cuda_kernel,torch.profiler.chrome_trace_kernel,"void at::native::elementwise_kernel<128, 2, at::native::gpu_kernel_impl_nocast<at::native::neg_kernel_cuda(at::TensorIteratorBase&)::{lambda()#2}::operator()() const::{lambda()#7}::operator()() const::{lambda(float)#1}>(at::TensorIteratorBase&, at::native::neg_kernel_cuda(at::TensorIteratorBase&)::{lambda()#2}::operator()() const::{lambda()#7}::operator()() const::{lambda(float)#1} const&)::{lambda(int)#1}>(int, at::native::gpu_kernel_impl_nocast<at::native::neg_kernel_cuda(at::TensorIteratorBase&)::{lambda()#2}::operator()() const::{lambda()#7}::operator()() const::{lambda(float)#1}>(at::TensorIteratorBase&, at::native::neg_kernel_cuda(at::TensorIteratorBase&)::{lambda()#2}::operator()() const::{lambda()#7}::operator()() const::{lambda(float)#1} const&)::{lambda(int)#1})",64,,1188.701,local Chrome trace cat=kernel aggregate inside profile/measure
xl_b4_ctx1024_fp32_train_step,xl,4,1024,train_step,fp32,torch.profiler,python profiling/benchmark.py --model-size xl --batch-size 4 --context-length 1024 --mode train_step --warmup 5 --steps 1 --dtype fp32 --seed 42 --device cuda --profile torch --output results/profile/result.json,profiler_trace_kernel,cuda_kernel,torch.profiler.chrome_trace_kernel,"void at::native::reduce_kernel<512, 1, at::native::ReduceOp<float, at::native::MeanOps<float, float, float, float>, unsigned int, float, 4, 4> >(at::native::ReduceOp<float, at::native::MeanOps<float, float, float, float>, unsigned int, float, 4, 4>)",65,,1034.943,local Chrome trace cat=kernel aggregate inside profile/measure
xl_b4_ctx1024_fp32_train_step,xl,4,1024,train_step,fp32,torch.profiler,python profiling/benchmark.py --model-size xl --batch-size 4 --context-length 1024 --mode train_step --warmup 5 --steps 1 --dtype fp32 --seed 42 --device cuda --profile torch --output results/profile/result.json,profiler_trace_kernel,cuda_kernel,torch.profiler.chrome_trace_kernel,"void at::native::(anonymous namespace)::CatArrayBatchedCopy_vectorized<at::native::(anonymous namespace)::OpaqueType<4u>, unsigned int, 1, 128, 1, 16, 4>(char*, at::native::(anonymous namespace)::CatArrInputTensorMetadata<at::native::(anonymous namespace)::OpaqueType<4u>, unsigned int, 128, 1>, at::native::(anonymous namespace)::TensorSizeStride<unsigned int, 4u>, int, unsigned int)",32,,666.117,local Chrome trace cat=kernel aggregate inside profile/measure
xl_b4_ctx1024_fp32_train_step,xl,4,1024,train_step,fp32,torch.profiler,python profiling/benchmark.py --model-size xl --batch-size 4 --context-length 1024 --mode train_step --warmup 5 --steps 1 --dtype fp32 --seed 42 --device cuda --profile torch --output results/profile/result.json,profiler_trace_kernel,cuda_kernel,torch.profiler.chrome_trace_kernel,"void at::native::_scatter_gather_elementwise_kernel<128, 8, at::native::_cuda_scatter_gather_internal_kernel<true, at::native::OpaqueType<4>, long>::operator()<at::native::TensorAssign>(at::TensorIterator&, long, long, long, at::native::TensorAssign const&)::{lambda(int)#1}>(int, at::native::_cuda_scatter_gather_internal_kernel<true, at::native::OpaqueType<4>, long>::operator()<at::native::TensorAssign>(at::TensorIterator&, long, long, long, at::native::TensorAssign const&)::{lambda(int)#1})",32,,451.199,local Chrome trace cat=kernel aggregate inside profile/measure
xl_b4_ctx1024_fp32_train_step,xl,4,1024,train_step,fp32,torch.profiler,python profiling/benchmark.py --model-size xl --batch-size 4 --context-length 1024 --mode train_step --warmup 5 --steps 1 --dtype fp32 --seed 42 --device cuda --profile torch --output results/profile/result.json,profiler_trace_kernel,cuda_kernel,torch.profiler.chrome_trace_kernel,"void at::native::elementwise_kernel<128, 4, at::native::gpu_kernel_impl_nocast<at::native::(anonymous namespace)::CompareFunctor<long> >(at::TensorIteratorBase&, at::native::(anonymous namespace)::CompareFunctor<long> const&)::{lambda(int)#1}>(int, at::native::gpu_kernel_impl_nocast<at::native::(anonymous namespace)::CompareFunctor<long> >(at::TensorIteratorBase&, at::native::(anonymous namespace)::CompareFunctor<long> const&)::{lambda(int)#1})",32,,143.458,local Chrome trace cat=kernel aggregate inside profile/measure
xl_b4_ctx1024_fp32_train_step,xl,4,1024,train_step,fp32,torch.profiler,python profiling/benchmark.py --model-size xl --batch-size 4 --context-length 1024 --mode train_step --warmup 5 --steps 1 --dtype fp32 --seed 42 --device cuda --profile torch --output results/profile/result.json,profiler_trace_kernel,cuda_kernel,torch.profiler.chrome_trace_kernel,"void at::native::vectorized_elementwise_kernel<4, at::native::(anonymous namespace)::pow_tensor_scalar_kernel_impl<float, float>(at::TensorIteratorBase&, float)::{lambda(float)#2}, std::array<char*, 2ul> >(int, at::native::(anonymous namespace)::pow_tensor_scalar_kernel_impl<float, float>(at::TensorIteratorBase&, float)::{lambda(float)#2}, std::array<char*, 2ul>)",65,,123.006,local Chrome trace cat=kernel aggregate inside profile/measure
xl_b4_ctx1024_fp32_train_step,xl,4,1024,train_step,fp32,torch.profiler,python profiling/benchmark.py --model-size xl --batch-size 4 --context-length 1024 --mode train_step --warmup 5 --steps 1 --dtype fp32 --seed 42 --device cuda --profile torch --output results/profile/result.json,profiler_trace_kernel,cuda_kernel,torch.profiler.chrome_trace_kernel,"void at::native::(anonymous namespace)::cunn_SoftMaxBackwardSmem<4, float, float, float, at::native::(anonymous namespace)::LogSoftMaxBackwardEpilogue>(float*, float const*, float const*, long)",1,,122.816,local Chrome trace cat=kernel aggregate inside profile/measure
