{"val_loss":0.7629176259040833,"step":39000,"perp":2.1445240205273777,"wall_clock_s":1449.7933413982391,"_step":39000,"train_loss":0.7529959082603455,"tokens_processed":319496192,"_runtime":1485.087614933,"_timestamp":1.7842935918678837e+09,"_wandb":{"runtime":1485},"lr":3.042035078954792e-05}