{"parameter_formula":"P=2Vd+L(4d^2+3df+2d)+d","flops_formula":"F=L(8Td^2+4T^2d+6Tdf)+2TdV","gpt2_xl_parameters":1640452800,"gpt2_xl_fp32_parameter_bytes":6561811200,"gpt2_xl_forward_flops_T1024":3516769894400,"gpt2_xl_forward_flops_T16384":133577729638400,"gpt2_xl_attention_fraction_T1024":0.09159614,"gpt2_xl_attention_fraction_T16384":0.61734372,"adamw_flops_per_step_convention":"14P","h100_single_card_hours_estimate":4850.1}
