{"perp":2.5017270317578917,"_timestamp":1.7842887495815327e+09,"val_loss":0.9169813060760498,"tokens_processed":36896768,"_runtime":242.724896574,"_step":1125,"_wandb":{"runtime":242},"wall_clock_s":225.54908752441406,"step":1125,"train_loss":0.9222509264945984,"lr":0.00037164432518160747}