{"wall_clock_s":205.86179399490356,"train_loss":0.9759928584098816,"_timestamp":1.7842865314193974e+09,"_wandb":{"runtime":224},"_runtime":224.23012367,"val_loss":1.0559641027450561,"lr":3.7164432518160744e-05,"tokens_processed":36880384,"perp":2.8747453682019866,"_step":2250,"step":2250}