{
  "ablation": {},
  "batch_size": 128,
  "best_val_loss": 4.752885818481445,
  "context_length": 256,
  "final_train_loss": 5.032033443450928,
  "final_val_loss": 5.006799221038818,
  "max_cuda_memory_bytes": 11739307008,
  "model": {
    "context_length": 256,
    "d_ff": 1344,
    "d_model": 512,
    "num_heads": 16,
    "num_layers": 4,
    "rope_theta": 10000.0,
    "vocab_size": 10000
  },
  "parameter_count": 22696448,
  "processed_tokens": 16384000,
  "run_name": "lr_divergent_3e-1",
  "steps": 500,
  "tokens_per_sec": 153533.4785686987,
  "total_training_sec": 106.71288212016225
}