{"perp":2.155382070114907,"wall_clock_s":1463.136950492859,"_runtime":1498.857079381,"tokens_processed":319496192,"val_loss":0.7679680025577545,"step":39000,"lr":3.042035078954792e-05,"_step":39000,"train_loss":0.7938412427902222,"_timestamp":1.7842907137655404e+09,"_wandb":{"runtime":1498}}