run_name,stage,op_name,calls,cpu_self_time_us,cpu_total_time_us,cuda_self_time_us,cuda_total_time_us,source_file
medium_ctx1024_train_step_fp32,attention/scores,attention/scores,24,1205.12,5487.259,0.0,30247.457,profile_001.csv
medium_ctx1024_train_step_fp32,attention/scores,attention/scores,24,0.0,0.0,29116.486,29116.486,profile_001.csv
medium_ctx1024_train_step_fp32,attention/softmax,attention/softmax,24,1130.579,4666.02,0.0,34297.015,profile_001.csv
medium_ctx1024_train_step_fp32,attention/softmax,attention/softmax,24,0.0,0.0,33413.591,33413.591,profile_001.csv
medium_ctx1024_train_step_fp32,attention/value,attention/value,24,624.64,3404.111,0.0,23689.053,profile_001.csv
medium_ctx1024_train_step_fp32,attention/value,attention/value,24,0.0,0.0,23659.039,23659.039,profile_001.csv
medium_ctx1024_train_step_fp32,backward,backward,1,102665.228,606785.812,0.0,1.887,profile_001.csv
medium_ctx1024_train_step_fp32,backward,backward,1,0.0,0.0,1.887,1.887,profile_001.csv
medium_ctx1024_train_step_fp32,forward,forward,1,12168.476,73954.962,0.0,296300.304,profile_001.csv
medium_ctx1024_train_step_fp32,forward,forward,1,0.0,0.0,292995.902,292995.902,profile_001.csv
medium_ctx1024_train_step_fp32,operator_or_kernel,aten::bmm,651,11423.854,150521.845,676686.951,679519.196,profile_001.csv
medium_ctx1024_train_step_fp32,operator_or_kernel,BmmBackward0,217,1441.517,145923.497,0.0,455556.316,profile_001.csv
medium_ctx1024_train_step_fp32,operator_or_kernel,autograd::engine::evaluate_function: BmmBackward0,217,1588.737,147512.234,0.0,455556.316,profile_001.csv
medium_ctx1024_train_step_fp32,operator_or_kernel,ProfilerStep*,1,84.716,952940.662,0.0,336694.474,profile_001.csv
medium_ctx1024_train_step_fp32,operator_or_kernel,aten::einsum,169,3650.914,16872.134,0.0,187899.06,profile_001.csv
medium_ctx1024_train_step_fp32,operator_or_kernel,ampere_sgemm_128x64_tn,145,0.0,0.0,138687.075,138687.075,profile_001.csv
medium_ctx1024_train_step_fp32,operator_or_kernel,ampere_sgemm_64x32_sliced1x4_nt,72,0.0,0.0,134445.204,134445.204,profile_001.csv
medium_ctx1024_train_step_fp32,operator_or_kernel,ampere_sgemm_128x32_nn,48,0.0,0.0,94648.377,94648.377,profile_001.csv
medium_ctx1024_train_step_fp32,operator_or_kernel,ampere_sgemm_128x64_nn,120,0.0,0.0,90315.464,90315.464,profile_001.csv
medium_ctx1024_train_step_fp32,operator_or_kernel,attention,24,1450.413,15007.803,0.0,88233.525,profile_001.csv
medium_ctx1024_train_step_fp32,operator_or_kernel,aten::mul,2381,18667.409,269526.098,67397.283,69864.637,profile_001.csv
medium_ctx1024_train_step_fp32,operator_or_kernel,autograd::engine::evaluate_function: DivBackward0,48,375.666,14886.987,0.0,57484.304,profile_001.csv
medium_ctx1024_train_step_fp32,operator_or_kernel,aten::div,412,3543.679,33117.85,55776.177,56740.33,profile_001.csv
medium_ctx1024_train_step_fp32,operator_or_kernel,DivBackward0,48,272.126,10157.184,0.0,53511.743,profile_001.csv
medium_ctx1024_train_step_fp32,operator_or_kernel,ampere_sgemm_128x32_tn,24,0.0,0.0,46665.148,46665.148,profile_001.csv
medium_ctx1024_train_step_fp32,operator_or_kernel,ampere_sgemm_128x128_nn,48,0.0,0.0,45905.088,45905.088,profile_001.csv
medium_ctx1024_train_step_fp32,operator_or_kernel,ampere_sgemm_128x64_nt,96,0.0,0.0,45733.924,45733.924,profile_001.csv
medium_ctx1024_train_step_fp32,operator_or_kernel,ampere_sgemm_128x128_nt,48,0.0,0.0,45461.955,45461.955,profile_001.csv
medium_ctx1024_train_step_fp32,operator_or_kernel,"void at::native::vectorized_elementwise_kernel<4, at::native::BinaryFunctor<float, float, float, at::native::binary_internal::MulFunctor<float> >, std::array<char*, 3ul> >(int, at::native::BinaryFunctor<float, float, float, at::native::binary_internal::MulFunctor<float> >, std::array<char*, 3ul>)",388,0.0,0.0,42547.736,42547.736,profile_001.csv
medium_ctx1024_train_step_fp32,operator_or_kernel,Optimizer.step#AdamW.step,1,15030.015,269974.784,0.0,40392.283,profile_001.csv
medium_ctx1024_train_step_fp32,operator_or_kernel,Optimizer.step#AdamW.step,1,0.0,0.0,38817.311,38817.311,profile_001.csv
medium_ctx1024_train_step_fp32,operator_or_kernel,"void at::native::elementwise_kernel<128, 2, at::native::gpu_kernel_impl_nocast<at::native::BinaryFunctor<float, float, float, at::native::binary_internal::DivFunctor<float> > >(at::TensorIteratorBase&, at::native::BinaryFunctor<float, float, float, at::native::binary_internal::DivFunctor<float> > co",96,0.0,0.0,37496.29,37496.29,profile_001.csv
medium_ctx1024_train_step_fp32,operator_or_kernel,aten::where,96,882.073,12118.539,18060.914,36969.378,profile_001.csv
medium_ctx1024_train_step_fp32,operator_or_kernel,aten::matmul,48,491.342,4423.609,0.0,36791.687,profile_001.csv
medium_ctx1024_train_step_fp32,operator_or_kernel,"void at::native::vectorized_elementwise_kernel<4, at::native::CUDAFunctor_add<float>, std::array<char*, 3ul> >(int, at::native::CUDAFunctor_add<float>, std::array<char*, 3ul>)",1333,0.0,0.0,31879.959,31879.959,profile_001.csv
medium_ctx1024_train_step_fp32,operator_or_kernel,aten::add_,289,1614.001,92918.816,26187.182,26187.182,profile_001.csv
medium_ctx1024_train_step_fp32,operator_or_kernel,ampere_sgemm_128x128_tn,48,0.0,0.0,25183.031,25183.031,profile_001.csv
medium_ctx1024_train_step_fp32,operator_or_kernel,autograd::engine::evaluate_function: MulBackward0,338,2972.801,160383.448,0.0,23753.758,profile_001.csv
medium_ctx1024_train_step_fp32,operator_or_kernel,MulBackward0,338,890.179,90049.466,0.0,19520.117,profile_001.csv
medium_ctx1024_train_step_fp32,operator_or_kernel,"void at::native::elementwise_kernel<128, 2, at::native::gpu_kernel_impl_nocast<at::native::(anonymous namespace)::where_kernel_impl(at::TensorIterator&)::{lambda()#1}::operator()() const::{lambda()#11}::operator()() const::{lambda(bool, float, float)#1}>(at::TensorIteratorBase&, at::native::(anonymo",48,0.0,0.0,18060.914,18060.914,profile_001.csv
medium_ctx1024_train_step_fp32,operator_or_kernel,"void at::native::elementwise_kernel<128, 2, at::native::gpu_kernel_impl_nocast<at::native::CUDAFunctor_add<float> >(at::TensorIteratorBase&, at::native::CUDAFunctor_add<float> const&)::{lambda(int)#1}>(int, at::native::gpu_kernel_impl_nocast<at::native::CUDAFunctor_add<float> >(at::TensorIteratorBas",48,0.0,0.0,16439.87,16439.87,profile_001.csv
medium_ctx1024_train_step_fp32,operator_or_kernel,aten::neg,96,755.292,12161.709,15405.027,15405.027,profile_001.csv
medium_ctx1024_train_step_fp32,operator_or_kernel,"void at::native::vectorized_elementwise_kernel<4, at::native::BUnaryFunctor<float, float, float, at::native::binary_internal::MulFunctor<float> >, std::array<char*, 2ul> >(int, at::native::BUnaryFunctor<float, float, float, at::native::binary_internal::MulFunctor<float> >, std::array<char*, 2ul>)",48,0.0,0.0,14806.274,14806.274,profile_001.csv
medium_ctx1024_train_step_fp32,operator_or_kernel,autograd::engine::evaluate_function: MaxBackward0,24,257.745,57404.689,0.0,14711.326,profile_001.csv
medium_ctx1024_train_step_fp32,operator_or_kernel,"void at::native::vectorized_elementwise_kernel<4, at::native::neg_kernel_cuda(at::TensorIteratorBase&)::{lambda()#2}::operator()() const::{lambda()#7}::operator()() const::{lambda(float)#1}, std::array<char*, 2ul> >(int, at::native::neg_kernel_cuda(at::TensorIteratorBase&)::{lambda()#2}::operator()(",48,0.0,0.0,14701.83,14701.83,profile_001.csv
medium_ctx1024_train_step_fp32,operator_or_kernel,aten::sum,170,2003.713,31970.353,13761.382,13923.589,profile_001.csv
medium_ctx1024_train_step_fp32,operator_or_kernel,"void at::native::vectorized_elementwise_kernel<4, at::native::AUnaryFunctor<float, float, float, at::native::binary_internal::MulFunctor<float> >, std::array<char*, 2ul> >(int, at::native::AUnaryFunctor<float, float, float, at::native::binary_internal::MulFunctor<float> >, std::array<char*, 2ul>)",1412,0.0,0.0,13483.872,13483.872,profile_001.csv
medium_ctx1024_train_step_fp32,operator_or_kernel,"void at::native::reduce_kernel<512, 1, at::native::ReduceOp<float, at::native::func_wrapper_t<float, at::native::sum_functor<float, float, float>::operator()(at::TensorIterator&)::{lambda(float, float)#1}>, unsigned int, float, 4, 4> >(at::native::ReduceOp<float, at::native::func_wrapper_t<float, at",121,0.0,0.0,12810.378,12810.378,profile_001.csv
medium_ctx1024_train_step_fp32,operator_or_kernel,autograd::engine::evaluate_function: SubBackward0,72,382.767,11028.188,0.0,12072.111,profile_001.csv
medium_ctx1024_train_step_fp32,operator_or_kernel,aten::copy_,411,4156.135,39249.128,11883.572,11939.892,profile_001.csv
medium_ctx1024_train_step_fp32,operator_or_kernel,Command Buffer Full,1644,732887.596,732887.596,11607.737,11607.737,profile_001.csv
medium_ctx1024_train_step_fp32,operator_or_kernel,cudaLaunchKernel,7192,504397.478,734531.245,0.0,11607.737,profile_001.csv
medium_ctx1024_train_step_fp32,operator_or_kernel,"void at::native::elementwise_kernel<128, 2, at::native::gpu_kernel_impl_nocast<at::native::BinaryFunctor<float, float, float, at::native::binary_internal::MulFunctor<float> > >(at::TensorIteratorBase&, at::native::BinaryFunctor<float, float, float, at::native::binary_internal::MulFunctor<float> > co",580,0.0,0.0,11363.435,11363.435,profile_001.csv
medium_ctx1024_train_step_fp32,operator_or_kernel,aten::add,850,6368.113,54936.317,9906.402,11257.251,profile_001.csv
medium_ctx1024_train_step_fp32,operator_or_kernel,ExpBackward0,24,73.039,788.709,0.0,10935.796,profile_001.csv
medium_ctx1024_train_step_fp32,operator_or_kernel,autograd::engine::evaluate_function: ExpBackward0,24,126.202,914.911,0.0,10935.796,profile_001.csv
medium_ctx1024_train_step_fp32,operator_or_kernel,"void at::native::elementwise_kernel<128, 2, at::native::gpu_kernel_impl_nocast<at::native::direct_copy_kernel_cuda(at::TensorIteratorBase&)::{lambda()#3}::operator()() const::{lambda()#7}::operator()() const::{lambda(float)#1}>(at::TensorIteratorBase&, at::native::direct_copy_kernel_cuda(at::TensorI",361,0.0,0.0,10812.122,10812.122,profile_001.csv
medium_ctx1024_train_step_fp32,operator_or_kernel,WhereBackward0,24,56.341,5367.886,0.0,9072.86,profile_001.csv
medium_ctx1024_train_step_fp32,operator_or_kernel,autograd::engine::evaluate_function: WhereBackward0,24,170.781,5538.667,0.0,9072.86,profile_001.csv
medium_ctx1024_train_step_fp32,operator_or_kernel,aten::sub,72,751.294,1091.526,8669.438,9010.525,profile_001.csv
medium_ctx1024_train_step_fp32,operator_or_kernel,autograd::engine::evaluate_function: SumBackward1,24,212.455,2230.879,0.0,8253.085,profile_001.csv
medium_ctx1024_train_step_fp32,operator_or_kernel,SubBackward0,72,131.776,9609.706,0.0,8093.122,profile_001.csv
medium_ctx1024_train_step_fp32,operator_or_kernel,aten::exp,24,262.821,1309.645,7372.226,7678.849,profile_001.csv
medium_ctx1024_train_step_fp32,operator_or_kernel,"void at::native::vectorized_elementwise_kernel<4, at::native::exp_kernel_cuda(at::TensorIteratorBase&)::{lambda()#2}::operator()() const::{lambda()#2}::operator()() const::{lambda(float)#1}, std::array<char*, 2ul> >(int, at::native::exp_kernel_cuda(at::TensorIteratorBase&)::{lambda()#2}::operator()(",24,0.0,0.0,7372.226,7372.226,profile_001.csv
medium_ctx1024_train_step_fp32,operator_or_kernel,aten::fill_,514,1870.914,41401.42,6003.297,6442.431,profile_001.csv
medium_ctx1024_train_step_fp32,operator_or_kernel,aten::zero_,465,1054.469,41251.572,0.0,6345.502,profile_001.csv
medium_ctx1024_train_step_fp32,operator_or_kernel,aten::sub_,438,1999.828,32038.992,5133.099,6235.046,profile_001.csv
medium_ctx1024_train_step_fp32,operator_or_kernel,"void at::native::vectorized_elementwise_kernel<4, at::native::FillFunctor<float>, std::array<char*, 1ul> >(int, at::native::FillFunctor<float>, std::array<char*, 1ul>)",514,0.0,0.0,6003.297,6003.297,profile_001.csv
medium_ctx1024_train_step_fp32,operator_or_kernel,autograd::engine::evaluate_function: torch::autograd::AccumulateGrad,219,783.804,19798.6,0.0,5768.815,profile_001.csv
medium_ctx1024_train_step_fp32,operator_or_kernel,torch::autograd::AccumulateGrad,219,1035.783,19014.796,0.0,5768.815,profile_001.csv
medium_ctx1024_train_step_fp32,operator_or_kernel,autograd::engine::evaluate_function: SigmoidBackward0,24,236.14,5465.191,0.0,5532.584,profile_001.csv
medium_ctx1024_train_step_fp32,operator_or_kernel,aten::clone,192,671.926,16935.199,0.0,5099.627,profile_001.csv
medium_ctx1024_train_step_fp32,operator_or_kernel,aten::reshape,1593,3047.031,22778.031,0.0,5099.627,profile_001.csv
medium_ctx1024_train_step_fp32,operator_or_kernel,ampere_sgemm_64x32_sliced1x4_nn,1,0.0,0.0,4627.758,4627.758,profile_001.csv
medium_ctx1024_train_step_fp32,operator_or_kernel,void cutlass::Kernel2<cutlass_80_simt_sgemm_128x32_8x5_nt_align1>(cutlass_80_simt_sgemm_128x32_8x5_nt_align1::Params),1,0.0,0.0,4590.925,4590.925,profile_001.csv
medium_ctx1024_train_step_fp32,operator_or_kernel,aten::max,24,498.757,998.634,4277.647,4455.854,profile_001.csv
medium_ctx1024_train_step_fp32,operator_or_kernel,"void at::native::reduce_kernel<512, 1, at::native::ReduceOp<float, at::native::MaxOps<float>, unsigned int, float, 4, 4> >(at::native::ReduceOp<float, at::native::MaxOps<float>, unsigned int, float, 4, 4>)",24,0.0,0.0,4277.647,4277.647,profile_001.csv
medium_ctx1024_train_step_fp32,operator_or_kernel,aten::pow,366,3658.526,26582.496,2906.767,4238.183,profile_001.csv
medium_ctx1024_train_step_fp32,operator_or_kernel,autograd::engine::evaluate_function: PowBackward0,49,530.322,62570.613,0.0,4136.973,profile_001.csv
medium_ctx1024_train_step_fp32,operator_or_kernel,MaxBackward0,24,65.833,28247.488,0.0,3744.877,profile_001.csv
medium_ctx1024_train_step_fp32,operator_or_kernel,aten::value_selecting_reduction_backward,24,83.074,28181.655,0.0,3744.877,profile_001.csv
medium_ctx1024_train_step_fp32,operator_or_kernel,aten::zeros,25,83.313,1327.839,0.0,3391.087,profile_001.csv
medium_ctx1024_train_step_fp32,operator_or_kernel,aten::cat,96,1194.735,3663.741,3169.422,3205.101,profile_001.csv
medium_ctx1024_train_step_fp32,operator_or_kernel,PowBackward0,49,267.109,49470.304,0.0,2947.537,profile_001.csv
medium_ctx1024_train_step_fp32,operator_or_kernel,aten::zeros_like,438,855.303,43561.732,0.0,2850.256,profile_001.csv
medium_ctx1024_train_step_fp32,operator_or_kernel,"void at::native::vectorized_elementwise_kernel<4, at::native::(anonymous namespace)::pow_tensor_scalar_kernel_impl<float, float>(at::TensorIteratorBase&, float)::{lambda(float)#1}, std::array<char*, 2ul> >(int, at::native::(anonymous namespace)::pow_tensor_scalar_kernel_impl<float, float>(at::Tensor",268,0.0,0.0,2778.798,2778.798,profile_001.csv
medium_ctx1024_train_step_fp32,operator_or_kernel,SigmoidBackward0,24,80.807,1173.77,0.0,2747.026,profile_001.csv
medium_ctx1024_train_step_fp32,operator_or_kernel,aten::sigmoid_backward,24,196.251,1092.963,2747.026,2747.026,profile_001.csv
medium_ctx1024_train_step_fp32,operator_or_kernel,"void at::native::vectorized_elementwise_kernel<4, at::native::sigmoid_backward_kernel_cuda(at::TensorIteratorBase&)::{lambda()#2}::operator()() const::{lambda()#2}::operator()() const::{lambda(float, float)#1}, std::array<char*, 3ul> >(int, at::native::sigmoid_backward_kernel_cuda(at::TensorIterator",24,0.0,0.0,2747.026,2747.026,profile_001.csv
medium_ctx1024_train_step_fp32,operator_or_kernel,"void at::native::vectorized_elementwise_kernel<4, at::native::BinaryFunctor<float, float, float, at::native::binary_internal::DivFunctor<float> >, std::array<char*, 3ul> >(int, at::native::BinaryFunctor<float, float, float, at::native::binary_internal::DivFunctor<float> >, std::array<char*, 3ul>)",219,0.0,0.0,2742.417,2742.417,profile_001.csv
medium_ctx1024_train_step_fp32,operator_or_kernel,aten::sqrt,219,1387.232,11641.461,2213.787,2668.028,profile_001.csv
medium_ctx1024_train_step_fp32,operator_or_kernel,"void at::native::(anonymous namespace)::CatArrayBatchedCopy<at::native::(anonymous namespace)::OpaqueType<4u>, unsigned int, 4, 64, 64>(at::native::(anonymous namespace)::OpaqueType<4u>*, at::native::(anonymous namespace)::CatArrInputTensorMetadata<at::native::(anonymous namespace)::OpaqueType<4u>, ",72,0.0,0.0,2647.313,2647.313,profile_001.csv
medium_ctx1024_train_step_fp32,operator_or_kernel,aten::square,219,236.385,14618.774,0.0,2424.239,profile_001.csv
medium_ctx1024_train_step_fp32,operator_or_kernel,"void at::native::vectorized_elementwise_kernel<4, at::native::sqrt_kernel_cuda(at::TensorIteratorBase&)::{lambda()#2}::operator()() const::{lambda()#2}::operator()() const::{lambda(float)#1}, std::array<char*, 2ul> >(int, at::native::sqrt_kernel_cuda(at::TensorIteratorBase&)::{lambda()#2}::operator(",219,0.0,0.0,2213.787,2213.787,profile_001.csv
medium_ctx1024_train_step_fp32,operator_or_kernel,autograd::engine::evaluate_function: UnsqueezeBackward0,507,2328.705,12660.834,0.0,2077.241,profile_001.csv
medium_ctx1024_train_step_fp32,operator_or_kernel,ViewBackward0,628,978.018,10773.218,0.0,1998.326,profile_001.csv
medium_ctx1024_train_step_fp32,operator_or_kernel,autograd::engine::evaluate_function: ViewBackward0,628,2390.723,13163.941,0.0,1998.326,profile_001.csv
medium_ctx1024_train_step_fp32,operator_or_kernel,aten::sigmoid,24,305.203,444.17,1777.336,1777.336,profile_001.csv
medium_ctx1024_train_step_fp32,operator_or_kernel,"void at::native::vectorized_elementwise_kernel<4, at::native::sigmoid_kernel_cuda(at::TensorIteratorBase&)::{lambda()#2}::operator()() const::{lambda()#2}::operator()() const::{lambda(float)#1}, std::array<char*, 2ul> >(int, at::native::sigmoid_kernel_cuda(at::TensorIteratorBase&)::{lambda()#2}::ope",24,0.0,0.0,1777.336,1777.336,profile_001.csv
medium_ctx1024_train_step_fp32,operator_or_kernel,aten::concat,48,85.19,1276.858,0.0,1758.774,profile_001.csv
medium_ctx1024_train_step_fp32,operator_or_kernel,"void at::native::vectorized_elementwise_kernel<4, at::native::CUDAFunctorOnSelf_add<float>, std::array<char*, 2ul> >(int, at::native::CUDAFunctorOnSelf_add<float>, std::array<char*, 2ul>)",268,0.0,0.0,1576.292,1576.292,profile_001.csv
medium_ctx1024_train_step_fp32,operator_or_kernel,UnbindBackward0,48,106.835,2882.625,0.0,1446.327,profile_001.csv
medium_ctx1024_train_step_fp32,operator_or_kernel,aten::stack,48,246.261,2775.79,0.0,1446.327,profile_001.csv
medium_ctx1024_train_step_fp32,operator_or_kernel,autograd::engine::evaluate_function: UnbindBackward0,48,272.19,3154.815,0.0,1446.327,profile_001.csv
medium_ctx1024_train_step_fp32,operator_or_kernel,ReshapeAliasBackward0,241,419.341,7051.899,0.0,1156.542,profile_001.csv
medium_ctx1024_train_step_fp32,operator_or_kernel,autograd::engine::evaluate_function: ReshapeAliasBackward0,241,1006.486,8058.385,0.0,1156.542,profile_001.csv
medium_ctx1024_train_step_fp32,operator_or_kernel,Memcpy DtoD (Device -> Device),50,0.0,0.0,1071.45,1071.45,profile_001.csv
medium_ctx1024_train_step_fp32,operator_or_kernel,"void at::native::reduce_kernel<128, 4, at::native::ReduceOp<float, at::native::func_wrapper_t<float, at::native::sum_functor<float, float, float>::operator()(at::TensorIterator&)::{lambda(float, float)#1}>, unsigned int, float, 4, 4> >(at::native::ReduceOp<float, at::native::func_wrapper_t<float, at",49,0.0,0.0,865.723,865.723,profile_001.csv
medium_ctx1024_train_step_fp32,operator_or_kernel,MeanBackward1,49,178.245,7690.595,0.0,731.196,profile_001.csv
medium_ctx1024_train_step_fp32,operator_or_kernel,autograd::engine::evaluate_function: MeanBackward1,49,230.786,7921.381,0.0,731.196,profile_001.csv
medium_ctx1024_train_step_fp32,operator_or_kernel,"void at::native::elementwise_kernel<128, 2, at::native::gpu_kernel_impl_nocast<at::native::BUnaryFunctor<float, float, float, at::native::binary_internal::MulFunctor<float> > >(at::TensorIteratorBase&, at::native::BUnaryFunctor<float, float, float, at::native::binary_internal::MulFunctor<float> > co",49,0.0,0.0,731.196,731.196,profile_001.csv
medium_ctx1024_train_step_fp32,operator_or_kernel,"void at::native::elementwise_kernel<128, 2, at::native::gpu_kernel_impl_nocast<at::native::neg_kernel_cuda(at::TensorIteratorBase&)::{lambda()#2}::operator()() const::{lambda()#7}::operator()() const::{lambda(float)#1}>(at::TensorIteratorBase&, at::native::neg_kernel_cuda(at::TensorIteratorBase&)::{",48,0.0,0.0,703.197,703.197,profile_001.csv
medium_ctx1024_train_step_fp32,operator_or_kernel,UnsafeViewBackward0,96,149.48,1657.106,0.0,634.973,profile_001.csv
medium_ctx1024_train_step_fp32,operator_or_kernel,autograd::engine::evaluate_function: UnsafeViewBackward0,96,389.349,2046.455,0.0,634.973,profile_001.csv
medium_ctx1024_train_step_fp32,operator_or_kernel,aten::cross_entropy_loss,1,7.608,381.702,0.0,569.95,profile_001.csv
medium_ctx1024_train_step_fp32,operator_or_kernel,"void at::native::(anonymous namespace)::CatArrayBatchedCopy_aligned16_contig<at::native::(anonymous namespace)::OpaqueType<4u>, unsigned int, 4, 128, 1>(at::native::(anonymous namespace)::OpaqueType<4u>*, at::native::(anonymous namespace)::CatArrInputTensorMetadata<at::native::(anonymous namespace):",24,0.0,0.0,522.109,522.109,profile_001.csv
medium_ctx1024_train_step_fp32,operator_or_kernel,aten::mean,49,696.732,947.196,520.318,520.318,profile_001.csv
medium_ctx1024_train_step_fp32,operator_or_kernel,"void at::native::reduce_kernel<512, 1, at::native::ReduceOp<float, at::native::MeanOps<float, float, float, float>, unsigned int, float, 4, 4> >(at::native::ReduceOp<float, at::native::MeanOps<float, float, float, float>, unsigned int, float, 4, 4>)",49,0.0,0.0,520.318,520.318,profile_001.csv
medium_ctx1024_train_step_fp32,operator_or_kernel,Memset (Device),269,0.0,0.0,516.093,516.093,profile_001.csv
medium_ctx1024_train_step_fp32,operator_or_kernel,aten::_log_softmax,1,12.471,343.199,215.583,431.166,profile_001.csv
medium_ctx1024_train_step_fp32,operator_or_kernel,aten::log_softmax,1,4.801,348.358,0.0,431.166,profile_001.csv
medium_ctx1024_train_step_fp32,operator_or_kernel,aten::scatter_,24,307.85,26789.913,374.494,374.494,profile_001.csv
medium_ctx1024_train_step_fp32,operator_or_kernel,"void at::native::_scatter_gather_elementwise_kernel<128, 8, at::native::_cuda_scatter_gather_internal_kernel<true, at::native::OpaqueType<4> >::operator()<at::native::TensorAssign>(at::TensorIterator&, long, long, long, at::native::TensorAssign const&)::{lambda(int)#1}>(int, at::native::_cuda_scatte",24,0.0,0.0,374.494,374.494,profile_001.csv
medium_ctx1024_train_step_fp32,operator_or_kernel,RsqrtBackward0,49,333.047,38483.437,0.0,344.83,profile_001.csv
medium_ctx1024_train_step_fp32,operator_or_kernel,autograd::engine::evaluate_function: RsqrtBackward0,49,272.848,38756.285,0.0,344.83,profile_001.csv
medium_ctx1024_train_step_fp32,operator_or_kernel,LogSoftmaxBackward0,1,5.211,21.191,0.0,291.551,profile_001.csv
medium_ctx1024_train_step_fp32,operator_or_kernel,aten::_log_softmax_backward_data,1,10.01,15.98,291.551,291.551,profile_001.csv
medium_ctx1024_train_step_fp32,operator_or_kernel,autograd::engine::evaluate_function: LogSoftmaxBackward0,1,6.431,27.622,0.0,291.551,profile_001.csv
medium_ctx1024_train_step_fp32,operator_or_kernel,"void at::native::(anonymous namespace)::cunn_SoftMaxBackwardSmem<4, float, float, float, at::native::(anonymous namespace)::LogSoftMaxBackwardEpilogue>(float*, float const*, float const*, long)",1,0.0,0.0,291.551,291.551,profile_001.csv
medium_ctx1024_train_step_fp32,operator_or_kernel,"void at::native::(anonymous namespace)::cunn_SoftMaxForwardSmem<4, float, float, float, at::native::(anonymous namespace)::LogSoftMaxForwardEpilogue, long>(float*, float const*, long)",1,0.0,0.0,215.583,215.583,profile_001.csv
medium_ctx1024_train_step_fp32,operator_or_kernel,aten::ge,24,266.613,701.818,158.429,164.989,profile_001.csv
medium_ctx1024_train_step_fp32,operator_or_kernel,"void at::native::elementwise_kernel<128, 4, at::native::gpu_kernel_impl_nocast<at::native::(anonymous namespace)::CompareFunctor<long> >(at::TensorIteratorBase&, at::native::(anonymous namespace)::CompareFunctor<long> const&)::{lambda(int)#1}>(int, at::native::gpu_kernel_impl_nocast<at::native::(ano",24,0.0,0.0,158.429,158.429,profile_001.csv
medium_ctx1024_train_step_fp32,operator_or_kernel,NllLossBackward0,1,14.225,62.364,0.0,155.391,profile_001.csv
medium_ctx1024_train_step_fp32,operator_or_kernel,aten::nll_loss_backward,1,16.522,48.139,73.504,155.391,profile_001.csv
medium_ctx1024_train_step_fp32,operator_or_kernel,autograd::engine::evaluate_function: NllLossBackward0,1,27.782,90.146,0.0,155.391,profile_001.csv
medium_ctx1024_train_step_fp32,operator_or_kernel,aten::nll_loss,1,2.678,23.12,0.0,138.784,profile_001.csv
medium_ctx1024_train_step_fp32,operator_or_kernel,aten::nll_loss_forward,1,14.663,20.442,138.784,138.784,profile_001.csv
medium_ctx1024_train_step_fp32,operator_or_kernel,aten::nll_loss_nd,1,2.616,25.736,0.0,138.784,profile_001.csv
medium_ctx1024_train_step_fp32,operator_or_kernel,"void at::native::(anonymous namespace)::nll_loss_forward_reduce_cuda_kernel_2d<float, float, long>(float*, float*, float const*, long const*, float const*, bool, long, long, long, long)",1,0.0,0.0,138.784,138.784,profile_001.csv
medium_ctx1024_train_step_fp32,operator_or_kernel,"void at::native::vectorized_elementwise_kernel<4, at::native::(anonymous namespace)::pow_tensor_scalar_kernel_impl<float, float>(at::TensorIteratorBase&, float)::{lambda(float)#2}, std::array<char*, 2ul> >(int, at::native::(anonymous namespace)::pow_tensor_scalar_kernel_impl<float, float>(at::Tensor",49,0.0,0.0,127.969,127.969,profile_001.csv
medium_ctx1024_train_step_fp32,operator_or_kernel,aten::rsqrt,49,494.825,1304.206,99.717,107.749,profile_001.csv
medium_ctx1024_train_step_fp32,operator_or_kernel,aten::arange,50,262.103,923.259,51.904,103.808,profile_001.csv
medium_ctx1024_train_step_fp32,operator_or_kernel,"void at::native::vectorized_elementwise_kernel<4, at::native::rsqrt_kernel_cuda(at::TensorIteratorBase&)::{lambda()#2}::operator()() const::{lambda()#2}::operator()() const::{lambda(float)#1}, std::array<char*, 2ul> >(int, at::native::rsqrt_kernel_cuda(at::TensorIteratorBase&)::{lambda()#2}::operato",49,0.0,0.0,99.717,99.717,profile_001.csv
medium_ctx1024_train_step_fp32,operator_or_kernel,IndexBackward0,1,8.48,247.348,0.0,97.57,profile_001.csv
medium_ctx1024_train_step_fp32,operator_or_kernel,autograd::engine::evaluate_function: IndexBackward0,1,5.835,253.183,0.0,97.57,profile_001.csv
medium_ctx1024_train_step_fp32,operator_or_kernel,aten::scalar_tensor,48,177.554,1587.196,0.0,95.042,profile_001.csv
medium_ctx1024_train_step_fp32,operator_or_kernel,aten::_index_put_impl_,1,38.734,215.021,64.449,75.298,profile_001.csv
medium_ctx1024_train_step_fp32,operator_or_kernel,"void at::native::(anonymous namespace)::nll_loss_backward_reduce_cuda_kernel_2d<float, long>(float*, float const*, long const*, float const*, float const*, bool, int, int, long, long)",1,0.0,0.0,73.504,73.504,profile_001.csv
medium_ctx1024_train_step_fp32,operator_or_kernel,SliceBackward0,1,4.472,66.944,0.0,72.0,profile_001.csv
medium_ctx1024_train_step_fp32,operator_or_kernel,aten::slice_backward,1,6.218,62.472,0.0,72.0,profile_001.csv
medium_ctx1024_train_step_fp32,operator_or_kernel,autograd::engine::evaluate_function: SliceBackward0,1,5.752,72.696,0.0,72.0,profile_001.csv
medium_ctx1024_train_step_fp32,operator_or_kernel,"void (anonymous namespace)::elementwise_kernel_with_index<int, at::native::arange_cuda_out(c10::Scalar const&, c10::Scalar const&, c10::Scalar const&, at::Tensor&)::{lambda()#1}::operator()() const::{lambda()#4}::operator()() const::{lambda(long)#1}>(int, at::native::arange_cuda_out(c10::Scalar cons",25,0.0,0.0,51.904,51.904,profile_001.csv
medium_ctx1024_train_step_fp32,operator_or_kernel,aten::index,1,29.336,49.047,40.223,40.223,profile_001.csv
medium_ctx1024_train_step_fp32,operator_or_kernel,"void at::native::index_elementwise_kernel<128, 4, at::native::gpu_index_kernel<at::native::index_kernel_impl<at::native::OpaqueType<4> >(at::TensorIteratorBase&, c10::ArrayRef<long>, c10::ArrayRef<long>)::{lambda(char*, char const*, long)#1}>(at::TensorIteratorBase&, c10::ArrayRef<long>, c10::ArrayR",1,0.0,0.0,40.223,40.223,profile_001.csv
medium_ctx1024_train_step_fp32,operator_or_kernel,"void (anonymous namespace)::indexing_backward_kernel<float, 4>(long const*, long const*, float const*, float*, long, long, long, long, bool)",1,0.0,0.0,30.656,30.656,profile_001.csv
medium_ctx1024_train_step_fp32,operator_or_kernel,aten::new_zeros,1,3.82,23.847,0.0,22.272,profile_001.csv
medium_ctx1024_train_step_fp32,operator_or_kernel,"void at_cuda_detail::cub::DeviceRadixSortOnesweepKernel<at_cuda_detail::cub::DeviceRadixSortPolicy<long, at::cuda::cub::detail::OpaqueType<8>, unsigned long long>::Policy900, false, long, at::cuda::cub::detail::OpaqueType<8>, unsigned long long, int, int, at_cuda_detail::cub::detail::identity_decomp",2,0.0,0.0,20.351,20.351,profile_001.csv
medium_ctx1024_train_step_fp32,operator_or_kernel,aten::remainder,1,11.524,17.624,3.68,3.68,profile_001.csv
medium_ctx1024_train_step_fp32,operator_or_kernel,"void at::native::vectorized_elementwise_kernel<2, at::native::BUnaryFunctor<long, long, long, at::native::remainder_kernel_cuda(at::TensorIteratorBase&)::{lambda()#1}::operator()() const::{lambda()#4}::operator()() const::{lambda(long, long)#1}>, std::array<char*, 2ul> >(int, at::native::BUnaryFunct",1,0.0,0.0,3.68,3.68,profile_001.csv
medium_ctx1024_train_step_fp32,operator_or_kernel,"void at_cuda_detail::cub::DeviceRadixSortHistogramKernel<at_cuda_detail::cub::DeviceRadixSortPolicy<long, at::cuda::cub::detail::OpaqueType<8>, unsigned long long>::Policy900, false, long, unsigned long long, at_cuda_detail::cub::detail::identity_decomposer_t>(unsigned long long*, long const*, unsig",1,0.0,0.0,3.649,3.649,profile_001.csv
medium_ctx1024_train_step_fp32,operator_or_kernel,aten::div_,1,9.202,14.537,3.041,3.041,profile_001.csv
medium_ctx1024_train_step_fp32,operator_or_kernel,aten::divide_,1,1.382,15.919,0.0,3.041,profile_001.csv
medium_ctx1024_train_step_fp32,operator_or_kernel,"void at::native::vectorized_elementwise_kernel<2, at::native::BUnaryFunctor<long, long, long, at::native::binary_internal::div_trunc_kernel_cuda(at::TensorIteratorBase&)::{lambda()#1}::operator()() const::{lambda()#4}::operator()() const::{lambda(long, long)#1}>, std::array<char*, 2ul> >(int, at::na",1,0.0,0.0,3.041,3.041,profile_001.csv
medium_ctx1024_train_step_fp32,operator_or_kernel,"void at::native::vectorized_elementwise_kernel<2, at::native::AUnaryFunctor<long, long, long, at::native::binary_internal::MulFunctor<long> >, std::array<char*, 2ul> >(int, at::native::AUnaryFunctor<long, long, long, at::native::binary_internal::MulFunctor<long> >, std::array<char*, 2ul>)",1,0.0,0.0,2.24,2.24,profile_001.csv
medium_ctx1024_train_step_fp32,operator_or_kernel,"void at_cuda_detail::cub::DeviceRadixSortExclusiveSumKernel<at_cuda_detail::cub::DeviceRadixSortPolicy<long, at::cuda::cub::detail::OpaqueType<8>, unsigned long long>::Policy900, unsigned long long>(unsigned long long*)",1,0.0,0.0,1.983,1.983,profile_001.csv
medium_ctx1024_train_step_fp32,operator_or_kernel,aten::ones_like,1,2.61,30.076,0.0,1.887,profile_001.csv
medium_ctx1024_train_step_fp32,operator_or_kernel,AddBackward0,145,104.611,104.611,0.0,0.0,profile_001.csv
medium_ctx1024_train_step_fp32,operator_or_kernel,Buffer Flush,1,86.604,86.604,0.0,0.0,profile_001.csv
medium_ctx1024_train_step_fp32,operator_or_kernel,CatBackward0,48,146.692,789.859,0.0,0.0,profile_001.csv
medium_ctx1024_train_step_fp32,operator_or_kernel,CloneBackward0,48,14.765,14.765,0.0,0.0,profile_001.csv
medium_ctx1024_train_step_fp32,operator_or_kernel,ExpandBackward0,96,43.194,43.194,0.0,0.0,profile_001.csv
medium_ctx1024_train_step_fp32,operator_or_kernel,Optimizer.zero_grad#AdamW.zero_grad,1,294.912,294.912,0.0,0.0,profile_001.csv
medium_ctx1024_train_step_fp32,operator_or_kernel,PermuteBackward0,989,1630.492,5026.221,0.0,0.0,profile_001.csv
medium_ctx1024_train_step_fp32,operator_or_kernel,SumBackward1,24,53.545,166.616,0.0,0.0,profile_001.csv
medium_ctx1024_train_step_fp32,operator_or_kernel,TransposeBackward0,24,28.019,168.118,0.0,0.0,profile_001.csv
medium_ctx1024_train_step_fp32,operator_or_kernel,Unrecognized,1,1250.075,1250.075,0.0,0.0,profile_001.csv
medium_ctx1024_train_step_fp32,operator_or_kernel,UnsqueezeBackward0,507,535.863,2142.456,0.0,0.0,profile_001.csv
medium_ctx1024_train_step_fp32,operator_or_kernel,aten::_has_compatible_shallow_copy_type,438,42.845,42.845,0.0,0.0,profile_001.csv
medium_ctx1024_train_step_fp32,operator_or_kernel,aten::_reshape_alias,241,623.676,623.676,0.0,0.0,profile_001.csv
medium_ctx1024_train_step_fp32,operator_or_kernel,aten::_unsafe_view,240,391.297,391.297,0.0,0.0,profile_001.csv
medium_ctx1024_train_step_fp32,operator_or_kernel,aten::as_strided,4102,2750.738,2750.738,0.0,0.0,profile_001.csv
medium_ctx1024_train_step_fp32,operator_or_kernel,aten::detach,51,54.854,164.159,0.0,0.0,profile_001.csv
medium_ctx1024_train_step_fp32,operator_or_kernel,aten::empty,341,1547.867,1547.867,0.0,0.0,profile_001.csv
medium_ctx1024_train_step_fp32,operator_or_kernel,aten::empty_like,633,1173.25,3975.192,0.0,0.0,profile_001.csv
medium_ctx1024_train_step_fp32,operator_or_kernel,aten::empty_strided,608,2687.952,2687.952,0.0,0.0,profile_001.csv
medium_ctx1024_train_step_fp32,operator_or_kernel,aten::expand,169,655.502,822.455,0.0,0.0,profile_001.csv
medium_ctx1024_train_step_fp32,operator_or_kernel,aten::flatten,2,2.669,5.237,0.0,0.0,profile_001.csv
medium_ctx1024_train_step_fp32,operator_or_kernel,aten::narrow,96,216.895,643.167,0.0,0.0,profile_001.csv
medium_ctx1024_train_step_fp32,operator_or_kernel,aten::new_empty,1,1.737,7.605,0.0,0.0,profile_001.csv
medium_ctx1024_train_step_fp32,operator_or_kernel,aten::new_empty_strided,169,380.964,1235.571,0.0,0.0,profile_001.csv
medium_ctx1024_train_step_fp32,operator_or_kernel,aten::permute,1978,5728.615,7105.997,0.0,0.0,profile_001.csv
medium_ctx1024_train_step_fp32,operator_or_kernel,aten::resize_,74,245.726,245.726,0.0,0.0,profile_001.csv
medium_ctx1024_train_step_fp32,operator_or_kernel,aten::result_type,366,97.202,97.202,0.0,0.0,profile_001.csv
medium_ctx1024_train_step_fp32,operator_or_kernel,aten::select,192,395.458,508.721,0.0,0.0,profile_001.csv
medium_ctx1024_train_step_fp32,operator_or_kernel,aten::slice,194,687.368,808.82,0.0,0.0,profile_001.csv
medium_ctx1024_train_step_fp32,operator_or_kernel,aten::squeeze,507,1329.474,1606.593,0.0,0.0,profile_001.csv
medium_ctx1024_train_step_fp32,operator_or_kernel,aten::to,514,96.444,96.444,0.0,0.0,profile_001.csv
medium_ctx1024_train_step_fp32,operator_or_kernel,aten::transpose,482,1506.225,1854.914,0.0,0.0,profile_001.csv
medium_ctx1024_train_step_fp32,operator_or_kernel,aten::unbind,96,345.936,854.657,0.0,0.0,profile_001.csv
medium_ctx1024_train_step_fp32,operator_or_kernel,aten::unsqueeze,531,1701.599,2012.861,0.0,0.0,profile_001.csv
medium_ctx1024_train_step_fp32,operator_or_kernel,aten::view,1597,2723.922,2723.922,0.0,0.0,profile_001.csv
medium_ctx1024_train_step_fp32,operator_or_kernel,autograd::engine::evaluate_function: AddBackward0,145,601.469,706.08,0.0,0.0,profile_001.csv
medium_ctx1024_train_step_fp32,operator_or_kernel,autograd::engine::evaluate_function: CatBackward0,48,221.393,1011.252,0.0,0.0,profile_001.csv
medium_ctx1024_train_step_fp32,operator_or_kernel,autograd::engine::evaluate_function: CloneBackward0,48,165.449,180.214,0.0,0.0,profile_001.csv
medium_ctx1024_train_step_fp32,operator_or_kernel,autograd::engine::evaluate_function: ExpandBackward0,96,380.174,423.368,0.0,0.0,profile_001.csv
medium_ctx1024_train_step_fp32,operator_or_kernel,autograd::engine::evaluate_function: PermuteBackward0,989,3850.093,8876.314,0.0,0.0,profile_001.csv
medium_ctx1024_train_step_fp32,operator_or_kernel,autograd::engine::evaluate_function: TransposeBackward0,24,94.02,262.138,0.0,0.0,profile_001.csv
medium_ctx1024_train_step_fp32,operator_or_kernel,cuLaunchKernel,1,6.468,6.468,0.0,0.0,profile_001.csv
medium_ctx1024_train_step_fp32,operator_or_kernel,cudaDeviceGetAttribute,2,1.451,1.451,0.0,0.0,profile_001.csv
medium_ctx1024_train_step_fp32,operator_or_kernel,cudaDeviceSynchronize,3,18.987,18.987,0.0,0.0,profile_001.csv
medium_ctx1024_train_step_fp32,operator_or_kernel,cudaMemcpyAsync,50,7502.559,7502.559,0.0,0.0,profile_001.csv
medium_ctx1024_train_step_fp32,operator_or_kernel,cudaMemsetAsync,269,26602.511,26602.511,0.0,0.0,profile_001.csv
medium_ctx1024_train_step_fp32,operator_or_kernel,cudaOccupancyMaxActiveBlocksPerMultiprocessor,193,229.834,229.834,0.0,0.0,profile_001.csv
medium_ctx1024_train_step_fp32,operator_or_kernel,cudaOccupancyMaxActiveBlocksPerMultiprocessorWithFlags,1,1.461,1.461,0.0,0.0,profile_001.csv
medium_ctx1024_train_step_fp32,operator_or_kernel,cudaPeekAtLastError,4,0.351,0.351,0.0,0.0,profile_001.csv
medium_ctx1024_train_step_fp32,operator_or_kernel,detach,51,109.305,109.305,0.0,0.0,profile_001.csv
medium_ctx1024_train_step_fp32,optimizer,optimizer,2,64.443,270334.139,0.0,40392.283,profile_001.csv
medium_ctx1024_train_step_fp32,profile/measure,profile/measure,1,1761.425,952848.825,0.0,336694.474,profile_001.csv
medium_ctx256_train_step_fp32,attention/scores,attention/scores,24,0.0,0.0,2317.812,2317.812,profile_001.csv
medium_ctx256_train_step_fp32,attention/scores,attention/scores,24,1216.814,4692.603,0.0,2209.711,profile_001.csv
medium_ctx256_train_step_fp32,attention/softmax,attention/softmax,24,0.0,0.0,2375.859,2375.859,profile_001.csv
medium_ctx256_train_step_fp32,attention/softmax,attention/softmax,24,1140.011,3394.91,0.0,2254.866,profile_001.csv
medium_ctx256_train_step_fp32,attention/value,attention/value,24,0.0,0.0,2770.066,2770.066,profile_001.csv
medium_ctx256_train_step_fp32,attention/value,attention/value,24,636.31,2901.473,0.0,2718.485,profile_001.csv
medium_ctx256_train_step_fp32,backward,backward,1,112266.594,113864.85,0.0,1.632,profile_001.csv
medium_ctx256_train_step_fp32,backward,backward,1,0.0,0.0,1.632,1.632,profile_001.csv
medium_ctx256_train_step_fp32,forward,forward,1,0.0,0.0,64327.537,64327.537,profile_001.csv
medium_ctx256_train_step_fp32,forward,forward,1,12142.755,57515.462,0.0,61432.629,profile_001.csv
medium_ctx256_train_step_fp32,operator_or_kernel,aten::bmm,651,12502.428,18500.314,156747.579,156747.579,profile_001.csv
medium_ctx256_train_step_fp32,operator_or_kernel,BmmBackward0,217,1588.589,14829.37,0.0,104666.124,profile_001.csv
medium_ctx256_train_step_fp32,operator_or_kernel,autograd::engine::evaluate_function: BmmBackward0,217,1699.985,16529.355,0.0,104666.124,profile_001.csv
medium_ctx256_train_step_fp32,operator_or_kernel,ProfilerStep*,1,71.877,242954.838,0.0,95997.043,profile_001.csv
medium_ctx256_train_step_fp32,operator_or_kernel,aten::einsum,169,3693.685,16296.182,0.0,48515.776,profile_001.csv
medium_ctx256_train_step_fp32,operator_or_kernel,ampere_sgemm_128x64_tn,169,0.0,0.0,48294.464,48294.464,profile_001.csv
medium_ctx256_train_step_fp32,operator_or_kernel,Optimizer.step#AdamW.step,1,0.0,0.0,43356.568,43356.568,profile_001.csv
medium_ctx256_train_step_fp32,operator_or_kernel,ampere_sgemm_128x64_nn,144,0.0,0.0,34729.036,34729.036,profile_001.csv
medium_ctx256_train_step_fp32,operator_or_kernel,Optimizer.step#AdamW.step,1,16192.201,69440.038,0.0,34562.782,profile_001.csv
medium_ctx256_train_step_fp32,operator_or_kernel,ampere_sgemm_64x32_sliced1x4_nt,72,0.0,0.0,34432.543,34432.543,profile_001.csv
medium_ctx256_train_step_fp32,operator_or_kernel,aten::mul,2381,19907.175,33733.646,22801.568,23022.06,profile_001.csv
medium_ctx256_train_step_fp32,operator_or_kernel,ampere_sgemm_128x128_nn,72,0.0,0.0,16597.074,16597.074,profile_001.csv
medium_ctx256_train_step_fp32,operator_or_kernel,void cutlass::Kernel2<cutlass_80_simt_sgemm_128x32_8x5_nt_align1>(cutlass_80_simt_sgemm_128x32_8x5_nt_align1::Params),97,0.0,0.0,13614.086,13614.086,profile_001.csv
medium_ctx256_train_step_fp32,operator_or_kernel,"void at::native::vectorized_elementwise_kernel<4, at::native::CUDAFunctor_add<float>, std::array<char*, 3ul> >(int, at::native::CUDAFunctor_add<float>, std::array<char*, 3ul>)",1333,0.0,0.0,13469.382,13469.382,profile_001.csv
medium_ctx256_train_step_fp32,operator_or_kernel,"void at::native::vectorized_elementwise_kernel<4, at::native::AUnaryFunctor<float, float, float, at::native::binary_internal::MulFunctor<float> >, std::array<char*, 2ul> >(int, at::native::AUnaryFunctor<float, float, float, at::native::binary_internal::MulFunctor<float> >, std::array<char*, 2ul>)",1412,0.0,0.0,12943.672,12943.672,profile_001.csv
medium_ctx256_train_step_fp32,operator_or_kernel,aten::add,850,6862.468,12397.37,7635.236,7804.41,profile_001.csv
medium_ctx256_train_step_fp32,operator_or_kernel,aten::copy_,411,3150.657,6211.393,7422.041,7422.041,profile_001.csv
medium_ctx256_train_step_fp32,operator_or_kernel,attention,24,1442.009,12430.995,0.0,7183.062,profile_001.csv
medium_ctx256_train_step_fp32,operator_or_kernel,"void at::native::elementwise_kernel<128, 2, at::native::gpu_kernel_impl_nocast<at::native::direct_copy_kernel_cuda(at::TensorIteratorBase&)::{lambda()#3}::operator()() const::{lambda()#7}::operator()() const::{lambda(float)#1}>(at::TensorIteratorBase&, at::native::direct_copy_kernel_cuda(at::TensorI",361,0.0,0.0,7156.206,7156.206,profile_001.csv
medium_ctx256_train_step_fp32,operator_or_kernel,autograd::engine::evaluate_function: MulBackward0,338,3117.918,14259.918,0.0,7037.701,profile_001.csv
medium_ctx256_train_step_fp32,operator_or_kernel,aten::div,412,5289.013,7804.335,6496.732,6588.241,profile_001.csv
medium_ctx256_train_step_fp32,operator_or_kernel,"void at::native::vectorized_elementwise_kernel<4, at::native::BinaryFunctor<float, float, float, at::native::binary_internal::MulFunctor<float> >, std::array<char*, 3ul> >(int, at::native::BinaryFunctor<float, float, float, at::native::binary_internal::MulFunctor<float> >, std::array<char*, 3ul>)",388,0.0,0.0,6185.537,6185.537,profile_001.csv
medium_ctx256_train_step_fp32,operator_or_kernel,autograd::engine::evaluate_function: torch::autograd::AccumulateGrad,219,842.052,6352.281,0.0,5636.788,profile_001.csv
medium_ctx256_train_step_fp32,operator_or_kernel,torch::autograd::AccumulateGrad,219,1172.666,5510.229,0.0,5636.788,profile_001.csv
medium_ctx256_train_step_fp32,operator_or_kernel,MulBackward0,338,949.368,7632.799,0.0,5407.926,profile_001.csv
medium_ctx256_train_step_fp32,operator_or_kernel,aten::sub_,438,2180.226,5305.477,5100.873,5228.546,profile_001.csv
medium_ctx256_train_step_fp32,operator_or_kernel,ampere_sgemm_128x128_nt,48,0.0,0.0,4859.72,4859.72,profile_001.csv
medium_ctx256_train_step_fp32,operator_or_kernel,autograd::engine::evaluate_function: DivBackward0,48,409.514,4608.268,0.0,3898.586,profile_001.csv
medium_ctx256_train_step_fp32,operator_or_kernel,aten::matmul,48,483.006,3857.233,0.0,3821.006,profile_001.csv
medium_ctx256_train_step_fp32,operator_or_kernel,"void at::native::elementwise_kernel<128, 2, at::native::gpu_kernel_impl_nocast<at::native::BinaryFunctor<float, float, float, at::native::binary_internal::MulFunctor<float> > >(at::TensorIteratorBase&, at::native::BinaryFunctor<float, float, float, at::native::binary_internal::MulFunctor<float> > co",580,0.0,0.0,3670.249,3670.249,profile_001.csv
medium_ctx256_train_step_fp32,operator_or_kernel,DivBackward0,48,297.955,3784.548,0.0,3443.269,profile_001.csv
medium_ctx256_train_step_fp32,operator_or_kernel,"void at::native::vectorized_elementwise_kernel<4, at::native::BinaryFunctor<float, float, float, at::native::binary_internal::DivFunctor<float> >, std::array<char*, 3ul> >(int, at::native::BinaryFunctor<float, float, float, at::native::binary_internal::DivFunctor<float> >, std::array<char*, 3ul>)",219,0.0,0.0,2741.223,2741.223,profile_001.csv
medium_ctx256_train_step_fp32,operator_or_kernel,aten::fill_,514,2013.825,5551.298,2699.629,2721.339,profile_001.csv
medium_ctx256_train_step_fp32,operator_or_kernel,"void at::native::vectorized_elementwise_kernel<4, at::native::FillFunctor<float>, std::array<char*, 1ul> >(int, at::native::FillFunctor<float>, std::array<char*, 1ul>)",514,0.0,0.0,2699.629,2699.629,profile_001.csv
medium_ctx256_train_step_fp32,operator_or_kernel,"void at::native::elementwise_kernel<128, 2, at::native::gpu_kernel_impl_nocast<at::native::BinaryFunctor<float, float, float, at::native::binary_internal::DivFunctor<float> > >(at::TensorIteratorBase&, at::native::BinaryFunctor<float, float, float, at::native::binary_internal::DivFunctor<float> > co",96,0.0,0.0,2652.906,2652.906,profile_001.csv
medium_ctx256_train_step_fp32,operator_or_kernel,aten::pow,366,3952.114,7071.458,2378.091,2650.769,profile_001.csv
medium_ctx256_train_step_fp32,operator_or_kernel,aten::add_,289,1693.937,3048.584,2650.519,2650.519,profile_001.csv
medium_ctx256_train_step_fp32,operator_or_kernel,aten::zero_,465,1172.732,6223.566,0.0,2640.145,profile_001.csv
medium_ctx256_train_step_fp32,operator_or_kernel,aten::where,96,898.753,3583.37,1134.016,2347.594,profile_001.csv
medium_ctx256_train_step_fp32,operator_or_kernel,aten::zeros_like,438,969.726,9607.344,0.0,2345.16,profile_001.csv
medium_ctx256_train_step_fp32,operator_or_kernel,"void at::native::vectorized_elementwise_kernel<4, at::native::(anonymous namespace)::pow_tensor_scalar_kernel_impl<float, float>(at::TensorIteratorBase&, float)::{lambda(float)#1}, std::array<char*, 2ul> >(int, at::native::(anonymous namespace)::pow_tensor_scalar_kernel_impl<float, float>(at::Tensor",268,0.0,0.0,2301.23,2301.23,profile_001.csv
medium_ctx256_train_step_fp32,operator_or_kernel,aten::sqrt,219,1537.082,3140.482,2175.422,2264.021,profile_001.csv
medium_ctx256_train_step_fp32,operator_or_kernel,ampere_sgemm_128x128_tn,48,0.0,0.0,2227.77,2227.77,profile_001.csv
medium_ctx256_train_step_fp32,operator_or_kernel,"void at::native::vectorized_elementwise_kernel<4, at::native::sqrt_kernel_cuda(at::TensorIteratorBase&)::{lambda()#2}::operator()() const::{lambda()#2}::operator()() const::{lambda(float)#1}, std::array<char*, 2ul> >(int, at::native::sqrt_kernel_cuda(at::TensorIteratorBase&)::{lambda()#2}::operator(",219,0.0,0.0,2175.422,2175.422,profile_001.csv
medium_ctx256_train_step_fp32,operator_or_kernel,aten::square,219,261.835,4108.396,0.0,2160.545,profile_001.csv
medium_ctx256_train_step_fp32,operator_or_kernel,aten::sum,170,2115.905,3208.665,1985.349,1985.349,profile_001.csv
medium_ctx256_train_step_fp32,operator_or_kernel,"void at::native::vectorized_elementwise_kernel<4, at::native::CUDAFunctorOnSelf_add<float>, std::array<char*, 2ul> >(int, at::native::CUDAFunctorOnSelf_add<float>, std::array<char*, 2ul>)",268,0.0,0.0,1558.706,1558.706,profile_001.csv
medium_ctx256_train_step_fp32,operator_or_kernel,aten::clone,192,713.187,4666.871,0.0,1519.418,profile_001.csv
medium_ctx256_train_step_fp32,operator_or_kernel,aten::reshape,1593,3177.896,10812.885,0.0,1519.418,profile_001.csv
medium_ctx256_train_step_fp32,operator_or_kernel,"void at::native::reduce_kernel<512, 1, at::native::ReduceOp<float, at::native::func_wrapper_t<float, at::native::sum_functor<float, float, float>::operator()(at::TensorIterator&)::{lambda(float, float)#1}>, unsigned int, float, 4, 4> >(at::native::ReduceOp<float, at::native::func_wrapper_t<float, at",121,0.0,0.0,1352.159,1352.159,profile_001.csv
medium_ctx256_train_step_fp32,operator_or_kernel,autograd::engine::evaluate_function: SigmoidBackward0,24,250.158,934.501,0.0,1304.136,profile_001.csv
medium_ctx256_train_step_fp32,operator_or_kernel,ampere_sgemm_64x32_sliced1x4_nn,1,0.0,0.0,1262.074,1262.074,profile_001.csv
medium_ctx256_train_step_fp32,operator_or_kernel,"void at::native::elementwise_kernel<128, 2, at::native::gpu_kernel_impl_nocast<at::native::(anonymous namespace)::where_kernel_impl(at::TensorIterator&)::{lambda()#1}::operator()() const::{lambda()#11}::operator()() const::{lambda(bool, float, float)#1}>(at::TensorIteratorBase&, at::native::(anonymo",48,0.0,0.0,1134.016,1134.016,profile_001.csv
medium_ctx256_train_step_fp32,operator_or_kernel,aten::cat,96,1213.103,1731.089,1103.803,1103.803,profile_001.csv
medium_ctx256_train_step_fp32,operator_or_kernel,aten::neg,96,801.114,1271.227,1076.445,1076.445,profile_001.csv
medium_ctx256_train_step_fp32,operator_or_kernel,"void at::native::elementwise_kernel<128, 2, at::native::gpu_kernel_impl_nocast<at::native::CUDAFunctor_add<float> >(at::TensorIteratorBase&, at::native::CUDAFunctor_add<float> const&)::{lambda(int)#1}>(int, at::native::gpu_kernel_impl_nocast<at::native::CUDAFunctor_add<float> >(at::TensorIteratorBas",48,0.0,0.0,1030.443,1030.443,profile_001.csv
medium_ctx256_train_step_fp32,operator_or_kernel,autograd::engine::evaluate_function: MaxBackward0,24,273.406,1708.878,0.0,992.352,profile_001.csv
medium_ctx256_train_step_fp32,operator_or_kernel,"void at::native::(anonymous namespace)::CatArrayBatchedCopy<at::native::(anonymous namespace)::OpaqueType<4u>, unsigned int, 4, 64, 64>(at::native::(anonymous namespace)::OpaqueType<4u>*, at::native::(anonymous namespace)::CatArrInputTensorMetadata<at::native::(anonymous namespace)::OpaqueType<4u>, ",72,0.0,0.0,919.862,919.862,profile_001.csv
medium_ctx256_train_step_fp32,operator_or_kernel,autograd::engine::evaluate_function: SubBackward0,72,410.02,1876.597,0.0,870.729,profile_001.csv
medium_ctx256_train_step_fp32,operator_or_kernel,autograd::engine::evaluate_function: PowBackward0,49,542.239,3987.999,0.0,861.933,profile_001.csv
medium_ctx256_train_step_fp32,operator_or_kernel,"void at::native::vectorized_elementwise_kernel<4, at::native::BUnaryFunctor<float, float, float, at::native::binary_internal::MulFunctor<float> >, std::array<char*, 2ul> >(int, at::native::BUnaryFunctor<float, float, float, at::native::binary_internal::MulFunctor<float> >, std::array<char*, 2ul>)",48,0.0,0.0,820.601,820.601,profile_001.csv
medium_ctx256_train_step_fp32,operator_or_kernel,Memset (Device),433,0.0,0.0,818.221,818.221,profile_001.csv
medium_ctx256_train_step_fp32,operator_or_kernel,"void at::native::vectorized_elementwise_kernel<4, at::native::neg_kernel_cuda(at::TensorIteratorBase&)::{lambda()#2}::operator()() const::{lambda()#7}::operator()() const::{lambda(float)#1}, std::array<char*, 2ul> >(int, at::native::neg_kernel_cuda(at::TensorIteratorBase&)::{lambda()#2}::operator()(",48,0.0,0.0,798.536,798.536,profile_001.csv
medium_ctx256_train_step_fp32,operator_or_kernel,Command Buffer Full,77,8867.722,8867.722,773.609,773.609,profile_001.csv
medium_ctx256_train_step_fp32,operator_or_kernel,cudaLaunchKernel,7093,34388.605,43256.327,0.0,773.609,profile_001.csv
medium_ctx256_train_step_fp32,operator_or_kernel,SigmoidBackward0,24,83.712,417.478,0.0,729.327,profile_001.csv
medium_ctx256_train_step_fp32,operator_or_kernel,aten::sigmoid_backward,24,206.052,333.766,729.327,729.327,profile_001.csv
medium_ctx256_train_step_fp32,operator_or_kernel,"void at::native::vectorized_elementwise_kernel<4, at::native::sigmoid_backward_kernel_cuda(at::TensorIteratorBase&)::{lambda()#2}::operator()() const::{lambda()#2}::operator()() const::{lambda(float, float)#1}, std::array<char*, 3ul> >(int, at::native::sigmoid_backward_kernel_cuda(at::TensorIterator",24,0.0,0.0,729.327,729.327,profile_001.csv
medium_ctx256_train_step_fp32,operator_or_kernel,aten::sub,72,759.728,1085.308,671.903,671.903,profile_001.csv
medium_ctx256_train_step_fp32,operator_or_kernel,PowBackward0,49,301.006,2962.969,0.0,632.48,profile_001.csv
medium_ctx256_train_step_fp32,operator_or_kernel,WhereBackward0,24,59.34,1192.366,0.0,605.133,profile_001.csv
medium_ctx256_train_step_fp32,operator_or_kernel,autograd::engine::evaluate_function: WhereBackward0,24,177.472,1369.838,0.0,605.133,profile_001.csv
medium_ctx256_train_step_fp32,operator_or_kernel,SubBackward0,72,143.163,1108.323,0.0,598.641,profile_001.csv
medium_ctx256_train_step_fp32,operator_or_kernel,aten::concat,48,83.291,988.467,0.0,593.597,profile_001.csv
medium_ctx256_train_step_fp32,operator_or_kernel,ViewBackward0,628,1091.213,4422.594,0.0,588.438,profile_001.csv
medium_ctx256_train_step_fp32,operator_or_kernel,autograd::engine::evaluate_function: ViewBackward0,628,2603.803,7026.397,0.0,588.438,profile_001.csv
medium_ctx256_train_step_fp32,operator_or_kernel,ExpBackward0,24,74.482,389.191,0.0,573.375,profile_001.csv
medium_ctx256_train_step_fp32,operator_or_kernel,autograd::engine::evaluate_function: ExpBackward0,24,140.763,529.954,0.0,573.375,profile_001.csv
medium_ctx256_train_step_fp32,operator_or_kernel,"void at::native::reduce_kernel<128, 4, at::native::ReduceOp<float, at::native::func_wrapper_t<float, at::native::sum_functor<float, float, float>::operator()(at::TensorIterator&)::{lambda(float, float)#1}>, unsigned int, float, 4, 4> >(at::native::ReduceOp<float, at::native::func_wrapper_t<float, at",49,0.0,0.0,545.781,545.781,profile_001.csv
medium_ctx256_train_step_fp32,operator_or_kernel,autograd::engine::evaluate_function: SumBackward1,24,232.411,744.423,0.0,542.573,profile_001.csv
medium_ctx256_train_step_fp32,operator_or_kernel,aten::max,24,488.515,668.731,527.772,527.772,profile_001.csv
medium_ctx256_train_step_fp32,operator_or_kernel,"void at::native::reduce_kernel<512, 1, at::native::ReduceOp<float, at::native::MaxOps<float>, unsigned int, float, 4, 4> >(at::native::ReduceOp<float, at::native::MaxOps<float>, unsigned int, float, 4, 4>)",24,0.0,0.0,527.772,527.772,profile_001.csv
medium_ctx256_train_step_fp32,operator_or_kernel,autograd::engine::evaluate_function: UnsqueezeBackward0,507,2401.206,5889.361,0.0,522.87,profile_001.csv
medium_ctx256_train_step_fp32,operator_or_kernel,UnbindBackward0,48,108.716,1250.958,0.0,510.206,profile_001.csv
medium_ctx256_train_step_fp32,operator_or_kernel,aten::stack,48,253.327,1142.242,0.0,510.206,profile_001.csv
medium_ctx256_train_step_fp32,operator_or_kernel,autograd::engine::evaluate_function: UnbindBackward0,48,270.973,1521.931,0.0,510.206,profile_001.csv
medium_ctx256_train_step_fp32,operator_or_kernel,MaxBackward0,24,70.718,1195.43,0.0,482.568,profile_001.csv
medium_ctx256_train_step_fp32,operator_or_kernel,aten::value_selecting_reduction_backward,24,86.12,1124.712,0.0,482.568,profile_001.csv
medium_ctx256_train_step_fp32,operator_or_kernel,aten::sigmoid,24,286.16,420.403,377.567,377.567,profile_001.csv
medium_ctx256_train_step_fp32,operator_or_kernel,"void at::native::vectorized_elementwise_kernel<4, at::native::sigmoid_kernel_cuda(at::TensorIteratorBase&)::{lambda()#2}::operator()() const::{lambda()#2}::operator()() const::{lambda(float)#1}, std::array<char*, 2ul> >(int, at::native::sigmoid_kernel_cuda(at::TensorIteratorBase&)::{lambda()#2}::ope",24,0.0,0.0,377.567,377.567,profile_001.csv
medium_ctx256_train_step_fp32,operator_or_kernel,aten::exp,24,260.533,371.282,336.735,336.735,profile_001.csv
medium_ctx256_train_step_fp32,operator_or_kernel,"void at::native::vectorized_elementwise_kernel<4, at::native::exp_kernel_cuda(at::TensorIteratorBase&)::{lambda()#2}::operator()() const::{lambda()#2}::operator()() const::{lambda(float)#1}, std::array<char*, 2ul> >(int, at::native::exp_kernel_cuda(at::TensorIteratorBase&)::{lambda()#2}::operator()(",24,0.0,0.0,336.735,336.735,profile_001.csv
medium_ctx256_train_step_fp32,operator_or_kernel,aten::mean,49,700.285,954.126,324.507,324.507,profile_001.csv
medium_ctx256_train_step_fp32,operator_or_kernel,"void at::native::reduce_kernel<512, 1, at::native::ReduceOp<float, at::native::MeanOps<float, float, float, float>, unsigned int, float, 4, 4> >(at::native::ReduceOp<float, at::native::MeanOps<float, float, float, float>, unsigned int, float, 4, 4>)",49,0.0,0.0,324.507,324.507,profile_001.csv
medium_ctx256_train_step_fp32,operator_or_kernel,ReshapeAliasBackward0,241,477.628,2633.834,0.0,306.849,profile_001.csv
medium_ctx256_train_step_fp32,operator_or_kernel,autograd::engine::evaluate_function: ReshapeAliasBackward0,241,1101.593,3735.427,0.0,306.849,profile_001.csv
medium_ctx256_train_step_fp32,operator_or_kernel,MeanBackward1,49,190.372,1398.76,0.0,282.002,profile_001.csv
medium_ctx256_train_step_fp32,operator_or_kernel,autograd::engine::evaluate_function: MeanBackward1,49,245.445,1644.205,0.0,282.002,profile_001.csv
medium_ctx256_train_step_fp32,operator_or_kernel,"void at::native::elementwise_kernel<128, 2, at::native::gpu_kernel_impl_nocast<at::native::BUnaryFunctor<float, float, float, at::native::binary_internal::MulFunctor<float> > >(at::TensorIteratorBase&, at::native::BUnaryFunctor<float, float, float, at::native::binary_internal::MulFunctor<float> > co",49,0.0,0.0,282.002,282.002,profile_001.csv
medium_ctx256_train_step_fp32,operator_or_kernel,"void at::native::elementwise_kernel<128, 2, at::native::gpu_kernel_impl_nocast<at::native::neg_kernel_cuda(at::TensorIteratorBase&)::{lambda()#2}::operator()() const::{lambda()#7}::operator()() const::{lambda(float)#1}>(at::TensorIteratorBase&, at::native::neg_kernel_cuda(at::TensorIteratorBase&)::{",48,0.0,0.0,277.909,277.909,profile_001.csv
medium_ctx256_train_step_fp32,operator_or_kernel,Memcpy DtoD (Device -> Device),50,0.0,0.0,265.835,265.835,profile_001.csv
medium_ctx256_train_step_fp32,operator_or_kernel,aten::scatter_,24,332.33,498.56,252.605,252.605,profile_001.csv
medium_ctx256_train_step_fp32,operator_or_kernel,"void at::native::_scatter_gather_elementwise_kernel<128, 8, at::native::_cuda_scatter_gather_internal_kernel<true, at::native::OpaqueType<4> >::operator()<at::native::TensorAssign>(at::TensorIterator&, long, long, long, at::native::TensorAssign const&)::{lambda(int)#1}>(int, at::native::_cuda_scatte",24,0.0,0.0,252.605,252.605,profile_001.csv
medium_ctx256_train_step_fp32,operator_or_kernel,aten::zeros,25,89.614,563.084,0.0,251.514,profile_001.csv
medium_ctx256_train_step_fp32,operator_or_kernel,RsqrtBackward0,49,354.588,2662.162,0.0,233.55,profile_001.csv
medium_ctx256_train_step_fp32,operator_or_kernel,autograd::engine::evaluate_function: RsqrtBackward0,49,291.866,2954.028,0.0,233.55,profile_001.csv
medium_ctx256_train_step_fp32,operator_or_kernel,"void at::native::(anonymous namespace)::CatArrayBatchedCopy_aligned16_contig<at::native::(anonymous namespace)::OpaqueType<4u>, unsigned int, 4, 128, 1>(at::native::(anonymous namespace)::OpaqueType<4u>*, at::native::(anonymous namespace)::CatArrInputTensorMetadata<at::native::(anonymous namespace):",24,0.0,0.0,183.941,183.941,profile_001.csv
medium_ctx256_train_step_fp32,operator_or_kernel,UnsafeViewBackward0,96,159.896,1205.579,0.0,180.516,profile_001.csv
medium_ctx256_train_step_fp32,operator_or_kernel,autograd::engine::evaluate_function: UnsafeViewBackward0,96,425.784,1631.363,0.0,180.516,profile_001.csv
medium_ctx256_train_step_fp32,operator_or_kernel,aten::ge,24,261.572,387.219,96.449,96.449,profile_001.csv
medium_ctx256_train_step_fp32,operator_or_kernel,"void at::native::elementwise_kernel<128, 4, at::native::gpu_kernel_impl_nocast<at::native::(anonymous namespace)::CompareFunctor<long> >(at::TensorIteratorBase&, at::native::(anonymous namespace)::CompareFunctor<long> const&)::{lambda(int)#1}>(int, at::native::gpu_kernel_impl_nocast<at::native::(ano",24,0.0,0.0,96.449,96.449,profile_001.csv
medium_ctx256_train_step_fp32,operator_or_kernel,aten::cross_entropy_loss,1,7.478,55.881,0.0,90.59,profile_001.csv
medium_ctx256_train_step_fp32,operator_or_kernel,aten::arange,50,270.99,924.116,45.084,90.168,profile_001.csv
medium_ctx256_train_step_fp32,operator_or_kernel,aten::scalar_tensor,48,179.169,885.419,0.0,79.562,profile_001.csv
medium_ctx256_train_step_fp32,operator_or_kernel,aten::rsqrt,49,491.936,705.21,79.392,79.392,profile_001.csv
medium_ctx256_train_step_fp32,operator_or_kernel,"void at::native::vectorized_elementwise_kernel<4, at::native::rsqrt_kernel_cuda(at::TensorIteratorBase&)::{lambda()#2}::operator()() const::{lambda()#2}::operator()() const::{lambda(float)#1}, std::array<char*, 2ul> >(int, at::native::rsqrt_kernel_cuda(at::TensorIteratorBase&)::{lambda()#2}::operato",49,0.0,0.0,79.392,79.392,profile_001.csv
medium_ctx256_train_step_fp32,operator_or_kernel,LogSoftmaxBackward0,1,5.057,20.307,0.0,78.752,profile_001.csv
medium_ctx256_train_step_fp32,operator_or_kernel,aten::_log_softmax_backward_data,1,9.877,15.25,78.752,78.752,profile_001.csv
medium_ctx256_train_step_fp32,operator_or_kernel,autograd::engine::evaluate_function: LogSoftmaxBackward0,1,5.85,26.157,0.0,78.752,profile_001.csv
medium_ctx256_train_step_fp32,operator_or_kernel,"void at::native::(anonymous namespace)::cunn_SoftMaxBackwardSmem<4, float, float, float, at::native::(anonymous namespace)::LogSoftMaxBackwardEpilogue>(float*, float const*, float const*, long)",1,0.0,0.0,78.752,78.752,profile_001.csv
medium_ctx256_train_step_fp32,operator_or_kernel,"void at::native::vectorized_elementwise_kernel<4, at::native::(anonymous namespace)::pow_tensor_scalar_kernel_impl<float, float>(at::TensorIteratorBase&, float)::{lambda(float)#2}, std::array<char*, 2ul> >(int, at::native::(anonymous namespace)::pow_tensor_scalar_kernel_impl<float, float>(at::Tensor",49,0.0,0.0,76.861,76.861,profile_001.csv
medium_ctx256_train_step_fp32,operator_or_kernel,SliceBackward0,1,4.645,69.193,0.0,69.16,profile_001.csv
medium_ctx256_train_step_fp32,operator_or_kernel,aten::slice_backward,1,5.905,64.548,0.0,69.16,profile_001.csv
medium_ctx256_train_step_fp32,operator_or_kernel,autograd::engine::evaluate_function: SliceBackward0,1,5.698,74.891,0.0,69.16,profile_001.csv
medium_ctx256_train_step_fp32,operator_or_kernel,aten::_log_softmax,1,11.813,18.385,56.895,56.895,profile_001.csv
medium_ctx256_train_step_fp32,operator_or_kernel,aten::log_softmax,1,4.593,23.347,0.0,56.895,profile_001.csv
medium_ctx256_train_step_fp32,operator_or_kernel,"void at::native::(anonymous namespace)::cunn_SoftMaxForwardSmem<4, float, float, float, at::native::(anonymous namespace)::LogSoftMaxForwardEpilogue, long>(float*, float const*, long)",1,0.0,0.0,56.895,56.895,profile_001.csv
medium_ctx256_train_step_fp32,operator_or_kernel,IndexBackward0,1,8.953,151.193,0.0,51.766,profile_001.csv
medium_ctx256_train_step_fp32,operator_or_kernel,autograd::engine::evaluate_function: IndexBackward0,1,5.316,156.509,0.0,51.766,profile_001.csv
medium_ctx256_train_step_fp32,operator_or_kernel,"void (anonymous namespace)::elementwise_kernel_with_index<int, at::native::arange_cuda_out(c10::Scalar const&, c10::Scalar const&, c10::Scalar const&, at::Tensor&)::{lambda()#1}::operator()() const::{lambda()#4}::operator()() const::{lambda(long)#1}>(int, at::native::arange_cuda_out(c10::Scalar cons",25,0.0,0.0,45.084,45.084,profile_001.csv
medium_ctx256_train_step_fp32,operator_or_kernel,NllLossBackward0,1,14.409,60.706,0.0,41.408,profile_001.csv
medium_ctx256_train_step_fp32,operator_or_kernel,aten::nll_loss_backward,1,15.691,46.297,19.68,41.408,profile_001.csv
medium_ctx256_train_step_fp32,operator_or_kernel,autograd::engine::evaluate_function: NllLossBackward0,1,27.752,88.458,0.0,41.408,profile_001.csv
medium_ctx256_train_step_fp32,operator_or_kernel,aten::nll_loss,1,2.442,22.285,0.0,33.695,profile_001.csv
medium_ctx256_train_step_fp32,operator_or_kernel,aten::nll_loss_forward,1,13.959,19.843,33.695,33.695,profile_001.csv
medium_ctx256_train_step_fp32,operator_or_kernel,aten::nll_loss_nd,1,2.771,25.056,0.0,33.695,profile_001.csv
medium_ctx256_train_step_fp32,operator_or_kernel,"void at::native::(anonymous namespace)::nll_loss_forward_reduce_cuda_kernel_2d<float, float, long>(float*, float*, float const*, long const*, float const*, bool, long, long, long, long)",1,0.0,0.0,33.695,33.695,profile_001.csv
medium_ctx256_train_step_fp32,operator_or_kernel,aten::_index_put_impl_,1,28.867,115.465,19.728,30.023,profile_001.csv
medium_ctx256_train_step_fp32,operator_or_kernel,aten::new_zeros,1,3.265,26.775,0.0,21.743,profile_001.csv
medium_ctx256_train_step_fp32,operator_or_kernel,"void at::native::(anonymous namespace)::nll_loss_backward_reduce_cuda_kernel_2d<float, long>(float*, float const*, long const*, float const*, float const*, bool, int, int, long, long)",1,0.0,0.0,19.68,19.68,profile_001.csv
medium_ctx256_train_step_fp32,operator_or_kernel,aten::index,1,29.014,48.368,14.624,14.624,profile_001.csv
medium_ctx256_train_step_fp32,operator_or_kernel,"void at::native::index_elementwise_kernel<128, 4, at::native::gpu_index_kernel<at::native::index_kernel_impl<at::native::OpaqueType<4> >(at::TensorIteratorBase&, c10::ArrayRef<long>, c10::ArrayRef<long>)::{lambda(char*, char const*, long)#1}>(at::TensorIteratorBase&, c10::ArrayRef<long>, c10::ArrayR",1,0.0,0.0,14.624,14.624,profile_001.csv
medium_ctx256_train_step_fp32,operator_or_kernel,"void (anonymous namespace)::indexing_backward_kernel<float, 4>(long const*, long const*, float const*, float*, long, long, long, long, bool)",1,0.0,0.0,10.519,10.519,profile_001.csv
medium_ctx256_train_step_fp32,operator_or_kernel,"void at_cuda_detail::cub::DeviceRadixSortSingleTileKernel<at_cuda_detail::cub::DeviceRadixSortPolicy<long, at::cuda::cub::detail::OpaqueType<8>, unsigned long long>::Policy900, false, long, at::cuda::cub::detail::OpaqueType<8>, unsigned long long, at_cuda_detail::cub::detail::identity_decomposer_t>(",1,0.0,0.0,9.209,9.209,profile_001.csv
medium_ctx256_train_step_fp32,operator_or_kernel,aten::remainder,1,11.114,16.217,3.773,3.773,profile_001.csv
medium_ctx256_train_step_fp32,operator_or_kernel,"void at::native::vectorized_elementwise_kernel<2, at::native::BUnaryFunctor<long, long, long, at::native::remainder_kernel_cuda(at::TensorIteratorBase&)::{lambda()#1}::operator()() const::{lambda()#4}::operator()() const::{lambda(long, long)#1}>, std::array<char*, 2ul> >(int, at::native::BUnaryFunct",1,0.0,0.0,3.773,3.773,profile_001.csv
medium_ctx256_train_step_fp32,operator_or_kernel,aten::div_,1,8.84,13.627,2.59,2.59,profile_001.csv
medium_ctx256_train_step_fp32,operator_or_kernel,aten::divide_,1,1.527,15.154,0.0,2.59,profile_001.csv
medium_ctx256_train_step_fp32,operator_or_kernel,"void at::native::vectorized_elementwise_kernel<2, at::native::BUnaryFunctor<long, long, long, at::native::binary_internal::div_trunc_kernel_cuda(at::TensorIteratorBase&)::{lambda()#1}::operator()() const::{lambda()#4}::operator()() const::{lambda(long, long)#1}>, std::array<char*, 2ul> >(int, at::na",1,0.0,0.0,2.59,2.59,profile_001.csv
medium_ctx256_train_step_fp32,operator_or_kernel,"void at::native::vectorized_elementwise_kernel<2, at::native::AUnaryFunctor<long, long, long, at::native::binary_internal::MulFunctor<long> >, std::array<char*, 2ul> >(int, at::native::AUnaryFunctor<long, long, long, at::native::binary_internal::MulFunctor<long> >, std::array<char*, 2ul>)",1,0.0,0.0,2.11,2.11,profile_001.csv
medium_ctx256_train_step_fp32,operator_or_kernel,aten::ones_like,1,2.754,29.215,0.0,1.632,profile_001.csv
medium_ctx256_train_step_fp32,operator_or_kernel,AddBackward0,145,110.228,110.228,0.0,0.0,profile_001.csv
medium_ctx256_train_step_fp32,operator_or_kernel,Buffer Flush,1,103.29,103.29,0.0,0.0,profile_001.csv
medium_ctx256_train_step_fp32,operator_or_kernel,CatBackward0,48,155.292,843.005,0.0,0.0,profile_001.csv
medium_ctx256_train_step_fp32,operator_or_kernel,CloneBackward0,48,15.776,15.776,0.0,0.0,profile_001.csv
medium_ctx256_train_step_fp32,operator_or_kernel,ExpandBackward0,96,46.883,46.883,0.0,0.0,profile_001.csv
medium_ctx256_train_step_fp32,operator_or_kernel,Optimizer.zero_grad#AdamW.zero_grad,1,286.131,286.131,0.0,0.0,profile_001.csv
medium_ctx256_train_step_fp32,operator_or_kernel,PermuteBackward0,989,1801.098,5636.085,0.0,0.0,profile_001.csv
medium_ctx256_train_step_fp32,operator_or_kernel,SumBackward1,24,50.808,173.68,0.0,0.0,profile_001.csv
medium_ctx256_train_step_fp32,operator_or_kernel,TransposeBackward0,24,30.653,191.34,0.0,0.0,profile_001.csv
medium_ctx256_train_step_fp32,operator_or_kernel,Unrecognized,1,1465.751,1465.751,0.0,0.0,profile_001.csv
medium_ctx256_train_step_fp32,operator_or_kernel,UnsqueezeBackward0,507,624.657,2407.66,0.0,0.0,profile_001.csv
medium_ctx256_train_step_fp32,operator_or_kernel,aten::_has_compatible_shallow_copy_type,438,47.321,47.321,0.0,0.0,profile_001.csv
medium_ctx256_train_step_fp32,operator_or_kernel,aten::_reshape_alias,241,614.106,614.106,0.0,0.0,profile_001.csv
medium_ctx256_train_step_fp32,operator_or_kernel,aten::_unsafe_view,240,404.162,404.162,0.0,0.0,profile_001.csv
medium_ctx256_train_step_fp32,operator_or_kernel,aten::as_strided,4102,2923.942,2923.942,0.0,0.0,profile_001.csv
medium_ctx256_train_step_fp32,operator_or_kernel,aten::detach,51,59.919,190.611,0.0,0.0,profile_001.csv
medium_ctx256_train_step_fp32,operator_or_kernel,aten::empty,341,1626.125,1626.125,0.0,0.0,profile_001.csv
medium_ctx256_train_step_fp32,operator_or_kernel,aten::empty_like,633,1264.308,4217.846,0.0,0.0,profile_001.csv
medium_ctx256_train_step_fp32,operator_or_kernel,aten::empty_strided,608,2842.884,2842.884,0.0,0.0,profile_001.csv
medium_ctx256_train_step_fp32,operator_or_kernel,aten::expand,169,680.834,850.914,0.0,0.0,profile_001.csv
medium_ctx256_train_step_fp32,operator_or_kernel,aten::flatten,2,2.596,5.444,0.0,0.0,profile_001.csv
medium_ctx256_train_step_fp32,operator_or_kernel,aten::narrow,96,224.775,687.713,0.0,0.0,profile_001.csv
medium_ctx256_train_step_fp32,operator_or_kernel,aten::new_empty,1,2.217,11.149,0.0,0.0,profile_001.csv
medium_ctx256_train_step_fp32,operator_or_kernel,aten::new_empty_strided,169,406.527,1322.605,0.0,0.0,profile_001.csv
medium_ctx256_train_step_fp32,operator_or_kernel,aten::permute,1978,6068.16,7516.463,0.0,0.0,profile_001.csv
medium_ctx256_train_step_fp32,operator_or_kernel,aten::resize_,74,248.057,248.057,0.0,0.0,profile_001.csv
medium_ctx256_train_step_fp32,operator_or_kernel,aten::result_type,366,107.406,107.406,0.0,0.0,profile_001.csv
medium_ctx256_train_step_fp32,operator_or_kernel,aten::select,192,401.894,510.577,0.0,0.0,profile_001.csv
medium_ctx256_train_step_fp32,operator_or_kernel,aten::slice,194,716.607,839.613,0.0,0.0,profile_001.csv
medium_ctx256_train_step_fp32,operator_or_kernel,aten::squeeze,507,1465.205,1783.003,0.0,0.0,profile_001.csv
medium_ctx256_train_step_fp32,operator_or_kernel,aten::to,514,100.302,100.302,0.0,0.0,profile_001.csv
medium_ctx256_train_step_fp32,operator_or_kernel,aten::transpose,482,1648.49,2059.995,0.0,0.0,profile_001.csv
medium_ctx256_train_step_fp32,operator_or_kernel,aten::unbind,96,338.85,849.427,0.0,0.0,profile_001.csv
medium_ctx256_train_step_fp32,operator_or_kernel,aten::unsqueeze,531,1711.355,2017.88,0.0,0.0,profile_001.csv
medium_ctx256_train_step_fp32,operator_or_kernel,aten::view,1597,2892.943,2892.943,0.0,0.0,profile_001.csv
medium_ctx256_train_step_fp32,operator_or_kernel,autograd::engine::evaluate_function: AddBackward0,145,645.476,755.704,0.0,0.0,profile_001.csv
medium_ctx256_train_step_fp32,operator_or_kernel,autograd::engine::evaluate_function: CatBackward0,48,230.552,1073.557,0.0,0.0,profile_001.csv
medium_ctx256_train_step_fp32,operator_or_kernel,autograd::engine::evaluate_function: CloneBackward0,48,182.173,197.949,0.0,0.0,profile_001.csv
medium_ctx256_train_step_fp32,operator_or_kernel,autograd::engine::evaluate_function: ExpandBackward0,96,437.524,484.407,0.0,0.0,profile_001.csv
medium_ctx256_train_step_fp32,operator_or_kernel,autograd::engine::evaluate_function: PermuteBackward0,989,4141.176,9777.261,0.0,0.0,profile_001.csv
medium_ctx256_train_step_fp32,operator_or_kernel,autograd::engine::evaluate_function: TransposeBackward0,24,100.099,291.439,0.0,0.0,profile_001.csv
medium_ctx256_train_step_fp32,operator_or_kernel,cuLaunchKernel,97,535.256,535.256,0.0,0.0,profile_001.csv
medium_ctx256_train_step_fp32,operator_or_kernel,cudaDeviceGetAttribute,97,64.695,64.695,0.0,0.0,profile_001.csv
medium_ctx256_train_step_fp32,operator_or_kernel,cudaDeviceSynchronize,3,18.429,18.429,0.0,0.0,profile_001.csv
medium_ctx256_train_step_fp32,operator_or_kernel,cudaMemcpyAsync,50,592.548,592.548,0.0,0.0,profile_001.csv
medium_ctx256_train_step_fp32,operator_or_kernel,cudaMemsetAsync,433,2069.423,2069.423,0.0,0.0,profile_001.csv
medium_ctx256_train_step_fp32,operator_or_kernel,cudaOccupancyMaxActiveBlocksPerMultiprocessor,289,293.62,293.62,0.0,0.0,profile_001.csv
medium_ctx256_train_step_fp32,operator_or_kernel,cudaPeekAtLastError,2,0.235,0.235,0.0,0.0,profile_001.csv
medium_ctx256_train_step_fp32,operator_or_kernel,detach,51,130.692,130.692,0.0,0.0,profile_001.csv
medium_ctx256_train_step_fp32,optimizer,optimizer,2,66.912,69793.081,0.0,34562.782,profile_001.csv
medium_ctx256_train_step_fp32,profile/measure,profile/measure,1,1688.967,242876.056,0.0,95997.043,profile_001.csv
medium_ctx512_train_step_fp32,attention/scores,attention/scores,24,0.0,0.0,7661.726,7661.726,profile_001.csv
medium_ctx512_train_step_fp32,attention/scores,attention/scores,24,1206.563,4678.998,0.0,7581.343,profile_001.csv
medium_ctx512_train_step_fp32,attention/softmax,attention/softmax,24,0.0,0.0,9284.95,9284.95,profile_001.csv
medium_ctx512_train_step_fp32,attention/softmax,attention/softmax,24,1117.336,3373.571,0.0,9181.275,profile_001.csv
medium_ctx512_train_step_fp32,attention/value,attention/value,24,0.0,0.0,7457.212,7457.212,profile_001.csv
medium_ctx512_train_step_fp32,attention/value,attention/value,24,625.373,2860.492,0.0,7432.254,profile_001.csv
medium_ctx512_train_step_fp32,backward,backward,1,106064.56,251920.725,0.0,1.696,profile_001.csv
medium_ctx512_train_step_fp32,backward,backward,1,0.0,0.0,1.696,1.696,profile_001.csv
medium_ctx512_train_step_fp32,forward,forward,1,0.0,0.0,131839.961,131839.961,profile_001.csv
medium_ctx512_train_step_fp32,forward,forward,1,12074.071,56936.243,0.0,129848.353,profile_001.csv
medium_ctx512_train_step_fp32,operator_or_kernel,aten::bmm,651,11761.496,48837.759,318278.451,318278.451,profile_001.csv
medium_ctx512_train_step_fp32,operator_or_kernel,BmmBackward0,217,1620.796,45128.018,0.0,211939.869,profile_001.csv
medium_ctx512_train_step_fp32,operator_or_kernel,autograd::engine::evaluate_function: BmmBackward0,217,1667.506,46795.524,0.0,211939.869,profile_001.csv
medium_ctx512_train_step_fp32,operator_or_kernel,ProfilerStep*,1,72.521,447900.199,0.0,167631.027,profile_001.csv
medium_ctx512_train_step_fp32,operator_or_kernel,aten::einsum,169,3614.242,16003.734,0.0,95913.642,profile_001.csv
medium_ctx512_train_step_fp32,operator_or_kernel,ampere_sgemm_128x64_nn,144,0.0,0.0,68804.871,68804.871,profile_001.csv
medium_ctx512_train_step_fp32,operator_or_kernel,ampere_sgemm_64x32_sliced1x4_nt,72,0.0,0.0,68018.452,68018.452,profile_001.csv
medium_ctx512_train_step_fp32,operator_or_kernel,ampere_sgemm_128x128_tn,168,0.0,0.0,53159.989,53159.989,profile_001.csv
medium_ctx512_train_step_fp32,operator_or_kernel,ampere_sgemm_128x32_tn,48,0.0,0.0,47016.645,47016.645,profile_001.csv
medium_ctx512_train_step_fp32,operator_or_kernel,Optimizer.step#AdamW.step,1,0.0,0.0,40753.105,40753.105,profile_001.csv
medium_ctx512_train_step_fp32,operator_or_kernel,Optimizer.step#AdamW.step,1,16725.947,136237.247,0.0,37780.978,profile_001.csv
medium_ctx512_train_step_fp32,operator_or_kernel,aten::mul,2381,19210.074,102560.013,34929.48,36341.341,profile_001.csv
medium_ctx512_train_step_fp32,operator_or_kernel,attention,24,1436.194,12349.255,0.0,24194.872,profile_001.csv
medium_ctx512_train_step_fp32,operator_or_kernel,ampere_sgemm_128x64_nt,96,0.0,0.0,23358.886,23358.886,profile_001.csv
medium_ctx512_train_step_fp32,operator_or_kernel,ampere_sgemm_128x32_nn,24,0.0,0.0,22318.648,22318.648,profile_001.csv
medium_ctx512_train_step_fp32,operator_or_kernel,"void at::native::vectorized_elementwise_kernel<4, at::native::CUDAFunctor_add<float>, std::array<char*, 3ul> >(int, at::native::CUDAFunctor_add<float>, std::array<char*, 3ul>)",1333,0.0,0.0,18228.452,18228.452,profile_001.csv
medium_ctx512_train_step_fp32,operator_or_kernel,aten::div,412,3654.94,15008.804,16635.571,16884.795,profile_001.csv
medium_ctx512_train_step_fp32,operator_or_kernel,"void at::native::vectorized_elementwise_kernel<4, at::native::BinaryFunctor<float, float, float, at::native::binary_internal::MulFunctor<float> >, std::array<char*, 3ul> >(int, at::native::BinaryFunctor<float, float, float, at::native::binary_internal::MulFunctor<float> >, std::array<char*, 3ul>)",388,0.0,0.0,15908.323,15908.323,profile_001.csv
medium_ctx512_train_step_fp32,operator_or_kernel,autograd::engine::evaluate_function: DivBackward0,48,395.712,8160.381,0.0,15180.211,profile_001.csv
medium_ctx512_train_step_fp32,operator_or_kernel,ampere_sgemm_128x128_nn,48,0.0,0.0,14078.717,14078.717,profile_001.csv
medium_ctx512_train_step_fp32,operator_or_kernel,ampere_sgemm_128x128_nt,48,0.0,0.0,13908.447,13908.447,profile_001.csv
medium_ctx512_train_step_fp32,operator_or_kernel,DivBackward0,48,284.328,6771.216,0.0,13817.019,profile_001.csv
medium_ctx512_train_step_fp32,operator_or_kernel,"void at::native::vectorized_elementwise_kernel<4, at::native::AUnaryFunctor<float, float, float, at::native::binary_internal::MulFunctor<float> >, std::array<char*, 2ul> >(int, at::native::AUnaryFunctor<float, float, float, at::native::binary_internal::MulFunctor<float> >, std::array<char*, 2ul>)",1412,0.0,0.0,13158.952,13158.952,profile_001.csv
medium_ctx512_train_step_fp32,operator_or_kernel,autograd::engine::evaluate_function: MulBackward0,338,2987.632,49458.861,0.0,12190.537,profile_001.csv
medium_ctx512_train_step_fp32,operator_or_kernel,aten::matmul,48,489.555,3810.427,0.0,10815.82,profile_001.csv
medium_ctx512_train_step_fp32,operator_or_kernel,MulBackward0,338,925.113,38117.962,0.0,10004.946,profile_001.csv
medium_ctx512_train_step_fp32,operator_or_kernel,"void at::native::elementwise_kernel<128, 2, at::native::gpu_kernel_impl_nocast<at::native::BinaryFunctor<float, float, float, at::native::binary_internal::DivFunctor<float> > >(at::TensorIteratorBase&, at::native::BinaryFunctor<float, float, float, at::native::binary_internal::DivFunctor<float> > co",96,0.0,0.0,9772.39,9772.39,profile_001.csv
medium_ctx512_train_step_fp32,operator_or_kernel,aten::where,96,877.102,7478.297,4593.642,9279.286,profile_001.csv
medium_ctx512_train_step_fp32,operator_or_kernel,aten::add,850,6604.819,31829.539,8194.327,8985.217,profile_001.csv
medium_ctx512_train_step_fp32,operator_or_kernel,aten::copy_,411,2987.886,23437.412,8793.249,8793.249,profile_001.csv
medium_ctx512_train_step_fp32,operator_or_kernel,aten::add_,289,1635.543,12053.628,8258.843,8258.843,profile_001.csv
medium_ctx512_train_step_fp32,operator_or_kernel,"void at::native::elementwise_kernel<128, 2, at::native::gpu_kernel_impl_nocast<at::native::direct_copy_kernel_cuda(at::TensorIteratorBase&)::{lambda()#3}::operator()() const::{lambda()#7}::operator()() const::{lambda(float)#1}>(at::TensorIteratorBase&, at::native::direct_copy_kernel_cuda(at::TensorI",361,0.0,0.0,8201.636,8201.636,profile_001.csv
medium_ctx512_train_step_fp32,operator_or_kernel,"void at::native::elementwise_kernel<128, 2, at::native::gpu_kernel_impl_nocast<at::native::BinaryFunctor<float, float, float, at::native::binary_internal::MulFunctor<float> > >(at::TensorIteratorBase&, at::native::BinaryFunctor<float, float, float, at::native::binary_internal::MulFunctor<float> > co",580,0.0,0.0,5860.156,5860.156,profile_001.csv
medium_ctx512_train_step_fp32,operator_or_kernel,aten::sub_,438,2037.549,8347.979,5114.15,5714.96,profile_001.csv
medium_ctx512_train_step_fp32,operator_or_kernel,autograd::engine::evaluate_function: torch::autograd::AccumulateGrad,219,805.806,9887.855,0.0,5645.924,profile_001.csv
medium_ctx512_train_step_fp32,operator_or_kernel,torch::autograd::AccumulateGrad,219,1074.639,9082.049,0.0,5645.924,profile_001.csv
medium_ctx512_train_step_fp32,operator_or_kernel,aten::sum,170,2026.357,8197.744,5281.902,5281.902,profile_001.csv
medium_ctx512_train_step_fp32,operator_or_kernel,"void at::native::elementwise_kernel<128, 2, at::native::gpu_kernel_impl_nocast<at::native::(anonymous namespace)::where_kernel_impl(at::TensorIterator&)::{lambda()#1}::operator()() const::{lambda()#11}::operator()() const::{lambda(bool, float, float)#1}>(at::TensorIteratorBase&, at::native::(anonymo",48,0.0,0.0,4593.642,4593.642,profile_001.csv
medium_ctx512_train_step_fp32,operator_or_kernel,"void at::native::reduce_kernel<512, 1, at::native::ReduceOp<float, at::native::func_wrapper_t<float, at::native::sum_functor<float, float, float>::operator()(at::TensorIterator&)::{lambda(float, float)#1}>, unsigned int, float, 4, 4> >(at::native::ReduceOp<float, at::native::func_wrapper_t<float, at",121,0.0,0.0,4551.289,4551.289,profile_001.csv
medium_ctx512_train_step_fp32,operator_or_kernel,autograd::engine::evaluate_function: MaxBackward0,24,264.033,7338.492,0.0,4101.165,profile_001.csv
medium_ctx512_train_step_fp32,operator_or_kernel,"void at::native::elementwise_kernel<128, 2, at::native::gpu_kernel_impl_nocast<at::native::CUDAFunctor_add<float> >(at::TensorIteratorBase&, at::native::CUDAFunctor_add<float> const&)::{lambda(int)#1}>(int, at::native::gpu_kernel_impl_nocast<at::native::CUDAFunctor_add<float> >(at::TensorIteratorBas",48,0.0,0.0,4089.694,4089.694,profile_001.csv
medium_ctx512_train_step_fp32,operator_or_kernel,aten::neg,96,769.394,6984.581,4042.825,4042.825,profile_001.csv
medium_ctx512_train_step_fp32,operator_or_kernel,Command Buffer Full,990,219688.317,219688.317,3773.042,3773.042,profile_001.csv
medium_ctx512_train_step_fp32,operator_or_kernel,cudaLaunchKernel,7189,159056.495,234481.713,0.0,3773.042,profile_001.csv
medium_ctx512_train_step_fp32,operator_or_kernel,aten::fill_,514,1908.669,20053.151,3438.952,3720.412,profile_001.csv
medium_ctx512_train_step_fp32,operator_or_kernel,"void at::native::vectorized_elementwise_kernel<4, at::native::BUnaryFunctor<float, float, float, at::native::binary_internal::MulFunctor<float> >, std::array<char*, 2ul> >(int, at::native::BUnaryFunctor<float, float, float, at::native::binary_internal::MulFunctor<float> >, std::array<char*, 2ul>)",48,0.0,0.0,3701.791,3701.791,profile_001.csv
medium_ctx512_train_step_fp32,operator_or_kernel,autograd::engine::evaluate_function: SubBackward0,72,394.509,6473.291,0.0,3652.454,profile_001.csv
medium_ctx512_train_step_fp32,operator_or_kernel,aten::zero_,465,1127.156,16720.341,0.0,3626.714,profile_001.csv
medium_ctx512_train_step_fp32,operator_or_kernel,"void at::native::vectorized_elementwise_kernel<4, at::native::neg_kernel_cuda(at::TensorIteratorBase&)::{lambda()#2}::operator()() const::{lambda()#7}::operator()() const::{lambda(float)#1}, std::array<char*, 2ul> >(int, at::native::neg_kernel_cuda(at::TensorIteratorBase&)::{lambda()#2}::operator()(",48,0.0,0.0,3624.003,3624.003,profile_001.csv
medium_ctx512_train_step_fp32,operator_or_kernel,"void at::native::vectorized_elementwise_kernel<4, at::native::FillFunctor<float>, std::array<char*, 1ul> >(int, at::native::FillFunctor<float>, std::array<char*, 1ul>)",514,0.0,0.0,3438.952,3438.952,profile_001.csv
medium_ctx512_train_step_fp32,operator_or_kernel,aten::pow,366,3772.125,21483.845,2565.606,3300.347,profile_001.csv
medium_ctx512_train_step_fp32,operator_or_kernel,autograd::engine::evaluate_function: SigmoidBackward0,24,248.623,15071.474,0.0,2931.05,profile_001.csv
medium_ctx512_train_step_fp32,operator_or_kernel,ExpBackward0,24,70.953,381.986,0.0,2868.108,profile_001.csv
medium_ctx512_train_step_fp32,operator_or_kernel,autograd::engine::evaluate_function: ExpBackward0,24,137.645,519.631,0.0,2868.108,profile_001.csv
medium_ctx512_train_step_fp32,operator_or_kernel,"void at::native::vectorized_elementwise_kernel<4, at::native::BinaryFunctor<float, float, float, at::native::binary_internal::DivFunctor<float> >, std::array<char*, 3ul> >(int, at::native::BinaryFunctor<float, float, float, at::native::binary_internal::DivFunctor<float> >, std::array<char*, 3ul>)",219,0.0,0.0,2724.108,2724.108,profile_001.csv
medium_ctx512_train_step_fp32,operator_or_kernel,aten::zeros_like,438,922.53,19320.488,0.0,2703.371,profile_001.csv
medium_ctx512_train_step_fp32,operator_or_kernel,aten::clone,192,680.239,9503.585,0.0,2555.712,profile_001.csv
medium_ctx512_train_step_fp32,operator_or_kernel,aten::reshape,1593,3046.992,15390.082,0.0,2555.712,profile_001.csv
medium_ctx512_train_step_fp32,operator_or_kernel,"void at::native::vectorized_elementwise_kernel<4, at::native::(anonymous namespace)::pow_tensor_scalar_kernel_impl<float, float>(at::TensorIteratorBase&, float)::{lambda(float)#1}, std::array<char*, 2ul> >(int, at::native::(anonymous namespace)::pow_tensor_scalar_kernel_impl<float, float>(at::Tensor",268,0.0,0.0,2469.205,2469.205,profile_001.csv
medium_ctx512_train_step_fp32,operator_or_kernel,aten::sqrt,219,1459.225,9270.709,2196.502,2444.034,profile_001.csv
medium_ctx512_train_step_fp32,operator_or_kernel,WhereBackward0,24,55.201,5110.996,0.0,2337.107,profile_001.csv
medium_ctx512_train_step_fp32,operator_or_kernel,autograd::engine::evaluate_function: WhereBackward0,24,173.509,5284.505,0.0,2337.107,profile_001.csv
medium_ctx512_train_step_fp32,operator_or_kernel,ampere_sgemm_128x32_sliced1x4_nn,1,0.0,0.0,2334.229,2334.229,profile_001.csv
medium_ctx512_train_step_fp32,operator_or_kernel,aten::square,219,240.586,10044.522,0.0,2317.269,profile_001.csv
medium_ctx512_train_step_fp32,operator_or_kernel,void cutlass::Kernel2<cutlass_80_simt_sgemm_128x32_8x5_nt_align1>(cutlass_80_simt_sgemm_128x32_8x5_nt_align1::Params),1,0.0,0.0,2307.541,2307.541,profile_001.csv
medium_ctx512_train_step_fp32,operator_or_kernel,aten::sub,72,742.579,1069.606,2301.805,2301.805,profile_001.csv
medium_ctx512_train_step_fp32,operator_or_kernel,ampere_sgemm_128x64_tn,1,0.0,0.0,2285.142,2285.142,profile_001.csv
medium_ctx512_train_step_fp32,operator_or_kernel,SubBackward0,72,134.186,5733.647,0.0,2266.251,profile_001.csv
medium_ctx512_train_step_fp32,operator_or_kernel,"void at::native::vectorized_elementwise_kernel<4, at::native::sqrt_kernel_cuda(at::TensorIteratorBase&)::{lambda()#2}::operator()() const::{lambda()#2}::operator()() const::{lambda(float)#1}, std::array<char*, 2ul> >(int, at::native::sqrt_kernel_cuda(at::TensorIteratorBase&)::{lambda()#2}::operator(",219,0.0,0.0,2196.502,2196.502,profile_001.csv
medium_ctx512_train_step_fp32,operator_or_kernel,autograd::engine::evaluate_function: SumBackward1,24,217.097,725.018,0.0,2031.237,profile_001.csv
medium_ctx512_train_step_fp32,operator_or_kernel,autograd::engine::evaluate_function: PowBackward0,49,538.668,32459.742,0.0,1987.472,profile_001.csv
medium_ctx512_train_step_fp32,operator_or_kernel,aten::exp,24,270.17,386.537,1782.456,1782.456,profile_001.csv
medium_ctx512_train_step_fp32,operator_or_kernel,"void at::native::vectorized_elementwise_kernel<4, at::native::exp_kernel_cuda(at::TensorIteratorBase&)::{lambda()#2}::operator()() const::{lambda()#2}::operator()() const::{lambda(float)#1}, std::array<char*, 2ul> >(int, at::native::exp_kernel_cuda(at::TensorIteratorBase&)::{lambda()#2}::operator()(",24,0.0,0.0,1782.456,1782.456,profile_001.csv
medium_ctx512_train_step_fp32,operator_or_kernel,aten::cat,96,1191.143,1699.577,1717.695,1717.695,profile_001.csv
medium_ctx512_train_step_fp32,operator_or_kernel,aten::max,24,483.754,660.768,1569.175,1569.175,profile_001.csv
medium_ctx512_train_step_fp32,operator_or_kernel,"void at::native::reduce_kernel<512, 1, at::native::ReduceOp<float, at::native::MaxOps<float>, unsigned int, float, 4, 4> >(at::native::ReduceOp<float, at::native::MaxOps<float>, unsigned int, float, 4, 4>)",24,0.0,0.0,1569.175,1569.175,profile_001.csv
medium_ctx512_train_step_fp32,operator_or_kernel,"void at::native::vectorized_elementwise_kernel<4, at::native::CUDAFunctorOnSelf_add<float>, std::array<char*, 2ul> >(int, at::native::CUDAFunctorOnSelf_add<float>, std::array<char*, 2ul>)",268,0.0,0.0,1550.979,1550.979,profile_001.csv
medium_ctx512_train_step_fp32,operator_or_kernel,SigmoidBackward0,24,84.975,13933.583,0.0,1454.817,profile_001.csv
medium_ctx512_train_step_fp32,operator_or_kernel,aten::sigmoid_backward,24,207.175,13848.608,1454.817,1454.817,profile_001.csv
medium_ctx512_train_step_fp32,operator_or_kernel,"void at::native::vectorized_elementwise_kernel<4, at::native::sigmoid_backward_kernel_cuda(at::TensorIteratorBase&)::{lambda()#2}::operator()() const::{lambda()#2}::operator()() const::{lambda(float, float)#1}, std::array<char*, 3ul> >(int, at::native::sigmoid_backward_kernel_cuda(at::TensorIterator",24,0.0,0.0,1454.817,1454.817,profile_001.csv
medium_ctx512_train_step_fp32,operator_or_kernel,"void at::native::(anonymous namespace)::CatArrayBatchedCopy<at::native::(anonymous namespace)::OpaqueType<4u>, unsigned int, 4, 64, 64>(at::native::(anonymous namespace)::OpaqueType<4u>*, at::native::(anonymous namespace)::CatArrInputTensorMetadata<at::native::(anonymous namespace)::OpaqueType<4u>, ",72,0.0,0.0,1425.234,1425.234,profile_001.csv
medium_ctx512_train_step_fp32,operator_or_kernel,PowBackward0,49,269.815,27562.103,0.0,1411.54,profile_001.csv
medium_ctx512_train_step_fp32,operator_or_kernel,MaxBackward0,24,67.826,2728.922,0.0,1170.329,profile_001.csv
medium_ctx512_train_step_fp32,operator_or_kernel,aten::value_selecting_reduction_backward,24,84.818,2661.096,0.0,1170.329,profile_001.csv
medium_ctx512_train_step_fp32,operator_or_kernel,ViewBackward0,628,1025.079,4140.603,0.0,1062.535,profile_001.csv
medium_ctx512_train_step_fp32,operator_or_kernel,autograd::engine::evaluate_function: ViewBackward0,628,2464.156,6604.759,0.0,1062.535,profile_001.csv
medium_ctx512_train_step_fp32,operator_or_kernel,autograd::engine::evaluate_function: UnsqueezeBackward0,507,2246.945,10785.092,0.0,922.99,profile_001.csv
medium_ctx512_train_step_fp32,operator_or_kernel,aten::concat,48,83.3,996.475,0.0,906.815,profile_001.csv
medium_ctx512_train_step_fp32,operator_or_kernel,aten::zeros,25,84.513,1300.323,0.0,860.203,profile_001.csv
medium_ctx512_train_step_fp32,operator_or_kernel,aten::sigmoid,24,293.676,432.262,851.326,851.326,profile_001.csv
medium_ctx512_train_step_fp32,operator_or_kernel,"void at::native::vectorized_elementwise_kernel<4, at::native::sigmoid_kernel_cuda(at::TensorIteratorBase&)::{lambda()#2}::operator()() const::{lambda()#2}::operator()() const::{lambda(float)#1}, std::array<char*, 2ul> >(int, at::native::sigmoid_kernel_cuda(at::TensorIteratorBase&)::{lambda()#2}::ope",24,0.0,0.0,851.326,851.326,profile_001.csv
medium_ctx512_train_step_fp32,operator_or_kernel,UnbindBackward0,48,104.703,1193.128,0.0,810.88,profile_001.csv
medium_ctx512_train_step_fp32,operator_or_kernel,aten::stack,48,242.18,1088.425,0.0,810.88,profile_001.csv
medium_ctx512_train_step_fp32,operator_or_kernel,autograd::engine::evaluate_function: UnbindBackward0,48,254.035,1447.163,0.0,810.88,profile_001.csv
medium_ctx512_train_step_fp32,operator_or_kernel,Memset (Device),409,0.0,0.0,772.144,772.144,profile_001.csv
medium_ctx512_train_step_fp32,operator_or_kernel,"void at::native::reduce_kernel<128, 4, at::native::ReduceOp<float, at::native::func_wrapper_t<float, at::native::sum_functor<float, float, float>::operator()(at::TensorIterator&)::{lambda(float, float)#1}>, unsigned int, float, 4, 4> >(at::native::ReduceOp<float, at::native::func_wrapper_t<float, at",49,0.0,0.0,645.353,645.353,profile_001.csv
medium_ctx512_train_step_fp32,operator_or_kernel,Memcpy DtoD (Device -> Device),50,0.0,0.0,591.613,591.613,profile_001.csv
medium_ctx512_train_step_fp32,operator_or_kernel,ReshapeAliasBackward0,241,438.982,7497.151,0.0,468.364,profile_001.csv
medium_ctx512_train_step_fp32,operator_or_kernel,autograd::engine::evaluate_function: ReshapeAliasBackward0,241,1036.024,8533.175,0.0,468.364,profile_001.csv
medium_ctx512_train_step_fp32,operator_or_kernel,MeanBackward1,49,181.606,1696.238,0.0,437.282,profile_001.csv
medium_ctx512_train_step_fp32,operator_or_kernel,autograd::engine::evaluate_function: MeanBackward1,49,232.576,1928.814,0.0,437.282,profile_001.csv
medium_ctx512_train_step_fp32,operator_or_kernel,"void at::native::elementwise_kernel<128, 2, at::native::gpu_kernel_impl_nocast<at::native::BUnaryFunctor<float, float, float, at::native::binary_internal::MulFunctor<float> > >(at::TensorIteratorBase&, at::native::BUnaryFunctor<float, float, float, at::native::binary_internal::MulFunctor<float> > co",49,0.0,0.0,437.282,437.282,profile_001.csv
medium_ctx512_train_step_fp32,operator_or_kernel,"void at::native::elementwise_kernel<128, 2, at::native::gpu_kernel_impl_nocast<at::native::neg_kernel_cuda(at::TensorIteratorBase&)::{lambda()#2}::operator()() const::{lambda()#7}::operator()() const::{lambda(float)#1}>(at::TensorIteratorBase&, at::native::neg_kernel_cuda(at::TensorIteratorBase&)::{",48,0.0,0.0,418.822,418.822,profile_001.csv
medium_ctx512_train_step_fp32,operator_or_kernel,aten::mean,49,689.296,939.941,362.848,362.848,profile_001.csv
medium_ctx512_train_step_fp32,operator_or_kernel,"void at::native::reduce_kernel<512, 1, at::native::ReduceOp<float, at::native::MeanOps<float, float, float, float>, unsigned int, float, 4, 4> >(at::native::ReduceOp<float, at::native::MeanOps<float, float, float, float>, unsigned int, float, 4, 4>)",49,0.0,0.0,362.848,362.848,profile_001.csv
medium_ctx512_train_step_fp32,operator_or_kernel,aten::scatter_,24,314.153,1317.015,332.338,332.338,profile_001.csv
medium_ctx512_train_step_fp32,operator_or_kernel,"void at::native::_scatter_gather_elementwise_kernel<128, 8, at::native::_cuda_scatter_gather_internal_kernel<true, at::native::OpaqueType<4> >::operator()<at::native::TensorAssign>(at::TensorIterator&, long, long, long, at::native::TensorAssign const&)::{lambda(int)#1}>(int, at::native::_cuda_scatte",24,0.0,0.0,332.338,332.338,profile_001.csv
medium_ctx512_train_step_fp32,operator_or_kernel,UnsafeViewBackward0,96,146.566,1120.792,0.0,306.734,profile_001.csv
medium_ctx512_train_step_fp32,operator_or_kernel,autograd::engine::evaluate_function: UnsafeViewBackward0,96,392.298,1513.09,0.0,306.734,profile_001.csv
medium_ctx512_train_step_fp32,operator_or_kernel,"void at::native::(anonymous namespace)::CatArrayBatchedCopy_aligned16_contig<at::native::(anonymous namespace)::OpaqueType<4u>, unsigned int, 4, 128, 1>(at::native::(anonymous namespace)::OpaqueType<4u>*, at::native::(anonymous namespace)::CatArrInputTensorMetadata<at::native::(anonymous namespace):",24,0.0,0.0,292.461,292.461,profile_001.csv
medium_ctx512_train_step_fp32,operator_or_kernel,RsqrtBackward0,49,335.018,2545.9,0.0,257.703,profile_001.csv
medium_ctx512_train_step_fp32,operator_or_kernel,autograd::engine::evaluate_function: RsqrtBackward0,49,276.194,2822.094,0.0,257.703,profile_001.csv
medium_ctx512_train_step_fp32,operator_or_kernel,aten::cross_entropy_loss,1,7.645,56.516,0.0,179.391,profile_001.csv
medium_ctx512_train_step_fp32,operator_or_kernel,LogSoftmaxBackward0,1,5.216,21.158,0.0,145.407,profile_001.csv
medium_ctx512_train_step_fp32,operator_or_kernel,aten::_log_softmax_backward_data,1,10.318,15.942,145.407,145.407,profile_001.csv
medium_ctx512_train_step_fp32,operator_or_kernel,autograd::engine::evaluate_function: LogSoftmaxBackward0,1,5.929,27.087,0.0,145.407,profile_001.csv
medium_ctx512_train_step_fp32,operator_or_kernel,"void at::native::(anonymous namespace)::cunn_SoftMaxBackwardSmem<4, float, float, float, at::native::(anonymous namespace)::LogSoftMaxBackwardEpilogue>(float*, float const*, float const*, long)",1,0.0,0.0,145.407,145.407,profile_001.csv
medium_ctx512_train_step_fp32,operator_or_kernel,aten::_log_softmax,1,12.275,18.725,111.807,111.807,profile_001.csv
medium_ctx512_train_step_fp32,operator_or_kernel,aten::log_softmax,1,4.314,23.415,0.0,111.807,profile_001.csv
medium_ctx512_train_step_fp32,operator_or_kernel,"void at::native::(anonymous namespace)::cunn_SoftMaxForwardSmem<4, float, float, float, at::native::(anonymous namespace)::LogSoftMaxForwardEpilogue, long>(float*, float const*, long)",1,0.0,0.0,111.807,111.807,profile_001.csv
medium_ctx512_train_step_fp32,operator_or_kernel,aten::ge,24,261.854,387.379,103.361,103.361,profile_001.csv
medium_ctx512_train_step_fp32,operator_or_kernel,"void at::native::elementwise_kernel<128, 4, at::native::gpu_kernel_impl_nocast<at::native::(anonymous namespace)::CompareFunctor<long> >(at::TensorIteratorBase&, at::native::(anonymous namespace)::CompareFunctor<long> const&)::{lambda(int)#1}>(int, at::native::gpu_kernel_impl_nocast<at::native::(ano",24,0.0,0.0,103.361,103.361,profile_001.csv
medium_ctx512_train_step_fp32,operator_or_kernel,"void at::native::vectorized_elementwise_kernel<4, at::native::(anonymous namespace)::pow_tensor_scalar_kernel_impl<float, float>(at::TensorIteratorBase&, float)::{lambda(float)#2}, std::array<char*, 2ul> >(int, at::native::(anonymous namespace)::pow_tensor_scalar_kernel_impl<float, float>(at::Tensor",49,0.0,0.0,96.401,96.401,profile_001.csv
medium_ctx512_train_step_fp32,operator_or_kernel,aten::scalar_tensor,48,175.722,4841.466,0.0,92.002,profile_001.csv
medium_ctx512_train_step_fp32,operator_or_kernel,aten::arange,50,258.491,975.317,44.769,89.538,profile_001.csv
medium_ctx512_train_step_fp32,operator_or_kernel,aten::rsqrt,49,485.658,696.371,80.033,80.033,profile_001.csv
medium_ctx512_train_step_fp32,operator_or_kernel,"void at::native::vectorized_elementwise_kernel<4, at::native::rsqrt_kernel_cuda(at::TensorIteratorBase&)::{lambda()#2}::operator()() const::{lambda()#2}::operator()() const::{lambda(float)#1}, std::array<char*, 2ul> >(int, at::native::rsqrt_kernel_cuda(at::TensorIteratorBase&)::{lambda()#2}::operato",49,0.0,0.0,80.033,80.033,profile_001.csv
medium_ctx512_train_step_fp32,operator_or_kernel,NllLossBackward0,1,14.482,62.355,0.0,77.759,profile_001.csv
medium_ctx512_train_step_fp32,operator_or_kernel,aten::nll_loss_backward,1,16.561,47.873,36.511,77.759,profile_001.csv
medium_ctx512_train_step_fp32,operator_or_kernel,autograd::engine::evaluate_function: NllLossBackward0,1,27.239,89.594,0.0,77.759,profile_001.csv
medium_ctx512_train_step_fp32,operator_or_kernel,SliceBackward0,1,4.413,110.921,0.0,70.349,profile_001.csv
medium_ctx512_train_step_fp32,operator_or_kernel,aten::slice_backward,1,5.82,106.508,0.0,70.349,profile_001.csv
medium_ctx512_train_step_fp32,operator_or_kernel,autograd::engine::evaluate_function: SliceBackward0,1,5.315,116.236,0.0,70.349,profile_001.csv
medium_ctx512_train_step_fp32,operator_or_kernel,aten::nll_loss,1,2.801,22.472,0.0,67.584,profile_001.csv
medium_ctx512_train_step_fp32,operator_or_kernel,aten::nll_loss_forward,1,14.118,19.671,67.584,67.584,profile_001.csv
medium_ctx512_train_step_fp32,operator_or_kernel,aten::nll_loss_nd,1,2.984,25.456,0.0,67.584,profile_001.csv
medium_ctx512_train_step_fp32,operator_or_kernel,"void at::native::(anonymous namespace)::nll_loss_forward_reduce_cuda_kernel_2d<float, float, long>(float*, float*, float const*, long const*, float const*, bool, long, long, long, long)",1,0.0,0.0,67.584,67.584,profile_001.csv
medium_ctx512_train_step_fp32,operator_or_kernel,IndexBackward0,1,8.592,2126.484,0.0,59.403,profile_001.csv
medium_ctx512_train_step_fp32,operator_or_kernel,autograd::engine::evaluate_function: IndexBackward0,1,6.182,2132.666,0.0,59.403,profile_001.csv
medium_ctx512_train_step_fp32,operator_or_kernel,"void (anonymous namespace)::elementwise_kernel_with_index<int, at::native::arange_cuda_out(c10::Scalar const&, c10::Scalar const&, c10::Scalar const&, at::Tensor&)::{lambda()#1}::operator()() const::{lambda()#4}::operator()() const::{lambda(long)#1}>(int, at::native::arange_cuda_out(c10::Scalar cons",25,0.0,0.0,44.769,44.769,profile_001.csv
medium_ctx512_train_step_fp32,operator_or_kernel,aten::_index_put_impl_,1,29.732,2072.028,27.333,37.511,profile_001.csv
medium_ctx512_train_step_fp32,operator_or_kernel,"void at::native::(anonymous namespace)::nll_loss_backward_reduce_cuda_kernel_2d<float, long>(float*, float const*, long const*, float const*, float const*, bool, int, int, long, long)",1,0.0,0.0,36.511,36.511,profile_001.csv
medium_ctx512_train_step_fp32,operator_or_kernel,aten::index,1,29.183,48.667,23.456,23.456,profile_001.csv
medium_ctx512_train_step_fp32,operator_or_kernel,"void at::native::index_elementwise_kernel<128, 4, at::native::gpu_index_kernel<at::native::index_kernel_impl<at::native::OpaqueType<4> >(at::TensorIteratorBase&, c10::ArrayRef<long>, c10::ArrayRef<long>)::{lambda(char*, char const*, long)#1}>(at::TensorIteratorBase&, c10::ArrayRef<long>, c10::ArrayR",1,0.0,0.0,23.456,23.456,profile_001.csv
medium_ctx512_train_step_fp32,operator_or_kernel,aten::new_zeros,1,3.214,45.864,0.0,21.892,profile_001.csv
medium_ctx512_train_step_fp32,operator_or_kernel,"void (anonymous namespace)::indexing_backward_kernel<float, 4>(long const*, long const*, float const*, float*, long, long, long, long, bool)",1,0.0,0.0,16.707,16.707,profile_001.csv
medium_ctx512_train_step_fp32,operator_or_kernel,"void at_cuda_detail::cub::DeviceRadixSortSingleTileKernel<at_cuda_detail::cub::DeviceRadixSortPolicy<long, at::cuda::cub::detail::OpaqueType<8>, unsigned long long>::Policy900, false, long, at::cuda::cub::detail::OpaqueType<8>, unsigned long long, at_cuda_detail::cub::detail::identity_decomposer_t>(",1,0.0,0.0,10.626,10.626,profile_001.csv
medium_ctx512_train_step_fp32,operator_or_kernel,aten::remainder,1,11.302,945.276,3.68,3.68,profile_001.csv
medium_ctx512_train_step_fp32,operator_or_kernel,"void at::native::vectorized_elementwise_kernel<2, at::native::BUnaryFunctor<long, long, long, at::native::remainder_kernel_cuda(at::TensorIteratorBase&)::{lambda()#1}::operator()() const::{lambda()#4}::operator()() const::{lambda(long, long)#1}>, std::array<char*, 2ul> >(int, at::native::BUnaryFunct",1,0.0,0.0,3.68,3.68,profile_001.csv
medium_ctx512_train_step_fp32,operator_or_kernel,aten::div_,1,9.359,902.915,2.624,2.624,profile_001.csv
medium_ctx512_train_step_fp32,operator_or_kernel,aten::divide_,1,1.812,904.727,0.0,2.624,profile_001.csv
medium_ctx512_train_step_fp32,operator_or_kernel,"void at::native::vectorized_elementwise_kernel<2, at::native::BUnaryFunctor<long, long, long, at::native::binary_internal::div_trunc_kernel_cuda(at::TensorIteratorBase&)::{lambda()#1}::operator()() const::{lambda()#4}::operator()() const::{lambda(long, long)#1}>, std::array<char*, 2ul> >(int, at::na",1,0.0,0.0,2.624,2.624,profile_001.csv
medium_ctx512_train_step_fp32,operator_or_kernel,"void at::native::vectorized_elementwise_kernel<2, at::native::AUnaryFunctor<long, long, long, at::native::binary_internal::MulFunctor<long> >, std::array<char*, 2ul> >(int, at::native::AUnaryFunctor<long, long, long, at::native::binary_internal::MulFunctor<long> >, std::array<char*, 2ul>)",1,0.0,0.0,2.049,2.049,profile_001.csv
medium_ctx512_train_step_fp32,operator_or_kernel,aten::ones_like,1,2.687,30.093,0.0,1.696,profile_001.csv
medium_ctx512_train_step_fp32,operator_or_kernel,AddBackward0,145,107.344,107.344,0.0,0.0,profile_001.csv
medium_ctx512_train_step_fp32,operator_or_kernel,Buffer Flush,1,91.115,91.115,0.0,0.0,profile_001.csv
medium_ctx512_train_step_fp32,operator_or_kernel,CatBackward0,48,149.935,801.261,0.0,0.0,profile_001.csv
medium_ctx512_train_step_fp32,operator_or_kernel,CloneBackward0,48,15.226,15.226,0.0,0.0,profile_001.csv
medium_ctx512_train_step_fp32,operator_or_kernel,ExpandBackward0,96,44.629,44.629,0.0,0.0,profile_001.csv
medium_ctx512_train_step_fp32,operator_or_kernel,Optimizer.zero_grad#AdamW.zero_grad,1,273.141,273.141,0.0,0.0,profile_001.csv
medium_ctx512_train_step_fp32,operator_or_kernel,PermuteBackward0,989,1692.158,5194.096,0.0,0.0,profile_001.csv
medium_ctx512_train_step_fp32,operator_or_kernel,SumBackward1,24,49.084,169.581,0.0,0.0,profile_001.csv
medium_ctx512_train_step_fp32,operator_or_kernel,TransposeBackward0,24,28.79,164.467,0.0,0.0,profile_001.csv
medium_ctx512_train_step_fp32,operator_or_kernel,Unrecognized,1,1471.858,1471.858,0.0,0.0,profile_001.csv
medium_ctx512_train_step_fp32,operator_or_kernel,UnsqueezeBackward0,507,554.113,2227.398,0.0,0.0,profile_001.csv
medium_ctx512_train_step_fp32,operator_or_kernel,aten::_has_compatible_shallow_copy_type,438,46.373,46.373,0.0,0.0,profile_001.csv
medium_ctx512_train_step_fp32,operator_or_kernel,aten::_reshape_alias,241,609.715,609.715,0.0,0.0,profile_001.csv
medium_ctx512_train_step_fp32,operator_or_kernel,aten::_unsafe_view,240,391.012,391.012,0.0,0.0,profile_001.csv
medium_ctx512_train_step_fp32,operator_or_kernel,aten::as_strided,4102,2731.381,2731.381,0.0,0.0,profile_001.csv
medium_ctx512_train_step_fp32,operator_or_kernel,aten::detach,51,56.266,169.35,0.0,0.0,profile_001.csv
medium_ctx512_train_step_fp32,operator_or_kernel,aten::empty,341,1573.807,1573.807,0.0,0.0,profile_001.csv
medium_ctx512_train_step_fp32,operator_or_kernel,aten::empty_like,633,1355.067,4215.04,0.0,0.0,profile_001.csv
medium_ctx512_train_step_fp32,operator_or_kernel,aten::empty_strided,608,2746.497,2746.497,0.0,0.0,profile_001.csv
medium_ctx512_train_step_fp32,operator_or_kernel,aten::expand,169,650.911,817.127,0.0,0.0,profile_001.csv
medium_ctx512_train_step_fp32,operator_or_kernel,aten::flatten,2,2.673,5.303,0.0,0.0,profile_001.csv
medium_ctx512_train_step_fp32,operator_or_kernel,aten::narrow,96,217.227,651.326,0.0,0.0,profile_001.csv
medium_ctx512_train_step_fp32,operator_or_kernel,aten::new_empty,1,1.818,6.823,0.0,0.0,profile_001.csv
medium_ctx512_train_step_fp32,operator_or_kernel,aten::new_empty_strided,169,393.556,1276.007,0.0,0.0,profile_001.csv
medium_ctx512_train_step_fp32,operator_or_kernel,aten::permute,1978,5722.497,7078.506,0.0,0.0,profile_001.csv
medium_ctx512_train_step_fp32,operator_or_kernel,aten::resize_,74,247.341,247.341,0.0,0.0,profile_001.csv
medium_ctx512_train_step_fp32,operator_or_kernel,aten::result_type,366,100.94,100.94,0.0,0.0,profile_001.csv
medium_ctx512_train_step_fp32,operator_or_kernel,aten::select,192,384.115,490.275,0.0,0.0,profile_001.csv
medium_ctx512_train_step_fp32,operator_or_kernel,aten::slice,194,692.719,810.397,0.0,0.0,profile_001.csv
medium_ctx512_train_step_fp32,operator_or_kernel,aten::squeeze,507,1379.2,1673.285,0.0,0.0,profile_001.csv
medium_ctx512_train_step_fp32,operator_or_kernel,aten::to,514,104.868,104.868,0.0,0.0,profile_001.csv
medium_ctx512_train_step_fp32,operator_or_kernel,aten::transpose,482,1539.309,1899.268,0.0,0.0,profile_001.csv
medium_ctx512_train_step_fp32,operator_or_kernel,aten::unbind,96,332.791,823.066,0.0,0.0,profile_001.csv
medium_ctx512_train_step_fp32,operator_or_kernel,aten::unsqueeze,531,1675.156,1970.761,0.0,0.0,profile_001.csv
medium_ctx512_train_step_fp32,operator_or_kernel,aten::view,1597,2769.473,2769.473,0.0,0.0,profile_001.csv
medium_ctx512_train_step_fp32,operator_or_kernel,autograd::engine::evaluate_function: AddBackward0,145,616.152,723.496,0.0,0.0,profile_001.csv
medium_ctx512_train_step_fp32,operator_or_kernel,autograd::engine::evaluate_function: CatBackward0,48,226.315,1027.576,0.0,0.0,profile_001.csv
medium_ctx512_train_step_fp32,operator_or_kernel,autograd::engine::evaluate_function: CloneBackward0,48,167.879,183.105,0.0,0.0,profile_001.csv
medium_ctx512_train_step_fp32,operator_or_kernel,autograd::engine::evaluate_function: ExpandBackward0,96,396.482,441.111,0.0,0.0,profile_001.csv
medium_ctx512_train_step_fp32,operator_or_kernel,autograd::engine::evaluate_function: PermuteBackward0,989,3922.099,9116.195,0.0,0.0,profile_001.csv
medium_ctx512_train_step_fp32,operator_or_kernel,autograd::engine::evaluate_function: TransposeBackward0,24,95.365,259.832,0.0,0.0,profile_001.csv
medium_ctx512_train_step_fp32,operator_or_kernel,cuLaunchKernel,1,6.198,6.198,0.0,0.0,profile_001.csv
medium_ctx512_train_step_fp32,operator_or_kernel,cudaDeviceGetAttribute,1,0.691,0.691,0.0,0.0,profile_001.csv
medium_ctx512_train_step_fp32,operator_or_kernel,cudaDeviceSynchronize,3,18.282,18.282,0.0,0.0,profile_001.csv
medium_ctx512_train_step_fp32,operator_or_kernel,cudaMemcpyAsync,50,9174.31,9174.31,0.0,0.0,profile_001.csv
medium_ctx512_train_step_fp32,operator_or_kernel,cudaMemsetAsync,409,15575.137,15575.137,0.0,0.0,profile_001.csv
medium_ctx512_train_step_fp32,operator_or_kernel,cudaOccupancyMaxActiveBlocksPerMultiprocessor,314,317.172,317.172,0.0,0.0,profile_001.csv
medium_ctx512_train_step_fp32,operator_or_kernel,cudaPeekAtLastError,2,0.224,0.224,0.0,0.0,profile_001.csv
medium_ctx512_train_step_fp32,operator_or_kernel,detach,51,113.084,113.084,0.0,0.0,profile_001.csv
medium_ctx512_train_step_fp32,optimizer,optimizer,2,68.657,136579.045,0.0,37780.978,profile_001.csv
medium_ctx512_train_step_fp32,profile/measure,profile/measure,1,2372.799,447820.651,0.0,167631.027,profile_001.csv
small_ctx1024_train_step_fp32,attention/scores,attention/scores,12,0.0,0.0,10980.62,10980.62,profile_001.csv
small_ctx1024_train_step_fp32,attention/scores,attention/scores,12,624.326,2396.121,0.0,10940.076,profile_001.csv
small_ctx1024_train_step_fp32,attention/softmax,attention/softmax,12,0.0,0.0,12799.491,12799.491,profile_001.csv
small_ctx1024_train_step_fp32,attention/softmax,attention/softmax,12,573.939,1715.025,0.0,12748.643,profile_001.csv
small_ctx1024_train_step_fp32,attention/value,attention/value,12,0.0,0.0,9472.177,9472.177,profile_001.csv
small_ctx1024_train_step_fp32,attention/value,attention/value,12,317.593,1449.12,0.0,9459.409,profile_001.csv
small_ctx1024_train_step_fp32,backward,backward,1,59263.627,121904.946,0.0,1.727,profile_001.csv
small_ctx1024_train_step_fp32,backward,backward,1,0.0,0.0,1.727,1.727,profile_001.csv
small_ctx1024_train_step_fp32,forward,forward,1,0.0,0.0,98525.408,98525.408,profile_001.csv
small_ctx1024_train_step_fp32,forward,forward,1,6176.246,28825.607,0.0,97433.359,profile_001.csv
small_ctx1024_train_step_fp32,operator_or_kernel,aten::bmm,327,6176.253,18140.647,218681.678,218681.678,profile_001.csv
small_ctx1024_train_step_fp32,operator_or_kernel,BmmBackward0,109,824.551,16394.062,0.0,147796.294,profile_001.csv
small_ctx1024_train_step_fp32,operator_or_kernel,autograd::engine::evaluate_function: BmmBackward0,109,911.955,17306.017,0.0,147796.294,profile_001.csv
small_ctx1024_train_step_fp32,operator_or_kernel,ProfilerStep*,1,74.148,321583.098,0.0,111020.964,profile_001.csv
small_ctx1024_train_step_fp32,operator_or_kernel,aten::einsum,85,1783.131,7948.097,0.0,56930.575,profile_001.csv
small_ctx1024_train_step_fp32,operator_or_kernel,ampere_sgemm_64x32_sliced1x4_nt,73,0.0,0.0,44641.055,44641.055,profile_001.csv
small_ctx1024_train_step_fp32,operator_or_kernel,attention,12,735.38,6295.646,0.0,33148.128,profile_001.csv
small_ctx1024_train_step_fp32,operator_or_kernel,ampere_sgemm_128x128_nt,36,0.0,0.0,30522.596,30522.596,profile_001.csv
small_ctx1024_train_step_fp32,operator_or_kernel,ampere_sgemm_128x64_tn,25,0.0,0.0,29291.44,29291.44,profile_001.csv
small_ctx1024_train_step_fp32,operator_or_kernel,ampere_sgemm_32x32_sliced1x4_nn,24,0.0,0.0,28378.738,28378.738,profile_001.csv
small_ctx1024_train_step_fp32,operator_or_kernel,aten::mul,1205,10092.81,87414.719,24509.057,25719.652,profile_001.csv
small_ctx1024_train_step_fp32,operator_or_kernel,ampere_sgemm_128x128_tn,72,0.0,0.0,23307.156,23307.156,profile_001.csv
small_ctx1024_train_step_fp32,operator_or_kernel,ampere_sgemm_128x128_nn,25,0.0,0.0,21730.933,21730.933,profile_001.csv
small_ctx1024_train_step_fp32,operator_or_kernel,autograd::engine::evaluate_function: DivBackward0,24,215.596,4478.044,0.0,21688.31,profile_001.csv
small_ctx1024_train_step_fp32,operator_or_kernel,aten::div,208,1927.065,16854.678,20749.473,21019.967,profile_001.csv
small_ctx1024_train_step_fp32,operator_or_kernel,DivBackward0,24,155.977,4037.783,0.0,20133.951,profile_001.csv
small_ctx1024_train_step_fp32,operator_or_kernel,"void at::native::vectorized_elementwise_kernel<4, at::native::BinaryFunctor<float, float, float, at::native::binary_internal::MulFunctor<float> >, std::array<char*, 3ul> >(int, at::native::BinaryFunctor<float, float, float, at::native::binary_internal::MulFunctor<float> >, std::array<char*, 3ul>)",196,0.0,0.0,15914.484,15914.484,profile_001.csv
small_ctx1024_train_step_fp32,operator_or_kernel,aten::matmul,24,246.592,1933.616,0.0,14216.666,profile_001.csv
small_ctx1024_train_step_fp32,operator_or_kernel,ampere_sgemm_128x64_nn,48,0.0,0.0,14200.07,14200.07,profile_001.csv
small_ctx1024_train_step_fp32,operator_or_kernel,"void at::native::elementwise_kernel<128, 2, at::native::gpu_kernel_impl_nocast<at::native::BinaryFunctor<float, float, float, at::native::binary_internal::DivFunctor<float> > >(at::TensorIteratorBase&, at::native::BinaryFunctor<float, float, float, at::native::binary_internal::DivFunctor<float> > co",48,0.0,0.0,14112.605,14112.605,profile_001.csv
small_ctx1024_train_step_fp32,operator_or_kernel,ampere_sgemm_32x128_tn,12,0.0,0.0,13744.476,13744.476,profile_001.csv
small_ctx1024_train_step_fp32,operator_or_kernel,aten::where,48,480.247,3420.797,6805.472,13656.989,profile_001.csv
small_ctx1024_train_step_fp32,operator_or_kernel,Optimizer.step#AdamW.step,1,7639.859,169440.815,0.0,13585.878,profile_001.csv
small_ctx1024_train_step_fp32,operator_or_kernel,ampere_sgemm_128x32_nn,12,0.0,0.0,12726.175,12726.175,profile_001.csv
small_ctx1024_train_step_fp32,operator_or_kernel,Optimizer.step#AdamW.step,1,0.0,0.0,12354.308,12354.308,profile_001.csv
small_ctx1024_train_step_fp32,operator_or_kernel,"void at::native::vectorized_elementwise_kernel<4, at::native::CUDAFunctor_add<float>, std::array<char*, 3ul> >(int, at::native::CUDAFunctor_add<float>, std::array<char*, 3ul>)",673,0.0,0.0,10721.789,10721.789,profile_001.csv
small_ctx1024_train_step_fp32,operator_or_kernel,aten::add_,145,919.916,8533.65,9752.106,9752.106,profile_001.csv
small_ctx1024_train_step_fp32,operator_or_kernel,autograd::engine::evaluate_function: MulBackward0,170,1699.068,32134.067,0.0,9012.052,profile_001.csv
small_ctx1024_train_step_fp32,operator_or_kernel,MulBackward0,170,492.54,20592.415,0.0,7339.1,profile_001.csv
small_ctx1024_train_step_fp32,operator_or_kernel,"void at::native::elementwise_kernel<128, 2, at::native::gpu_kernel_impl_nocast<at::native::(anonymous namespace)::where_kernel_impl(at::TensorIterator&)::{lambda()#1}::operator()() const::{lambda()#11}::operator()() const::{lambda(bool, float, float)#1}>(at::TensorIteratorBase&, at::native::(anonymo",24,0.0,0.0,6805.472,6805.472,profile_001.csv
small_ctx1024_train_step_fp32,operator_or_kernel,"void at::native::elementwise_kernel<128, 2, at::native::gpu_kernel_impl_nocast<at::native::CUDAFunctor_add<float> >(at::TensorIteratorBase&, at::native::CUDAFunctor_add<float> const&)::{lambda(int)#1}>(int, at::native::gpu_kernel_impl_nocast<at::native::CUDAFunctor_add<float> >(at::TensorIteratorBas",24,0.0,0.0,6192.606,6192.606,profile_001.csv
small_ctx1024_train_step_fp32,operator_or_kernel,aten::neg,48,430.681,1121.597,5799.39,5799.39,profile_001.csv
small_ctx1024_train_step_fp32,operator_or_kernel,autograd::engine::evaluate_function: MaxBackward0,12,147.79,4499.648,0.0,5589.091,profile_001.csv
small_ctx1024_train_step_fp32,operator_or_kernel,"void at::native::vectorized_elementwise_kernel<4, at::native::BUnaryFunctor<float, float, float, at::native::binary_internal::MulFunctor<float> >, std::array<char*, 2ul> >(int, at::native::BUnaryFunctor<float, float, float, at::native::binary_internal::MulFunctor<float> >, std::array<char*, 2ul>)",24,0.0,0.0,5548.678,5548.678,profile_001.csv
small_ctx1024_train_step_fp32,operator_or_kernel,"void at::native::vectorized_elementwise_kernel<4, at::native::neg_kernel_cuda(at::TensorIteratorBase&)::{lambda()#2}::operator()() const::{lambda()#7}::operator()() const::{lambda(float)#1}, std::array<char*, 2ul> >(int, at::native::neg_kernel_cuda(at::TensorIteratorBase&)::{lambda()#2}::operator()(",24,0.0,0.0,5522.403,5522.403,profile_001.csv
small_ctx1024_train_step_fp32,operator_or_kernel,aten::sum,86,1173.428,8772.348,5485.833,5485.833,profile_001.csv
small_ctx1024_train_step_fp32,operator_or_kernel,"void at::native::reduce_kernel<512, 1, at::native::ReduceOp<float, at::native::func_wrapper_t<float, at::native::sum_functor<float, float, float>::operator()(at::TensorIterator&)::{lambda(float, float)#1}>, unsigned int, float, 4, 4> >(at::native::ReduceOp<float, at::native::func_wrapper_t<float, at",61,0.0,0.0,5058.891,5058.891,profile_001.csv
small_ctx1024_train_step_fp32,operator_or_kernel,autograd::engine::evaluate_function: SubBackward0,36,226.269,1373.614,0.0,4600.295,profile_001.csv
small_ctx1024_train_step_fp32,operator_or_kernel,"void at::native::vectorized_elementwise_kernel<4, at::native::AUnaryFunctor<float, float, float, at::native::binary_internal::MulFunctor<float> >, std::array<char*, 2ul> >(int, at::native::AUnaryFunctor<float, float, float, at::native::binary_internal::MulFunctor<float> >, std::array<char*, 2ul>)",716,0.0,0.0,4447.487,4447.487,profile_001.csv
small_ctx1024_train_step_fp32,operator_or_kernel,"void at::native::elementwise_kernel<128, 2, at::native::gpu_kernel_impl_nocast<at::native::BinaryFunctor<float, float, float, at::native::binary_internal::MulFunctor<float> > >(at::TensorIteratorBase&, at::native::BinaryFunctor<float, float, float, at::native::binary_internal::MulFunctor<float> > co",292,0.0,0.0,4144.878,4144.878,profile_001.csv
small_ctx1024_train_step_fp32,operator_or_kernel,ExpBackward0,12,40.54,212.618,0.0,4113.775,profile_001.csv
small_ctx1024_train_step_fp32,operator_or_kernel,autograd::engine::evaluate_function: ExpBackward0,12,72.101,284.719,0.0,4113.775,profile_001.csv
small_ctx1024_train_step_fp32,operator_or_kernel,aten::copy_,207,1641.121,8116.306,4083.868,4083.868,profile_001.csv
small_ctx1024_train_step_fp32,operator_or_kernel,aten::add,430,3316.777,36297.888,3078.416,3739.502,profile_001.csv
small_ctx1024_train_step_fp32,operator_or_kernel,"void at::native::elementwise_kernel<128, 2, at::native::gpu_kernel_impl_nocast<at::native::direct_copy_kernel_cuda(at::TensorIteratorBase&)::{lambda()#3}::operator()() const::{lambda()#7}::operator()() const::{lambda(float)#1}>(at::TensorIteratorBase&, at::native::direct_copy_kernel_cuda(at::TensorI",181,0.0,0.0,3647.325,3647.325,profile_001.csv
small_ctx1024_train_step_fp32,operator_or_kernel,WhereBackward0,12,32.667,1500.659,0.0,3423.628,profile_001.csv
small_ctx1024_train_step_fp32,operator_or_kernel,autograd::engine::evaluate_function: WhereBackward0,12,97.125,1597.784,0.0,3423.628,profile_001.csv
small_ctx1024_train_step_fp32,operator_or_kernel,aten::sub,36,376.901,539.542,3260.207,3260.207,profile_001.csv
small_ctx1024_train_step_fp32,operator_or_kernel,Command Buffer Full,660,203069.819,203069.819,3134.203,3134.203,profile_001.csv
small_ctx1024_train_step_fp32,operator_or_kernel,cudaLaunchKernel,3641,73567.182,214025.341,0.0,3134.203,profile_001.csv
small_ctx1024_train_step_fp32,operator_or_kernel,autograd::engine::evaluate_function: SumBackward1,12,117.404,604.667,0.0,3097.933,profile_001.csv
small_ctx1024_train_step_fp32,operator_or_kernel,SubBackward0,36,73.417,954.202,0.0,3072.554,profile_001.csv
small_ctx1024_train_step_fp32,operator_or_kernel,aten::exp,12,130.424,185.877,2769.01,2769.01,profile_001.csv
small_ctx1024_train_step_fp32,operator_or_kernel,"void at::native::vectorized_elementwise_kernel<4, at::native::exp_kernel_cuda(at::TensorIteratorBase&)::{lambda()#2}::operator()() const::{lambda()#2}::operator()() const::{lambda(float)#1}, std::array<char*, 2ul> >(int, at::native::exp_kernel_cuda(at::TensorIteratorBase&)::{lambda()#2}::operator()(",12,0.0,0.0,2769.01,2769.01,profile_001.csv
small_ctx1024_train_step_fp32,operator_or_kernel,aten::fill_,262,989.497,21748.069,2218.09,2423.819,profile_001.csv
small_ctx1024_train_step_fp32,operator_or_kernel,aten::zero_,237,569.211,21857.902,0.0,2376.047,profile_001.csv
small_ctx1024_train_step_fp32,operator_or_kernel,"void at::native::vectorized_elementwise_kernel<4, at::native::FillFunctor<float>, std::array<char*, 1ul> >(int, at::native::FillFunctor<float>, std::array<char*, 1ul>)",262,0.0,0.0,2218.09,2218.09,profile_001.csv
small_ctx1024_train_step_fp32,operator_or_kernel,autograd::engine::evaluate_function: SigmoidBackward0,12,136.549,1991.873,0.0,2089.334,profile_001.csv
small_ctx1024_train_step_fp32,operator_or_kernel,aten::clone,96,357.389,3513.916,0.0,1875.55,profile_001.csv
small_ctx1024_train_step_fp32,operator_or_kernel,aten::reshape,801,1602.277,6622.701,0.0,1875.55,profile_001.csv
small_ctx1024_train_step_fp32,operator_or_kernel,aten::sub_,222,1045.404,18558.428,1395.119,1786.281,profile_001.csv
small_ctx1024_train_step_fp32,operator_or_kernel,autograd::engine::evaluate_function: torch::autograd::AccumulateGrad,111,474.687,6616.851,0.0,1771.775,profile_001.csv
small_ctx1024_train_step_fp32,operator_or_kernel,torch::autograd::AccumulateGrad,111,579.957,6142.164,0.0,1771.775,profile_001.csv
small_ctx1024_train_step_fp32,operator_or_kernel,aten::max,12,258.988,350.051,1685.08,1685.08,profile_001.csv
small_ctx1024_train_step_fp32,operator_or_kernel,"void at::native::reduce_kernel<512, 1, at::native::ReduceOp<float, at::native::MaxOps<float>, unsigned int, float, 4, 4> >(at::native::ReduceOp<float, at::native::MaxOps<float>, unsigned int, float, 4, 4>)",12,0.0,0.0,1685.08,1685.08,profile_001.csv
small_ctx1024_train_step_fp32,operator_or_kernel,aten::pow,186,1962.476,12201.536,999.804,1583.582,profile_001.csv
small_ctx1024_train_step_fp32,operator_or_kernel,autograd::engine::evaluate_function: PowBackward0,25,319.627,4173.516,0.0,1447.005,profile_001.csv
small_ctx1024_train_step_fp32,operator_or_kernel,MaxBackward0,12,40.159,626.881,0.0,1433.558,profile_001.csv
small_ctx1024_train_step_fp32,operator_or_kernel,aten::value_selecting_reduction_backward,12,47.146,586.722,0.0,1433.558,profile_001.csv
small_ctx1024_train_step_fp32,operator_or_kernel,aten::zeros,13,48.907,605.682,0.0,1277.654,profile_001.csv
small_ctx1024_train_step_fp32,operator_or_kernel,aten::cat,48,630.262,987.416,1209.023,1209.023,profile_001.csv
small_ctx1024_train_step_fp32,operator_or_kernel,SigmoidBackward0,12,45.911,897.636,0.0,1072.765,profile_001.csv
small_ctx1024_train_step_fp32,operator_or_kernel,aten::sigmoid_backward,12,118.396,851.725,1072.765,1072.765,profile_001.csv
small_ctx1024_train_step_fp32,operator_or_kernel,"void at::native::vectorized_elementwise_kernel<4, at::native::sigmoid_backward_kernel_cuda(at::TensorIteratorBase&)::{lambda()#2}::operator()() const::{lambda()#2}::operator()() const::{lambda(float, float)#1}, std::array<char*, 3ul> >(int, at::native::sigmoid_backward_kernel_cuda(at::TensorIterator",12,0.0,0.0,1072.765,1072.765,profile_001.csv
small_ctx1024_train_step_fp32,operator_or_kernel,PowBackward0,25,162.74,3253.512,0.0,1041.887,profile_001.csv
small_ctx1024_train_step_fp32,operator_or_kernel,"void at::native::(anonymous namespace)::CatArrayBatchedCopy<at::native::(anonymous namespace)::OpaqueType<4u>, unsigned int, 4, 64, 64>(at::native::(anonymous namespace)::OpaqueType<4u>*, at::native::(anonymous namespace)::CatArrInputTensorMetadata<at::native::(anonymous namespace)::OpaqueType<4u>, ",36,0.0,0.0,1002.367,1002.367,profile_001.csv
small_ctx1024_train_step_fp32,operator_or_kernel,aten::zeros_like,222,435.457,23090.714,0.0,999.641,profile_001.csv
small_ctx1024_train_step_fp32,operator_or_kernel,"void at::native::vectorized_elementwise_kernel<4, at::native::(anonymous namespace)::pow_tensor_scalar_kernel_impl<float, float>(at::TensorIteratorBase&, float)::{lambda(float)#1}, std::array<char*, 2ul> >(int, at::native::(anonymous namespace)::pow_tensor_scalar_kernel_impl<float, float>(at::Tensor",136,0.0,0.0,941.564,941.564,profile_001.csv
small_ctx1024_train_step_fp32,operator_or_kernel,aten::square,111,125.908,9868.197,0.0,900.674,profile_001.csv
small_ctx1024_train_step_fp32,operator_or_kernel,aten::sqrt,111,730.297,10438.519,640.356,851.779,profile_001.csv
small_ctx1024_train_step_fp32,operator_or_kernel,"void at::native::vectorized_elementwise_kernel<4, at::native::BinaryFunctor<float, float, float, at::native::binary_internal::DivFunctor<float> >, std::array<char*, 3ul> >(int, at::native::BinaryFunctor<float, float, float, at::native::binary_internal::DivFunctor<float> >, std::array<char*, 3ul>)",111,0.0,0.0,789.151,789.151,profile_001.csv
small_ctx1024_train_step_fp32,operator_or_kernel,ViewBackward0,316,529.595,2448.255,0.0,771.648,profile_001.csv
small_ctx1024_train_step_fp32,operator_or_kernel,autograd::engine::evaluate_function: ViewBackward0,316,1421.356,3869.611,0.0,771.648,profile_001.csv
small_ctx1024_train_step_fp32,operator_or_kernel,autograd::engine::evaluate_function: UnsqueezeBackward0,255,1312.194,7760.488,0.0,691.165,profile_001.csv
small_ctx1024_train_step_fp32,operator_or_kernel,aten::sigmoid,12,143.136,209.963,676.062,676.062,profile_001.csv
small_ctx1024_train_step_fp32,operator_or_kernel,"void at::native::vectorized_elementwise_kernel<4, at::native::sigmoid_kernel_cuda(at::TensorIteratorBase&)::{lambda()#2}::operator()() const::{lambda()#2}::operator()() const::{lambda(float)#1}, std::array<char*, 2ul> >(int, at::native::sigmoid_kernel_cuda(at::TensorIteratorBase&)::{lambda()#2}::ope",12,0.0,0.0,676.062,676.062,profile_001.csv
small_ctx1024_train_step_fp32,operator_or_kernel,"void at::native::vectorized_elementwise_kernel<4, at::native::sqrt_kernel_cuda(at::TensorIteratorBase&)::{lambda()#2}::operator()() const::{lambda()#2}::operator()() const::{lambda(float)#1}, std::array<char*, 2ul> >(int, at::native::sqrt_kernel_cuda(at::TensorIteratorBase&)::{lambda()#2}::operator(",111,0.0,0.0,640.356,640.356,profile_001.csv
small_ctx1024_train_step_fp32,operator_or_kernel,aten::concat,24,42.177,497.436,0.0,638.495,profile_001.csv
small_ctx1024_train_step_fp32,operator_or_kernel,"void at::native::vectorized_elementwise_kernel<4, at::native::CUDAFunctorOnSelf_add<float>, std::array<char*, 2ul> >(int, at::native::CUDAFunctorOnSelf_add<float>, std::array<char*, 2ul>)",136,0.0,0.0,571.453,571.453,profile_001.csv
small_ctx1024_train_step_fp32,operator_or_kernel,UnbindBackward0,24,58.314,757.163,0.0,570.528,profile_001.csv
small_ctx1024_train_step_fp32,operator_or_kernel,aten::stack,24,134.92,698.849,0.0,570.528,profile_001.csv
small_ctx1024_train_step_fp32,operator_or_kernel,autograd::engine::evaluate_function: UnbindBackward0,24,149.626,906.789,0.0,570.528,profile_001.csv
small_ctx1024_train_step_fp32,operator_or_kernel,Memcpy DtoD (Device -> Device),26,0.0,0.0,436.543,436.543,profile_001.csv
small_ctx1024_train_step_fp32,operator_or_kernel,"void at::native::reduce_kernel<128, 4, at::native::ReduceOp<float, at::native::func_wrapper_t<float, at::native::sum_functor<float, float, float>::operator()(at::TensorIterator&)::{lambda(float, float)#1}>, unsigned int, float, 4, 4> >(at::native::ReduceOp<float, at::native::func_wrapper_t<float, at",25,0.0,0.0,383.103,383.103,profile_001.csv
small_ctx1024_train_step_fp32,operator_or_kernel,ReshapeAliasBackward0,121,215.27,2218.755,0.0,381.439,profile_001.csv
small_ctx1024_train_step_fp32,operator_or_kernel,autograd::engine::evaluate_function: ReshapeAliasBackward0,121,597.442,2816.197,0.0,381.439,profile_001.csv
small_ctx1024_train_step_fp32,operator_or_kernel,aten::cross_entropy_loss,1,7.229,54.873,0.0,353.95,profile_001.csv
small_ctx1024_train_step_fp32,operator_or_kernel,MeanBackward1,25,104.981,3333.781,0.0,299.039,profile_001.csv
small_ctx1024_train_step_fp32,operator_or_kernel,autograd::engine::evaluate_function: MeanBackward1,25,140.886,3474.667,0.0,299.039,profile_001.csv
small_ctx1024_train_step_fp32,operator_or_kernel,"void at::native::elementwise_kernel<128, 2, at::native::gpu_kernel_impl_nocast<at::native::BUnaryFunctor<float, float, float, at::native::binary_internal::MulFunctor<float> > >(at::TensorIteratorBase&, at::native::BUnaryFunctor<float, float, float, at::native::binary_internal::MulFunctor<float> > co",25,0.0,0.0,299.039,299.039,profile_001.csv
small_ctx1024_train_step_fp32,operator_or_kernel,LogSoftmaxBackward0,1,6.276,23.544,0.0,291.743,profile_001.csv
small_ctx1024_train_step_fp32,operator_or_kernel,aten::_log_softmax_backward_data,1,10.75,17.268,291.743,291.743,profile_001.csv
small_ctx1024_train_step_fp32,operator_or_kernel,autograd::engine::evaluate_function: LogSoftmaxBackward0,1,6.974,30.518,0.0,291.743,profile_001.csv
small_ctx1024_train_step_fp32,operator_or_kernel,"void at::native::(anonymous namespace)::cunn_SoftMaxBackwardSmem<4, float, float, float, at::native::(anonymous namespace)::LogSoftMaxBackwardEpilogue>(float*, float const*, float const*, long)",1,0.0,0.0,291.743,291.743,profile_001.csv
small_ctx1024_train_step_fp32,operator_or_kernel,"void at::native::elementwise_kernel<128, 2, at::native::gpu_kernel_impl_nocast<at::native::neg_kernel_cuda(at::TensorIteratorBase&)::{lambda()#2}::operator()() const::{lambda()#7}::operator()() const::{lambda(float)#1}>(at::TensorIteratorBase&, at::native::neg_kernel_cuda(at::TensorIteratorBase&)::{",24,0.0,0.0,276.987,276.987,profile_001.csv
small_ctx1024_train_step_fp32,operator_or_kernel,UnsafeViewBackward0,48,83.285,603.455,0.0,234.91,profile_001.csv
small_ctx1024_train_step_fp32,operator_or_kernel,autograd::engine::evaluate_function: UnsafeViewBackward0,48,226.255,829.71,0.0,234.91,profile_001.csv
small_ctx1024_train_step_fp32,operator_or_kernel,aten::_log_softmax,1,11.835,18.144,213.599,213.599,profile_001.csv
small_ctx1024_train_step_fp32,operator_or_kernel,aten::log_softmax,1,4.162,22.693,0.0,213.599,profile_001.csv
small_ctx1024_train_step_fp32,operator_or_kernel,"void at::native::(anonymous namespace)::cunn_SoftMaxForwardSmem<4, float, float, float, at::native::(anonymous namespace)::LogSoftMaxForwardEpilogue, long>(float*, float const*, long)",1,0.0,0.0,213.599,213.599,profile_001.csv
small_ctx1024_train_step_fp32,operator_or_kernel,"void at::native::(anonymous namespace)::CatArrayBatchedCopy_aligned16_contig<at::native::(anonymous namespace)::OpaqueType<4u>, unsigned int, 4, 128, 1>(at::native::(anonymous namespace)::OpaqueType<4u>*, at::native::(anonymous namespace)::CatArrInputTensorMetadata<at::native::(anonymous namespace):",12,0.0,0.0,206.656,206.656,profile_001.csv
small_ctx1024_train_step_fp32,operator_or_kernel,aten::mean,25,353.318,480.65,201.151,201.151,profile_001.csv
small_ctx1024_train_step_fp32,operator_or_kernel,"void at::native::reduce_kernel<512, 1, at::native::ReduceOp<float, at::native::MeanOps<float, float, float, float>, unsigned int, float, 4, 4> >(at::native::ReduceOp<float, at::native::MeanOps<float, float, float, float>, unsigned int, float, 4, 4>)",25,0.0,0.0,201.151,201.151,profile_001.csv
small_ctx1024_train_step_fp32,operator_or_kernel,Memset (Device),102,0.0,0.0,189.95,189.95,profile_001.csv
small_ctx1024_train_step_fp32,operator_or_kernel,aten::scatter_,12,166.254,251.965,171.712,171.712,profile_001.csv
small_ctx1024_train_step_fp32,operator_or_kernel,"void at::native::_scatter_gather_elementwise_kernel<128, 8, at::native::_cuda_scatter_gather_internal_kernel<true, at::native::OpaqueType<4> >::operator()<at::native::TensorAssign>(at::TensorIterator&, long, long, long, at::native::TensorAssign const&)::{lambda(int)#1}>(int, at::native::_cuda_scatte",12,0.0,0.0,171.712,171.712,profile_001.csv
small_ctx1024_train_step_fp32,operator_or_kernel,RsqrtBackward0,25,188.218,4648.515,0.0,161.887,profile_001.csv
small_ctx1024_train_step_fp32,operator_or_kernel,autograd::engine::evaluate_function: RsqrtBackward0,25,164.245,4812.76,0.0,161.887,profile_001.csv
small_ctx1024_train_step_fp32,operator_or_kernel,NllLossBackward0,1,10.847,57.196,0.0,154.432,profile_001.csv
small_ctx1024_train_step_fp32,operator_or_kernel,aten::nll_loss_backward,1,16.462,46.349,72.768,154.432,profile_001.csv
small_ctx1024_train_step_fp32,operator_or_kernel,autograd::engine::evaluate_function: NllLossBackward0,1,34.05,91.246,0.0,154.432,profile_001.csv
small_ctx1024_train_step_fp32,operator_or_kernel,aten::nll_loss,1,2.533,22.321,0.0,140.351,profile_001.csv
small_ctx1024_train_step_fp32,operator_or_kernel,aten::nll_loss_forward,1,14.437,19.788,140.351,140.351,profile_001.csv
small_ctx1024_train_step_fp32,operator_or_kernel,aten::nll_loss_nd,1,2.63,24.951,0.0,140.351,profile_001.csv
small_ctx1024_train_step_fp32,operator_or_kernel,"void at::native::(anonymous namespace)::nll_loss_forward_reduce_cuda_kernel_2d<float, float, long>(float*, float*, float const*, long const*, float const*, bool, long, long, long, long)",1,0.0,0.0,140.351,140.351,profile_001.csv
small_ctx1024_train_step_fp32,operator_or_kernel,IndexBackward0,1,8.53,2582.371,0.0,82.272,profile_001.csv
small_ctx1024_train_step_fp32,operator_or_kernel,autograd::engine::evaluate_function: IndexBackward0,1,6.443,2588.814,0.0,82.272,profile_001.csv
small_ctx1024_train_step_fp32,operator_or_kernel,aten::ge,12,134.963,198.706,78.209,78.209,profile_001.csv
small_ctx1024_train_step_fp32,operator_or_kernel,"void at::native::elementwise_kernel<128, 4, at::native::gpu_kernel_impl_nocast<at::native::(anonymous namespace)::CompareFunctor<long> >(at::TensorIteratorBase&, at::native::(anonymous namespace)::CompareFunctor<long> const&)::{lambda(int)#1}>(int, at::native::gpu_kernel_impl_nocast<at::native::(ano",12,0.0,0.0,78.209,78.209,profile_001.csv
small_ctx1024_train_step_fp32,operator_or_kernel,"void at::native::(anonymous namespace)::nll_loss_backward_reduce_cuda_kernel_2d<float, long>(float*, float const*, long const*, float const*, float const*, bool, int, int, long, long)",1,0.0,0.0,72.768,72.768,profile_001.csv
small_ctx1024_train_step_fp32,operator_or_kernel,aten::_index_put_impl_,1,36.4,2552.514,54.368,65.184,profile_001.csv
small_ctx1024_train_step_fp32,operator_or_kernel,"void at::native::vectorized_elementwise_kernel<4, at::native::(anonymous namespace)::pow_tensor_scalar_kernel_impl<float, float>(at::TensorIteratorBase&, float)::{lambda(float)#2}, std::array<char*, 2ul> >(int, at::native::(anonymous namespace)::pow_tensor_scalar_kernel_impl<float, float>(at::Tensor",25,0.0,0.0,58.24,58.24,profile_001.csv
small_ctx1024_train_step_fp32,operator_or_kernel,SliceBackward0,1,4.769,597.206,0.0,52.287,profile_001.csv
small_ctx1024_train_step_fp32,operator_or_kernel,aten::slice_backward,1,5.992,592.437,0.0,52.287,profile_001.csv
small_ctx1024_train_step_fp32,operator_or_kernel,autograd::engine::evaluate_function: SliceBackward0,1,5.24,602.446,0.0,52.287,profile_001.csv
small_ctx1024_train_step_fp32,operator_or_kernel,aten::rsqrt,25,251.411,360.055,50.333,50.333,profile_001.csv
small_ctx1024_train_step_fp32,operator_or_kernel,"void at::native::vectorized_elementwise_kernel<4, at::native::rsqrt_kernel_cuda(at::TensorIteratorBase&)::{lambda()#2}::operator()() const::{lambda()#2}::operator()() const::{lambda(float)#1}, std::array<char*, 2ul> >(int, at::native::rsqrt_kernel_cuda(at::TensorIteratorBase&)::{lambda()#2}::operato",25,0.0,0.0,50.333,50.333,profile_001.csv
small_ctx1024_train_step_fp32,operator_or_kernel,aten::arange,26,127.861,475.029,24.416,48.832,profile_001.csv
small_ctx1024_train_step_fp32,operator_or_kernel,aten::scalar_tensor,24,92.423,655.503,0.0,46.045,profile_001.csv
small_ctx1024_train_step_fp32,operator_or_kernel,aten::index,1,29.338,48.584,31.392,31.392,profile_001.csv
small_ctx1024_train_step_fp32,operator_or_kernel,"void at::native::index_elementwise_kernel<128, 4, at::native::gpu_index_kernel<at::native::index_kernel_impl<at::native::OpaqueType<4> >(at::TensorIteratorBase&, c10::ArrayRef<long>, c10::ArrayRef<long>)::{lambda(char*, char const*, long)#1}>(at::TensorIteratorBase&, c10::ArrayRef<long>, c10::ArrayR",1,0.0,0.0,31.392,31.392,profile_001.csv
small_ctx1024_train_step_fp32,operator_or_kernel,"void (anonymous namespace)::elementwise_kernel_with_index<int, at::native::arange_cuda_out(c10::Scalar const&, c10::Scalar const&, c10::Scalar const&, at::Tensor&)::{lambda()#1}::operator()() const::{lambda()#4}::operator()() const::{lambda(long)#1}>(int, at::native::arange_cuda_out(c10::Scalar cons",13,0.0,0.0,24.416,24.416,profile_001.csv
small_ctx1024_train_step_fp32,operator_or_kernel,"void (anonymous namespace)::indexing_backward_kernel<float, 4>(long const*, long const*, float const*, float*, long, long, long, long, bool)",1,0.0,0.0,21.76,21.76,profile_001.csv
small_ctx1024_train_step_fp32,operator_or_kernel,"void at_cuda_detail::cub::DeviceRadixSortOnesweepKernel<at_cuda_detail::cub::DeviceRadixSortPolicy<long, at::cuda::cub::detail::OpaqueType<8>, unsigned long long>::Policy900, false, long, at::cuda::cub::detail::OpaqueType<8>, unsigned long long, int, int, at_cuda_detail::cub::detail::identity_decomp",2,0.0,0.0,20.0,20.0,profile_001.csv
small_ctx1024_train_step_fp32,operator_or_kernel,aten::new_zeros,1,3.046,21.327,0.0,17.088,profile_001.csv
small_ctx1024_train_step_fp32,operator_or_kernel,aten::remainder,1,11.003,15.883,3.712,3.712,profile_001.csv
small_ctx1024_train_step_fp32,operator_or_kernel,"void at::native::vectorized_elementwise_kernel<2, at::native::BUnaryFunctor<long, long, long, at::native::remainder_kernel_cuda(at::TensorIteratorBase&)::{lambda()#1}::operator()() const::{lambda()#4}::operator()() const::{lambda(long, long)#1}>, std::array<char*, 2ul> >(int, at::native::BUnaryFunct",1,0.0,0.0,3.712,3.712,profile_001.csv
small_ctx1024_train_step_fp32,operator_or_kernel,"void at_cuda_detail::cub::DeviceRadixSortHistogramKernel<at_cuda_detail::cub::DeviceRadixSortPolicy<long, at::cuda::cub::detail::OpaqueType<8>, unsigned long long>::Policy900, false, long, unsigned long long, at_cuda_detail::cub::detail::identity_decomposer_t>(unsigned long long*, long const*, unsig",1,0.0,0.0,3.584,3.584,profile_001.csv
small_ctx1024_train_step_fp32,operator_or_kernel,aten::div_,1,15.741,21.416,3.04,3.04,profile_001.csv
small_ctx1024_train_step_fp32,operator_or_kernel,aten::divide_,1,1.249,22.665,0.0,3.04,profile_001.csv
small_ctx1024_train_step_fp32,operator_or_kernel,"void at::native::vectorized_elementwise_kernel<2, at::native::BUnaryFunctor<long, long, long, at::native::binary_internal::div_trunc_kernel_cuda(at::TensorIteratorBase&)::{lambda()#1}::operator()() const::{lambda()#4}::operator()() const::{lambda(long, long)#1}>, std::array<char*, 2ul> >(int, at::na",1,0.0,0.0,3.04,3.04,profile_001.csv
small_ctx1024_train_step_fp32,operator_or_kernel,"void at::native::vectorized_elementwise_kernel<2, at::native::AUnaryFunctor<long, long, long, at::native::binary_internal::MulFunctor<long> >, std::array<char*, 2ul> >(int, at::native::AUnaryFunctor<long, long, long, at::native::binary_internal::MulFunctor<long> >, std::array<char*, 2ul>)",1,0.0,0.0,2.208,2.208,profile_001.csv
small_ctx1024_train_step_fp32,operator_or_kernel,"void at_cuda_detail::cub::DeviceRadixSortExclusiveSumKernel<at_cuda_detail::cub::DeviceRadixSortPolicy<long, at::cuda::cub::detail::OpaqueType<8>, unsigned long long>::Policy900, unsigned long long>(unsigned long long*)",1,0.0,0.0,1.952,1.952,profile_001.csv
small_ctx1024_train_step_fp32,operator_or_kernel,aten::ones_like,1,2.672,29.659,0.0,1.727,profile_001.csv
small_ctx1024_train_step_fp32,operator_or_kernel,AddBackward0,73,59.605,59.605,0.0,0.0,profile_001.csv
small_ctx1024_train_step_fp32,operator_or_kernel,CatBackward0,24,83.651,413.016,0.0,0.0,profile_001.csv
small_ctx1024_train_step_fp32,operator_or_kernel,CloneBackward0,24,9.15,9.15,0.0,0.0,profile_001.csv
small_ctx1024_train_step_fp32,operator_or_kernel,ExpandBackward0,48,25.545,25.545,0.0,0.0,profile_001.csv
small_ctx1024_train_step_fp32,operator_or_kernel,Optimizer.zero_grad#AdamW.zero_grad,1,165.802,165.802,0.0,0.0,profile_001.csv
small_ctx1024_train_step_fp32,operator_or_kernel,PermuteBackward0,497,859.142,2796.496,0.0,0.0,profile_001.csv
small_ctx1024_train_step_fp32,operator_or_kernel,SumBackward1,12,27.076,92.213,0.0,0.0,profile_001.csv
small_ctx1024_train_step_fp32,operator_or_kernel,TransposeBackward0,12,16.425,82.412,0.0,0.0,profile_001.csv
small_ctx1024_train_step_fp32,operator_or_kernel,UnsqueezeBackward0,255,317.883,1241.485,0.0,0.0,profile_001.csv
small_ctx1024_train_step_fp32,operator_or_kernel,aten::_has_compatible_shallow_copy_type,222,22.118,22.118,0.0,0.0,profile_001.csv
small_ctx1024_train_step_fp32,operator_or_kernel,aten::_reshape_alias,121,316.394,316.394,0.0,0.0,profile_001.csv
small_ctx1024_train_step_fp32,operator_or_kernel,aten::_unsafe_view,120,205.0,205.0,0.0,0.0,profile_001.csv
small_ctx1024_train_step_fp32,operator_or_kernel,aten::as_strided,2062,1470.238,1470.238,0.0,0.0,profile_001.csv
small_ctx1024_train_step_fp32,operator_or_kernel,aten::detach,27,34.139,98.869,0.0,0.0,profile_001.csv
small_ctx1024_train_step_fp32,operator_or_kernel,aten::empty,173,874.843,874.843,0.0,0.0,profile_001.csv
small_ctx1024_train_step_fp32,operator_or_kernel,aten::empty_like,321,591.935,2086.626,0.0,0.0,profile_001.csv
small_ctx1024_train_step_fp32,operator_or_kernel,aten::empty_strided,308,1441.197,1441.197,0.0,0.0,profile_001.csv
small_ctx1024_train_step_fp32,operator_or_kernel,aten::expand,85,354.914,444.624,0.0,0.0,profile_001.csv
small_ctx1024_train_step_fp32,operator_or_kernel,aten::flatten,2,2.583,5.515,0.0,0.0,profile_001.csv
small_ctx1024_train_step_fp32,operator_or_kernel,aten::narrow,48,115.099,329.365,0.0,0.0,profile_001.csv
small_ctx1024_train_step_fp32,operator_or_kernel,aten::new_empty,1,1.775,6.53,0.0,0.0,profile_001.csv
small_ctx1024_train_step_fp32,operator_or_kernel,aten::new_empty_strided,85,210.36,711.768,0.0,0.0,profile_001.csv
small_ctx1024_train_step_fp32,operator_or_kernel,aten::permute,994,2975.072,3704.152,0.0,0.0,profile_001.csv
small_ctx1024_train_step_fp32,operator_or_kernel,aten::resize_,38,134.693,134.693,0.0,0.0,profile_001.csv
small_ctx1024_train_step_fp32,operator_or_kernel,aten::result_type,186,54.028,54.028,0.0,0.0,profile_001.csv
small_ctx1024_train_step_fp32,operator_or_kernel,aten::select,96,193.883,249.177,0.0,0.0,profile_001.csv
small_ctx1024_train_step_fp32,operator_or_kernel,aten::slice,98,336.201,400.743,0.0,0.0,profile_001.csv
small_ctx1024_train_step_fp32,operator_or_kernel,aten::squeeze,255,766.551,923.602,0.0,0.0,profile_001.csv
small_ctx1024_train_step_fp32,operator_or_kernel,aten::to,262,52.394,52.394,0.0,0.0,profile_001.csv
small_ctx1024_train_step_fp32,operator_or_kernel,aten::transpose,242,800.928,995.707,0.0,0.0,profile_001.csv
small_ctx1024_train_step_fp32,operator_or_kernel,aten::unbind,48,170.648,419.825,0.0,0.0,profile_001.csv
small_ctx1024_train_step_fp32,operator_or_kernel,aten::unsqueeze,267,837.838,996.663,0.0,0.0,profile_001.csv
small_ctx1024_train_step_fp32,operator_or_kernel,aten::view,805,1456.385,1456.385,0.0,0.0,profile_001.csv
small_ctx1024_train_step_fp32,operator_or_kernel,autograd::engine::evaluate_function: AddBackward0,73,358.659,418.264,0.0,0.0,profile_001.csv
small_ctx1024_train_step_fp32,operator_or_kernel,autograd::engine::evaluate_function: CatBackward0,24,126.057,539.073,0.0,0.0,profile_001.csv
small_ctx1024_train_step_fp32,operator_or_kernel,autograd::engine::evaluate_function: CloneBackward0,24,95.531,104.681,0.0,0.0,profile_001.csv
small_ctx1024_train_step_fp32,operator_or_kernel,autograd::engine::evaluate_function: ExpandBackward0,48,211.613,237.158,0.0,0.0,profile_001.csv
small_ctx1024_train_step_fp32,operator_or_kernel,autograd::engine::evaluate_function: PermuteBackward0,497,2286.919,5083.415,0.0,0.0,profile_001.csv
small_ctx1024_train_step_fp32,operator_or_kernel,autograd::engine::evaluate_function: TransposeBackward0,12,54.554,136.966,0.0,0.0,profile_001.csv
small_ctx1024_train_step_fp32,operator_or_kernel,cudaDeviceGetAttribute,1,0.707,0.707,0.0,0.0,profile_001.csv
small_ctx1024_train_step_fp32,operator_or_kernel,cudaDeviceSynchronize,3,187.156,187.156,0.0,0.0,profile_001.csv
small_ctx1024_train_step_fp32,operator_or_kernel,cudaMemcpyAsync,26,811.194,811.194,0.0,0.0,profile_001.csv
small_ctx1024_train_step_fp32,operator_or_kernel,cudaMemsetAsync,102,7253.175,7253.175,0.0,0.0,profile_001.csv
small_ctx1024_train_step_fp32,operator_or_kernel,cudaOccupancyMaxActiveBlocksPerMultiprocessor,74,108.074,108.074,0.0,0.0,profile_001.csv
small_ctx1024_train_step_fp32,operator_or_kernel,cudaOccupancyMaxActiveBlocksPerMultiprocessorWithFlags,1,1.37,1.37,0.0,0.0,profile_001.csv
small_ctx1024_train_step_fp32,operator_or_kernel,cudaPeekAtLastError,4,0.399,0.399,0.0,0.0,profile_001.csv
small_ctx1024_train_step_fp32,operator_or_kernel,detach,27,64.73,64.73,0.0,0.0,profile_001.csv
small_ctx1024_train_step_fp32,optimizer,optimizer,2,62.795,169669.412,0.0,13585.878,profile_001.csv
small_ctx1024_train_step_fp32,profile/measure,profile/measure,1,921.364,321501.868,0.0,111020.964,profile_001.csv
small_ctx256_train_step_fp32,attention/scores,attention/scores,12,0.0,0.0,1446.232,1446.232,profile_001.csv
small_ctx256_train_step_fp32,attention/scores,attention/scores,12,649.525,2597.768,0.0,762.366,profile_001.csv
small_ctx256_train_step_fp32,attention/softmax,attention/softmax,12,0.0,0.0,1307.033,1307.033,profile_001.csv
small_ctx256_train_step_fp32,attention/softmax,attention/softmax,12,624.497,1806.541,0.0,836.346,profile_001.csv
small_ctx256_train_step_fp32,attention/value,attention/value,12,0.0,0.0,1093.435,1093.435,profile_001.csv
small_ctx256_train_step_fp32,attention/value,attention/value,12,347.65,1561.101,0.0,751.645,profile_001.csv
small_ctx256_train_step_fp32,backward,backward,1,60813.722,60846.751,0.0,1.728,profile_001.csv
small_ctx256_train_step_fp32,backward,backward,1,0.0,0.0,1.728,1.728,profile_001.csv
small_ctx256_train_step_fp32,forward,forward,1,0.0,0.0,32124.059,32124.059,profile_001.csv
small_ctx256_train_step_fp32,forward,forward,1,6797.417,31163.998,0.0,20187.556,profile_001.csv
small_ctx256_train_step_fp32,operator_or_kernel,aten::bmm,327,6366.066,8917.887,48932.621,48932.621,profile_001.csv
small_ctx256_train_step_fp32,operator_or_kernel,Optimizer.step#AdamW.step,1,0.0,0.0,33965.585,33965.585,profile_001.csv
small_ctx256_train_step_fp32,operator_or_kernel,BmmBackward0,109,923.966,7425.153,0.0,32443.042,profile_001.csv
small_ctx256_train_step_fp32,operator_or_kernel,autograd::engine::evaluate_function: BmmBackward0,109,911.18,8336.333,0.0,32443.042,profile_001.csv
small_ctx256_train_step_fp32,operator_or_kernel,ProfilerStep*,1,109.322,127678.507,0.0,30598.185,profile_001.csv
small_ctx256_train_step_fp32,operator_or_kernel,aten::einsum,85,2102.512,8542.975,0.0,15452.209,profile_001.csv
small_ctx256_train_step_fp32,operator_or_kernel,ampere_sgemm_64x32_sliced1x4_nt,72,0.0,0.0,10643.851,10643.851,profile_001.csv
small_ctx256_train_step_fp32,operator_or_kernel,Optimizer.step#AdamW.step,1,9317.126,33798.341,0.0,10408.901,profile_001.csv
small_ctx256_train_step_fp32,operator_or_kernel,aten::mul,1205,11047.244,17022.118,8107.257,8107.257,profile_001.csv
small_ctx256_train_step_fp32,operator_or_kernel,ampere_sgemm_128x128_tn,48,0.0,0.0,7841.752,7841.752,profile_001.csv
small_ctx256_train_step_fp32,operator_or_kernel,ampere_sgemm_32x128_tn,60,0.0,0.0,7503.961,7503.961,profile_001.csv
small_ctx256_train_step_fp32,operator_or_kernel,ampere_sgemm_32x128_nn,24,0.0,0.0,6868.895,6868.895,profile_001.csv
small_ctx256_train_step_fp32,operator_or_kernel,"void at::native::vectorized_elementwise_kernel<4, at::native::AUnaryFunctor<float, float, float, at::native::binary_internal::MulFunctor<float> >, std::array<char*, 2ul> >(int, at::native::AUnaryFunctor<float, float, float, at::native::binary_internal::MulFunctor<float> >, std::array<char*, 2ul>)",716,0.0,0.0,4266.963,4266.963,profile_001.csv
small_ctx256_train_step_fp32,operator_or_kernel,"void at::native::vectorized_elementwise_kernel<4, at::native::CUDAFunctor_add<float>, std::array<char*, 3ul> >(int, at::native::CUDAFunctor_add<float>, std::array<char*, 3ul>)",673,0.0,0.0,3975.25,3975.25,profile_001.csv
small_ctx256_train_step_fp32,operator_or_kernel,ampere_sgemm_128x32_nn,48,0.0,0.0,3896.012,3896.012,profile_001.csv
small_ctx256_train_step_fp32,operator_or_kernel,void cutlass::Kernel2<cutlass_80_simt_sgemm_128x64_8x5_nn_align1>(cutlass_80_simt_sgemm_128x64_8x5_nn_align1::Params),12,0.0,0.0,3556.079,3556.079,profile_001.csv
small_ctx256_train_step_fp32,operator_or_kernel,ampere_sgemm_128x64_nt,12,0.0,0.0,3221.393,3221.393,profile_001.csv
small_ctx256_train_step_fp32,operator_or_kernel,autograd::engine::evaluate_function: MulBackward0,170,1672.783,7740.479,0.0,2971.173,profile_001.csv
small_ctx256_train_step_fp32,operator_or_kernel,aten::copy_,207,1693.224,3327.679,2518.64,2518.64,profile_001.csv
small_ctx256_train_step_fp32,operator_or_kernel,"void at::native::elementwise_kernel<128, 2, at::native::gpu_kernel_impl_nocast<at::native::direct_copy_kernel_cuda(at::TensorIteratorBase&)::{lambda()#3}::operator()() const::{lambda()#7}::operator()() const::{lambda(float)#1}>(at::TensorIteratorBase&, at::native::direct_copy_kernel_cuda(at::TensorI",181,0.0,0.0,2400.527,2400.527,profile_001.csv
small_ctx256_train_step_fp32,operator_or_kernel,aten::add,430,3779.624,5771.297,2357.071,2357.071,profile_001.csv
small_ctx256_train_step_fp32,operator_or_kernel,attention,12,780.693,6746.103,0.0,2350.357,profile_001.csv
small_ctx256_train_step_fp32,operator_or_kernel,"void at::native::vectorized_elementwise_kernel<4, at::native::BinaryFunctor<float, float, float, at::native::binary_internal::MulFunctor<float> >, std::array<char*, 3ul> >(int, at::native::BinaryFunctor<float, float, float, at::native::binary_internal::MulFunctor<float> >, std::array<char*, 3ul>)",196,0.0,0.0,2229.427,2229.427,profile_001.csv
small_ctx256_train_step_fp32,operator_or_kernel,MulBackward0,170,498.2,4137.085,0.0,2219.051,profile_001.csv
small_ctx256_train_step_fp32,operator_or_kernel,aten::div,208,2101.684,3184.652,2186.136,2186.136,profile_001.csv
small_ctx256_train_step_fp32,operator_or_kernel,autograd::engine::evaluate_function: torch::autograd::AccumulateGrad,111,460.439,3369.028,0.0,1760.434,profile_001.csv
small_ctx256_train_step_fp32,operator_or_kernel,torch::autograd::AccumulateGrad,111,602.905,2908.589,0.0,1760.434,profile_001.csv
small_ctx256_train_step_fp32,operator_or_kernel,"void at::native::elementwise_kernel<128, 2, at::native::gpu_kernel_impl_nocast<at::native::BinaryFunctor<float, float, float, at::native::binary_internal::MulFunctor<float> > >(at::TensorIteratorBase&, at::native::BinaryFunctor<float, float, float, at::native::binary_internal::MulFunctor<float> > co",292,0.0,0.0,1608.659,1608.659,profile_001.csv
small_ctx256_train_step_fp32,operator_or_kernel,autograd::engine::evaluate_function: DivBackward0,24,221.681,1719.123,0.0,1444.248,profile_001.csv
small_ctx256_train_step_fp32,operator_or_kernel,aten::sub_,222,1211.376,2189.147,1378.019,1378.019,profile_001.csv
small_ctx256_train_step_fp32,operator_or_kernel,ampere_sgemm_128x128_nn,24,0.0,0.0,1302.684,1302.684,profile_001.csv
small_ctx256_train_step_fp32,operator_or_kernel,ampere_sgemm_128x128_nt,24,0.0,0.0,1289.017,1289.017,profile_001.csv
small_ctx256_train_step_fp32,operator_or_kernel,DivBackward0,24,165.707,1272.608,0.0,1263.928,profile_001.csv
small_ctx256_train_step_fp32,operator_or_kernel,aten::matmul,24,268.767,2095.56,0.0,1136.794,profile_001.csv
small_ctx256_train_step_fp32,operator_or_kernel,"void at::native::elementwise_kernel<128, 2, at::native::gpu_kernel_impl_nocast<at::native::BinaryFunctor<float, float, float, at::native::binary_internal::DivFunctor<float> > >(at::TensorIteratorBase&, at::native::BinaryFunctor<float, float, float, at::native::binary_internal::DivFunctor<float> > co",48,0.0,0.0,998.646,998.646,profile_001.csv
small_ctx256_train_step_fp32,operator_or_kernel,aten::fill_,262,1125.349,2406.294,963.101,963.101,profile_001.csv
small_ctx256_train_step_fp32,operator_or_kernel,"void at::native::vectorized_elementwise_kernel<4, at::native::FillFunctor<float>, std::array<char*, 1ul> >(int, at::native::FillFunctor<float>, std::array<char*, 1ul>)",262,0.0,0.0,963.101,963.101,profile_001.csv
small_ctx256_train_step_fp32,operator_or_kernel,ampere_sgemm_128x32_sliced1x4_nn,1,0.0,0.0,936.827,936.827,profile_001.csv
small_ctx256_train_step_fp32,operator_or_kernel,ampere_sgemm_32x32_sliced1x4_nt,1,0.0,0.0,932.603,932.603,profile_001.csv
small_ctx256_train_step_fp32,operator_or_kernel,aten::add_,145,917.596,1637.66,932.186,932.186,profile_001.csv
small_ctx256_train_step_fp32,operator_or_kernel,aten::zero_,237,717.594,2848.049,0.0,928.124,profile_001.csv
small_ctx256_train_step_fp32,operator_or_kernel,aten::pow,186,2162.699,3502.647,841.733,923.75,profile_001.csv
small_ctx256_train_step_fp32,operator_or_kernel,ampere_sgemm_128x64_tn,1,0.0,0.0,868.892,868.892,profile_001.csv
small_ctx256_train_step_fp32,operator_or_kernel,aten::sum,86,1156.947,1767.137,864.602,864.602,profile_001.csv
small_ctx256_train_step_fp32,operator_or_kernel,"void at::native::vectorized_elementwise_kernel<4, at::native::(anonymous namespace)::pow_tensor_scalar_kernel_impl<float, float>(at::TensorIteratorBase&, float)::{lambda(float)#1}, std::array<char*, 2ul> >(int, at::native::(anonymous namespace)::pow_tensor_scalar_kernel_impl<float, float>(at::Tensor",136,0.0,0.0,802.149,802.149,profile_001.csv
small_ctx256_train_step_fp32,operator_or_kernel,aten::where,48,549.358,2058.907,383.292,799.833,profile_001.csv
small_ctx256_train_step_fp32,operator_or_kernel,aten::zeros_like,222,523.439,4666.731,0.0,792.54,profile_001.csv
small_ctx256_train_step_fp32,operator_or_kernel,"void at::native::vectorized_elementwise_kernel<4, at::native::BinaryFunctor<float, float, float, at::native::binary_internal::DivFunctor<float> >, std::array<char*, 3ul> >(int, at::native::BinaryFunctor<float, float, float, at::native::binary_internal::DivFunctor<float> >, std::array<char*, 3ul>)",111,0.0,0.0,785.123,785.123,profile_001.csv
small_ctx256_train_step_fp32,operator_or_kernel,aten::square,111,149.028,1907.219,0.0,714.914,profile_001.csv
small_ctx256_train_step_fp32,operator_or_kernel,aten::clone,96,385.751,2533.057,0.0,640.093,profile_001.csv
small_ctx256_train_step_fp32,operator_or_kernel,aten::reshape,801,1761.858,5940.56,0.0,640.093,profile_001.csv
small_ctx256_train_step_fp32,operator_or_kernel,aten::sqrt,111,862.342,1354.607,638.874,638.874,profile_001.csv
small_ctx256_train_step_fp32,operator_or_kernel,"void at::native::vectorized_elementwise_kernel<4, at::native::sqrt_kernel_cuda(at::TensorIteratorBase&)::{lambda()#2}::operator()() const::{lambda()#2}::operator()() const::{lambda(float)#1}, std::array<char*, 2ul> >(int, at::native::sqrt_kernel_cuda(at::TensorIteratorBase&)::{lambda()#2}::operator(",111,0.0,0.0,638.874,638.874,profile_001.csv
small_ctx256_train_step_fp32,operator_or_kernel,"void at::native::vectorized_elementwise_kernel<4, at::native::CUDAFunctorOnSelf_add<float>, std::array<char*, 2ul> >(int, at::native::CUDAFunctorOnSelf_add<float>, std::array<char*, 2ul>)",136,0.0,0.0,572.699,572.699,profile_001.csv
small_ctx256_train_step_fp32,operator_or_kernel,"void at::native::reduce_kernel<512, 1, at::native::ReduceOp<float, at::native::func_wrapper_t<float, at::native::sum_functor<float, float, float>::operator()(at::TensorIterator&)::{lambda(float, float)#1}>, unsigned int, float, 4, 4> >(at::native::ReduceOp<float, at::native::func_wrapper_t<float, at",61,0.0,0.0,556.027,556.027,profile_001.csv
small_ctx256_train_step_fp32,operator_or_kernel,aten::cat,48,656.872,933.258,488.221,488.221,profile_001.csv
small_ctx256_train_step_fp32,operator_or_kernel,autograd::engine::evaluate_function: SigmoidBackward0,12,130.453,489.748,0.0,445.725,profile_001.csv
small_ctx256_train_step_fp32,operator_or_kernel,aten::neg,48,446.462,700.734,415.712,415.712,profile_001.csv
small_ctx256_train_step_fp32,operator_or_kernel,"void at::native::(anonymous namespace)::CatArrayBatchedCopy<at::native::(anonymous namespace)::OpaqueType<4u>, unsigned int, 4, 64, 64>(at::native::(anonymous namespace)::OpaqueType<4u>*, at::native::(anonymous namespace)::CatArrInputTensorMetadata<at::native::(anonymous namespace)::OpaqueType<4u>, ",36,0.0,0.0,406.877,406.877,profile_001.csv
small_ctx256_train_step_fp32,operator_or_kernel,"void at::native::elementwise_kernel<128, 2, at::native::gpu_kernel_impl_nocast<at::native::(anonymous namespace)::where_kernel_impl(at::TensorIterator&)::{lambda()#1}::operator()() const::{lambda()#11}::operator()() const::{lambda(bool, float, float)#1}>(at::TensorIteratorBase&, at::native::(anonymo",24,0.0,0.0,383.292,383.292,profile_001.csv
small_ctx256_train_step_fp32,operator_or_kernel,"void at::native::elementwise_kernel<128, 2, at::native::gpu_kernel_impl_nocast<at::native::CUDAFunctor_add<float> >(at::TensorIteratorBase&, at::native::CUDAFunctor_add<float> const&)::{lambda(int)#1}>(int, at::native::gpu_kernel_impl_nocast<at::native::CUDAFunctor_add<float> >(at::TensorIteratorBas",24,0.0,0.0,368.671,368.671,profile_001.csv
small_ctx256_train_step_fp32,operator_or_kernel,autograd::engine::evaluate_function: PowBackward0,25,301.678,2139.197,0.0,356.733,profile_001.csv
small_ctx256_train_step_fp32,operator_or_kernel,autograd::engine::evaluate_function: MaxBackward0,12,150.181,929.182,0.0,337.53,profile_001.csv
small_ctx256_train_step_fp32,operator_or_kernel,autograd::engine::evaluate_function: SubBackward0,36,226.082,1029.788,0.0,332.51,profile_001.csv
small_ctx256_train_step_fp32,operator_or_kernel,"void at::native::vectorized_elementwise_kernel<4, at::native::neg_kernel_cuda(at::TensorIteratorBase&)::{lambda()#2}::operator()() const::{lambda()#7}::operator()() const::{lambda(float)#1}, std::array<char*, 2ul> >(int, at::native::neg_kernel_cuda(at::TensorIteratorBase&)::{lambda()#2}::operator()(",24,0.0,0.0,296.001,296.001,profile_001.csv
small_ctx256_train_step_fp32,operator_or_kernel,"void at::native::vectorized_elementwise_kernel<4, at::native::BUnaryFunctor<float, float, float, at::native::binary_internal::MulFunctor<float> >, std::array<char*, 2ul> >(int, at::native::BUnaryFunctor<float, float, float, at::native::binary_internal::MulFunctor<float> >, std::array<char*, 2ul>)",24,0.0,0.0,277.793,277.793,profile_001.csv
small_ctx256_train_step_fp32,operator_or_kernel,SigmoidBackward0,12,42.251,220.397,0.0,277.758,profile_001.csv
small_ctx256_train_step_fp32,operator_or_kernel,aten::sigmoid_backward,12,109.562,178.146,277.758,277.758,profile_001.csv
small_ctx256_train_step_fp32,operator_or_kernel,"void at::native::vectorized_elementwise_kernel<4, at::native::sigmoid_backward_kernel_cuda(at::TensorIteratorBase&)::{lambda()#2}::operator()() const::{lambda()#2}::operator()() const::{lambda(float, float)#1}, std::array<char*, 3ul> >(int, at::native::sigmoid_backward_kernel_cuda(at::TensorIterator",12,0.0,0.0,277.758,277.758,profile_001.csv
small_ctx256_train_step_fp32,operator_or_kernel,"void at::native::reduce_kernel<128, 4, at::native::ReduceOp<float, at::native::func_wrapper_t<float, at::native::sum_functor<float, float, float>::operator()(at::TensorIterator&)::{lambda(float, float)#1}>, unsigned int, float, 4, 4> >(at::native::ReduceOp<float, at::native::func_wrapper_t<float, at",25,0.0,0.0,271.55,271.55,profile_001.csv
small_ctx256_train_step_fp32,operator_or_kernel,PowBackward0,25,149.314,1573.751,0.0,263.838,profile_001.csv
small_ctx256_train_step_fp32,operator_or_kernel,aten::concat,24,46.307,534.499,0.0,263.806,profile_001.csv
small_ctx256_train_step_fp32,operator_or_kernel,aten::sub,36,396.357,568.277,249.344,249.344,profile_001.csv
small_ctx256_train_step_fp32,operator_or_kernel,ViewBackward0,316,669.104,2512.289,0.0,241.5,profile_001.csv
small_ctx256_train_step_fp32,operator_or_kernel,autograd::engine::evaluate_function: ViewBackward0,316,1440.456,3952.745,0.0,241.5,profile_001.csv
small_ctx256_train_step_fp32,operator_or_kernel,SubBackward0,36,73.031,609.28,0.0,226.784,profile_001.csv
small_ctx256_train_step_fp32,operator_or_kernel,UnbindBackward0,24,63.352,697.186,0.0,224.415,profile_001.csv
small_ctx256_train_step_fp32,operator_or_kernel,aten::stack,24,144.562,633.834,0.0,224.415,profile_001.csv
small_ctx256_train_step_fp32,operator_or_kernel,autograd::engine::evaluate_function: UnbindBackward0,24,154.301,851.487,0.0,224.415,profile_001.csv
small_ctx256_train_step_fp32,operator_or_kernel,aten::max,12,259.762,352.607,214.719,214.719,profile_001.csv
small_ctx256_train_step_fp32,operator_or_kernel,"void at::native::reduce_kernel<512, 1, at::native::ReduceOp<float, at::native::MaxOps<float>, unsigned int, float, 4, 4> >(at::native::ReduceOp<float, at::native::MaxOps<float>, unsigned int, float, 4, 4>)",12,0.0,0.0,214.719,214.719,profile_001.csv
small_ctx256_train_step_fp32,operator_or_kernel,WhereBackward0,12,33.151,659.298,0.0,208.093,profile_001.csv
small_ctx256_train_step_fp32,operator_or_kernel,autograd::engine::evaluate_function: WhereBackward0,12,98.466,757.764,0.0,208.093,profile_001.csv
small_ctx256_train_step_fp32,operator_or_kernel,MaxBackward0,12,42.056,648.678,0.0,202.941,profile_001.csv
small_ctx256_train_step_fp32,operator_or_kernel,aten::value_selecting_reduction_backward,12,48.5,606.622,0.0,202.941,profile_001.csv
small_ctx256_train_step_fp32,operator_or_kernel,autograd::engine::evaluate_function: SumBackward1,12,121.191,408.953,0.0,200.8,profile_001.csv
small_ctx256_train_step_fp32,operator_or_kernel,autograd::engine::evaluate_function: UnsqueezeBackward0,255,1255.33,3165.24,0.0,190.624,profile_001.csv
small_ctx256_train_step_fp32,operator_or_kernel,ExpBackward0,12,50.664,229.7,0.0,178.719,profile_001.csv
small_ctx256_train_step_fp32,operator_or_kernel,autograd::engine::evaluate_function: ExpBackward0,12,75.99,305.69,0.0,178.719,profile_001.csv
small_ctx256_train_step_fp32,operator_or_kernel,aten::mean,25,380.299,516.541,150.721,150.721,profile_001.csv
small_ctx256_train_step_fp32,operator_or_kernel,"void at::native::reduce_kernel<512, 1, at::native::ReduceOp<float, at::native::MeanOps<float, float, float, float>, unsigned int, float, 4, 4> >(at::native::ReduceOp<float, at::native::MeanOps<float, float, float, float>, unsigned int, float, 4, 4>)",25,0.0,0.0,150.721,150.721,profile_001.csv
small_ctx256_train_step_fp32,operator_or_kernel,aten::sigmoid,12,160.713,235.0,137.633,137.633,profile_001.csv
small_ctx256_train_step_fp32,operator_or_kernel,"void at::native::vectorized_elementwise_kernel<4, at::native::sigmoid_kernel_cuda(at::TensorIteratorBase&)::{lambda()#2}::operator()() const::{lambda()#2}::operator()() const::{lambda(float)#1}, std::array<char*, 2ul> >(int, at::native::sigmoid_kernel_cuda(at::TensorIteratorBase&)::{lambda()#2}::ope",12,0.0,0.0,137.633,137.633,profile_001.csv
small_ctx256_train_step_fp32,operator_or_kernel,ReshapeAliasBackward0,121,222.73,1418.343,0.0,134.626,profile_001.csv
small_ctx256_train_step_fp32,operator_or_kernel,autograd::engine::evaluate_function: ReshapeAliasBackward0,121,587.912,2006.255,0.0,134.626,profile_001.csv
small_ctx256_train_step_fp32,operator_or_kernel,MeanBackward1,25,101.165,764.909,0.0,124.574,profile_001.csv
small_ctx256_train_step_fp32,operator_or_kernel,autograd::engine::evaluate_function: MeanBackward1,25,131.861,896.77,0.0,124.574,profile_001.csv
small_ctx256_train_step_fp32,operator_or_kernel,"void at::native::elementwise_kernel<128, 2, at::native::gpu_kernel_impl_nocast<at::native::BUnaryFunctor<float, float, float, at::native::binary_internal::MulFunctor<float> > >(at::TensorIteratorBase&, at::native::BUnaryFunctor<float, float, float, at::native::binary_internal::MulFunctor<float> > co",25,0.0,0.0,124.574,124.574,profile_001.csv
small_ctx256_train_step_fp32,operator_or_kernel,aten::scatter_,12,173.404,261.703,121.758,121.758,profile_001.csv
small_ctx256_train_step_fp32,operator_or_kernel,"void at::native::_scatter_gather_elementwise_kernel<128, 8, at::native::_cuda_scatter_gather_internal_kernel<true, at::native::OpaqueType<4> >::operator()<at::native::TensorAssign>(at::TensorIterator&, long, long, long, at::native::TensorAssign const&)::{lambda(int)#1}>(int, at::native::_cuda_scatte",12,0.0,0.0,121.758,121.758,profile_001.csv
small_ctx256_train_step_fp32,operator_or_kernel,RsqrtBackward0,25,182.798,1475.839,0.0,121.411,profile_001.csv
small_ctx256_train_step_fp32,operator_or_kernel,autograd::engine::evaluate_function: RsqrtBackward0,25,161.292,1637.131,0.0,121.411,profile_001.csv
small_ctx256_train_step_fp32,operator_or_kernel,"void at::native::elementwise_kernel<128, 2, at::native::gpu_kernel_impl_nocast<at::native::neg_kernel_cuda(at::TensorIteratorBase&)::{lambda()#2}::operator()() const::{lambda()#7}::operator()() const::{lambda(float)#1}>(at::TensorIteratorBase&, at::native::neg_kernel_cuda(at::TensorIteratorBase&)::{",24,0.0,0.0,119.711,119.711,profile_001.csv
small_ctx256_train_step_fp32,operator_or_kernel,Memcpy DtoD (Device -> Device),26,0.0,0.0,118.113,118.113,profile_001.csv
small_ctx256_train_step_fp32,operator_or_kernel,aten::exp,12,143.491,199.617,113.375,113.375,profile_001.csv
small_ctx256_train_step_fp32,operator_or_kernel,"void at::native::vectorized_elementwise_kernel<4, at::native::exp_kernel_cuda(at::TensorIteratorBase&)::{lambda()#2}::operator()() const::{lambda()#2}::operator()() const::{lambda(float)#1}, std::array<char*, 2ul> >(int, at::native::exp_kernel_cuda(at::TensorIteratorBase&)::{lambda()#2}::operator()(",12,0.0,0.0,113.375,113.375,profile_001.csv
small_ctx256_train_step_fp32,operator_or_kernel,Memset (Device),73,0.0,0.0,107.68,107.68,profile_001.csv
small_ctx256_train_step_fp32,operator_or_kernel,aten::zeros,13,49.905,323.732,0.0,97.759,profile_001.csv
small_ctx256_train_step_fp32,operator_or_kernel,aten::cross_entropy_loss,1,10.486,62.835,0.0,88.672,profile_001.csv
small_ctx256_train_step_fp32,operator_or_kernel,"void at::native::(anonymous namespace)::CatArrayBatchedCopy_aligned16_contig<at::native::(anonymous namespace)::OpaqueType<4u>, unsigned int, 4, 128, 1>(at::native::(anonymous namespace)::OpaqueType<4u>*, at::native::(anonymous namespace)::CatArrInputTensorMetadata<at::native::(anonymous namespace):",12,0.0,0.0,81.344,81.344,profile_001.csv
small_ctx256_train_step_fp32,operator_or_kernel,UnsafeViewBackward0,48,88.707,646.382,0.0,78.72,profile_001.csv
small_ctx256_train_step_fp32,operator_or_kernel,autograd::engine::evaluate_function: UnsafeViewBackward0,48,229.435,875.817,0.0,78.72,profile_001.csv
small_ctx256_train_step_fp32,operator_or_kernel,LogSoftmaxBackward0,1,15.439,223.998,0.0,77.44,profile_001.csv
small_ctx256_train_step_fp32,operator_or_kernel,aten::_log_softmax_backward_data,1,18.021,208.559,77.44,77.44,profile_001.csv
small_ctx256_train_step_fp32,operator_or_kernel,autograd::engine::evaluate_function: LogSoftmaxBackward0,1,9.553,233.551,0.0,77.44,profile_001.csv
small_ctx256_train_step_fp32,operator_or_kernel,"void at::native::(anonymous namespace)::cunn_SoftMaxBackwardSmem<4, float, float, float, at::native::(anonymous namespace)::LogSoftMaxBackwardEpilogue>(float*, float const*, float const*, long)",1,0.0,0.0,77.44,77.44,profile_001.csv
small_ctx256_train_step_fp32,operator_or_kernel,aten::_log_softmax,1,12.177,18.785,55.488,55.488,profile_001.csv
small_ctx256_train_step_fp32,operator_or_kernel,aten::log_softmax,1,5.834,25.158,0.0,55.488,profile_001.csv
small_ctx256_train_step_fp32,operator_or_kernel,"void at::native::(anonymous namespace)::cunn_SoftMaxForwardSmem<4, float, float, float, at::native::(anonymous namespace)::LogSoftMaxForwardEpilogue, long>(float*, float const*, long)",1,0.0,0.0,55.488,55.488,profile_001.csv
small_ctx256_train_step_fp32,operator_or_kernel,SliceBackward0,1,7.356,57.794,0.0,52.672,profile_001.csv
small_ctx256_train_step_fp32,operator_or_kernel,aten::slice_backward,1,5.734,50.438,0.0,52.672,profile_001.csv
small_ctx256_train_step_fp32,operator_or_kernel,autograd::engine::evaluate_function: SliceBackward0,1,5.367,63.161,0.0,52.672,profile_001.csv
small_ctx256_train_step_fp32,operator_or_kernel,aten::ge,12,139.183,204.046,48.575,48.575,profile_001.csv
small_ctx256_train_step_fp32,operator_or_kernel,"void at::native::elementwise_kernel<128, 4, at::native::gpu_kernel_impl_nocast<at::native::(anonymous namespace)::CompareFunctor<long> >(at::TensorIteratorBase&, at::native::(anonymous namespace)::CompareFunctor<long> const&)::{lambda(int)#1}>(int, at::native::gpu_kernel_impl_nocast<at::native::(ano",12,0.0,0.0,48.575,48.575,profile_001.csv
small_ctx256_train_step_fp32,operator_or_kernel,aten::arange,26,137.579,489.241,23.649,47.298,profile_001.csv
small_ctx256_train_step_fp32,operator_or_kernel,IndexBackward0,1,13.953,158.808,0.0,43.808,profile_001.csv
small_ctx256_train_step_fp32,operator_or_kernel,autograd::engine::evaluate_function: IndexBackward0,1,5.75,164.558,0.0,43.808,profile_001.csv
small_ctx256_train_step_fp32,operator_or_kernel,NllLossBackward0,1,19.754,65.438,0.0,40.865,profile_001.csv
small_ctx256_train_step_fp32,operator_or_kernel,aten::nll_loss_backward,1,15.352,45.684,19.296,40.865,profile_001.csv
small_ctx256_train_step_fp32,operator_or_kernel,autograd::engine::evaluate_function: NllLossBackward0,1,29.156,94.594,0.0,40.865,profile_001.csv
small_ctx256_train_step_fp32,operator_or_kernel,aten::rsqrt,25,270.24,385.471,40.738,40.738,profile_001.csv
small_ctx256_train_step_fp32,operator_or_kernel,"void at::native::vectorized_elementwise_kernel<4, at::native::rsqrt_kernel_cuda(at::TensorIteratorBase&)::{lambda()#2}::operator()() const::{lambda()#2}::operator()() const::{lambda(float)#1}, std::array<char*, 2ul> >(int, at::native::rsqrt_kernel_cuda(at::TensorIteratorBase&)::{lambda()#2}::operato",25,0.0,0.0,40.738,40.738,profile_001.csv
small_ctx256_train_step_fp32,operator_or_kernel,"void at::native::vectorized_elementwise_kernel<4, at::native::(anonymous namespace)::pow_tensor_scalar_kernel_impl<float, float>(at::TensorIteratorBase&, float)::{lambda(float)#2}, std::array<char*, 2ul> >(int, at::native::(anonymous namespace)::pow_tensor_scalar_kernel_impl<float, float>(at::Tensor",25,0.0,0.0,39.584,39.584,profile_001.csv
small_ctx256_train_step_fp32,operator_or_kernel,aten::scalar_tensor,24,98.745,479.065,0.0,33.249,profile_001.csv
small_ctx256_train_step_fp32,operator_or_kernel,aten::nll_loss,1,5.499,25.216,0.0,33.184,profile_001.csv
small_ctx256_train_step_fp32,operator_or_kernel,aten::nll_loss_forward,1,14.078,19.717,33.184,33.184,profile_001.csv
small_ctx256_train_step_fp32,operator_or_kernel,aten::nll_loss_nd,1,1.975,27.191,0.0,33.184,profile_001.csv
small_ctx256_train_step_fp32,operator_or_kernel,"void at::native::(anonymous namespace)::nll_loss_forward_reduce_cuda_kernel_2d<float, float, long>(float*, float*, float const*, long const*, float const*, bool, long, long, long, long)",1,0.0,0.0,33.184,33.184,profile_001.csv
small_ctx256_train_step_fp32,operator_or_kernel,aten::_index_put_impl_,1,32.379,122.933,17.408,27.552,profile_001.csv
small_ctx256_train_step_fp32,operator_or_kernel,"void (anonymous namespace)::elementwise_kernel_with_index<int, at::native::arange_cuda_out(c10::Scalar const&, c10::Scalar const&, c10::Scalar const&, at::Tensor&)::{lambda()#1}::operator()() const::{lambda()#4}::operator()() const::{lambda(long)#1}>(int, at::native::arange_cuda_out(c10::Scalar cons",13,0.0,0.0,23.649,23.649,profile_001.csv
small_ctx256_train_step_fp32,operator_or_kernel,"void at::native::(anonymous namespace)::nll_loss_backward_reduce_cuda_kernel_2d<float, long>(float*, float const*, long const*, float const*, float const*, bool, int, int, long, long)",1,0.0,0.0,19.296,19.296,profile_001.csv
small_ctx256_train_step_fp32,operator_or_kernel,aten::new_zeros,1,3.293,21.922,0.0,16.256,profile_001.csv
small_ctx256_train_step_fp32,operator_or_kernel,aten::index,1,48.065,76.977,13.12,13.12,profile_001.csv
small_ctx256_train_step_fp32,operator_or_kernel,"void at::native::index_elementwise_kernel<128, 4, at::native::gpu_index_kernel<at::native::index_kernel_impl<at::native::OpaqueType<4> >(at::TensorIteratorBase&, c10::ArrayRef<long>, c10::ArrayRef<long>)::{lambda(char*, char const*, long)#1}>(at::TensorIteratorBase&, c10::ArrayRef<long>, c10::ArrayR",1,0.0,0.0,13.12,13.12,profile_001.csv
small_ctx256_train_step_fp32,operator_or_kernel,"void at_cuda_detail::cub::DeviceRadixSortSingleTileKernel<at_cuda_detail::cub::DeviceRadixSortPolicy<long, at::cuda::cub::detail::OpaqueType<8>, unsigned long long>::Policy900, false, long, at::cuda::cub::detail::OpaqueType<8>, unsigned long long, at_cuda_detail::cub::detail::identity_decomposer_t>(",1,0.0,0.0,9.12,9.12,profile_001.csv
small_ctx256_train_step_fp32,operator_or_kernel,"void (anonymous namespace)::indexing_backward_kernel<float, 4>(long const*, long const*, float const*, float*, long, long, long, long, bool)",1,0.0,0.0,8.288,8.288,profile_001.csv
small_ctx256_train_step_fp32,operator_or_kernel,aten::remainder,1,15.784,20.83,3.584,3.584,profile_001.csv
small_ctx256_train_step_fp32,operator_or_kernel,"void at::native::vectorized_elementwise_kernel<2, at::native::BUnaryFunctor<long, long, long, at::native::remainder_kernel_cuda(at::TensorIteratorBase&)::{lambda()#1}::operator()() const::{lambda()#4}::operator()() const::{lambda(long, long)#1}>, std::array<char*, 2ul> >(int, at::native::BUnaryFunct",1,0.0,0.0,3.584,3.584,profile_001.csv
small_ctx256_train_step_fp32,operator_or_kernel,aten::div_,1,8.778,13.64,2.592,2.592,profile_001.csv
small_ctx256_train_step_fp32,operator_or_kernel,aten::divide_,1,1.401,15.041,0.0,2.592,profile_001.csv
small_ctx256_train_step_fp32,operator_or_kernel,"void at::native::vectorized_elementwise_kernel<2, at::native::BUnaryFunctor<long, long, long, at::native::binary_internal::div_trunc_kernel_cuda(at::TensorIteratorBase&)::{lambda()#1}::operator()() const::{lambda()#4}::operator()() const::{lambda(long, long)#1}>, std::array<char*, 2ul> >(int, at::na",1,0.0,0.0,2.592,2.592,profile_001.csv
small_ctx256_train_step_fp32,operator_or_kernel,"void at::native::vectorized_elementwise_kernel<2, at::native::AUnaryFunctor<long, long, long, at::native::binary_internal::MulFunctor<long> >, std::array<char*, 2ul> >(int, at::native::AUnaryFunctor<long, long, long, at::native::binary_internal::MulFunctor<long> >, std::array<char*, 2ul>)",1,0.0,0.0,2.208,2.208,profile_001.csv
small_ctx256_train_step_fp32,operator_or_kernel,aten::ones_like,1,2.86,33.029,0.0,1.728,profile_001.csv
small_ctx256_train_step_fp32,operator_or_kernel,AddBackward0,73,58.214,58.214,0.0,0.0,profile_001.csv
small_ctx256_train_step_fp32,operator_or_kernel,CatBackward0,24,89.443,483.688,0.0,0.0,profile_001.csv
small_ctx256_train_step_fp32,operator_or_kernel,CloneBackward0,24,8.502,8.502,0.0,0.0,profile_001.csv
small_ctx256_train_step_fp32,operator_or_kernel,ExpandBackward0,48,25.59,25.59,0.0,0.0,profile_001.csv
small_ctx256_train_step_fp32,operator_or_kernel,Optimizer.zero_grad#AdamW.zero_grad,1,280.852,280.852,0.0,0.0,profile_001.csv
small_ctx256_train_step_fp32,operator_or_kernel,PermuteBackward0,497,925.553,3050.351,0.0,0.0,profile_001.csv
small_ctx256_train_step_fp32,operator_or_kernel,SumBackward1,12,28.481,99.222,0.0,0.0,profile_001.csv
small_ctx256_train_step_fp32,operator_or_kernel,TransposeBackward0,12,16.849,124.735,0.0,0.0,profile_001.csv
small_ctx256_train_step_fp32,operator_or_kernel,UnsqueezeBackward0,255,316.225,1336.752,0.0,0.0,profile_001.csv
small_ctx256_train_step_fp32,operator_or_kernel,aten::_has_compatible_shallow_copy_type,222,27.678,27.678,0.0,0.0,profile_001.csv
small_ctx256_train_step_fp32,operator_or_kernel,aten::_reshape_alias,121,336.222,336.222,0.0,0.0,profile_001.csv
small_ctx256_train_step_fp32,operator_or_kernel,aten::_unsafe_view,120,234.478,234.478,0.0,0.0,profile_001.csv
small_ctx256_train_step_fp32,operator_or_kernel,aten::as_strided,2062,1714.611,1714.611,0.0,0.0,profile_001.csv
small_ctx256_train_step_fp32,operator_or_kernel,aten::detach,27,32.979,95.348,0.0,0.0,profile_001.csv
small_ctx256_train_step_fp32,operator_or_kernel,aten::empty,173,901.414,901.414,0.0,0.0,profile_001.csv
small_ctx256_train_step_fp32,operator_or_kernel,aten::empty_like,321,693.634,2320.595,0.0,0.0,profile_001.csv
small_ctx256_train_step_fp32,operator_or_kernel,aten::empty_strided,308,1564.55,1564.55,0.0,0.0,profile_001.csv
small_ctx256_train_step_fp32,operator_or_kernel,aten::expand,85,410.373,505.564,0.0,0.0,profile_001.csv
small_ctx256_train_step_fp32,operator_or_kernel,aten::flatten,2,2.783,5.428,0.0,0.0,profile_001.csv
small_ctx256_train_step_fp32,operator_or_kernel,aten::narrow,48,153.885,394.245,0.0,0.0,profile_001.csv
small_ctx256_train_step_fp32,operator_or_kernel,aten::new_empty,1,1.775,6.667,0.0,0.0,profile_001.csv
small_ctx256_train_step_fp32,operator_or_kernel,aten::new_empty_strided,85,215.083,716.142,0.0,0.0,profile_001.csv
small_ctx256_train_step_fp32,operator_or_kernel,aten::permute,994,3230.608,4078.824,0.0,0.0,profile_001.csv
small_ctx256_train_step_fp32,operator_or_kernel,aten::resize_,38,138.218,138.218,0.0,0.0,profile_001.csv
small_ctx256_train_step_fp32,operator_or_kernel,aten::result_type,186,58.154,58.154,0.0,0.0,profile_001.csv
small_ctx256_train_step_fp32,operator_or_kernel,aten::select,96,228.269,288.535,0.0,0.0,profile_001.csv
small_ctx256_train_step_fp32,operator_or_kernel,aten::slice,98,388.072,465.583,0.0,0.0,profile_001.csv
small_ctx256_train_step_fp32,operator_or_kernel,aten::squeeze,255,820.614,1020.527,0.0,0.0,profile_001.csv
small_ctx256_train_step_fp32,operator_or_kernel,aten::to,262,61.019,61.019,0.0,0.0,profile_001.csv
small_ctx256_train_step_fp32,operator_or_kernel,aten::transpose,242,887.728,1129.211,0.0,0.0,profile_001.csv
small_ctx256_train_step_fp32,operator_or_kernel,aten::unbind,48,190.772,479.307,0.0,0.0,profile_001.csv
small_ctx256_train_step_fp32,operator_or_kernel,aten::unsqueeze,267,925.005,1093.455,0.0,0.0,profile_001.csv
small_ctx256_train_step_fp32,operator_or_kernel,aten::view,805,1614.069,1614.069,0.0,0.0,profile_001.csv
small_ctx256_train_step_fp32,operator_or_kernel,autograd::engine::evaluate_function: AddBackward0,73,358.242,416.456,0.0,0.0,profile_001.csv
small_ctx256_train_step_fp32,operator_or_kernel,autograd::engine::evaluate_function: CatBackward0,24,128.563,612.251,0.0,0.0,profile_001.csv
small_ctx256_train_step_fp32,operator_or_kernel,autograd::engine::evaluate_function: CloneBackward0,24,101.451,109.953,0.0,0.0,profile_001.csv
small_ctx256_train_step_fp32,operator_or_kernel,autograd::engine::evaluate_function: ExpandBackward0,48,267.818,293.408,0.0,0.0,profile_001.csv
small_ctx256_train_step_fp32,operator_or_kernel,autograd::engine::evaluate_function: PermuteBackward0,497,2208.795,5259.146,0.0,0.0,profile_001.csv
small_ctx256_train_step_fp32,operator_or_kernel,autograd::engine::evaluate_function: TransposeBackward0,12,57.067,181.802,0.0,0.0,profile_001.csv
small_ctx256_train_step_fp32,operator_or_kernel,cuLaunchKernel,12,67.425,67.425,0.0,0.0,profile_001.csv
small_ctx256_train_step_fp32,operator_or_kernel,cudaDeviceGetAttribute,12,9.061,9.061,0.0,0.0,profile_001.csv
small_ctx256_train_step_fp32,operator_or_kernel,cudaDeviceSynchronize,3,22.415,22.415,0.0,0.0,profile_001.csv
small_ctx256_train_step_fp32,operator_or_kernel,cudaLaunchKernel,3626,18776.057,18776.057,0.0,0.0,profile_001.csv
small_ctx256_train_step_fp32,operator_or_kernel,cudaMalloc,1,177.93,177.93,0.0,0.0,profile_001.csv
small_ctx256_train_step_fp32,operator_or_kernel,cudaMemcpyAsync,26,320.514,320.514,0.0,0.0,profile_001.csv
small_ctx256_train_step_fp32,operator_or_kernel,cudaMemsetAsync,73,440.433,440.433,0.0,0.0,profile_001.csv
small_ctx256_train_step_fp32,operator_or_kernel,cudaOccupancyMaxActiveBlocksPerMultiprocessor,133,153.77,153.77,0.0,0.0,profile_001.csv
small_ctx256_train_step_fp32,operator_or_kernel,cudaPeekAtLastError,2,0.23,0.23,0.0,0.0,profile_001.csv
small_ctx256_train_step_fp32,operator_or_kernel,cudaStreamIsCapturing,1,1.189,1.189,0.0,0.0,profile_001.csv
small_ctx256_train_step_fp32,operator_or_kernel,detach,27,62.369,62.369,0.0,0.0,profile_001.csv
small_ctx256_train_step_fp32,optimizer,optimizer,2,100.677,34179.87,0.0,10408.901,profile_001.csv
small_ctx256_train_step_fp32,profile/measure,profile/measure,1,1354.139,127559.307,0.0,30598.185,profile_001.csv
small_ctx512_train_step_fp32,attention/scores,attention/scores,12,0.0,0.0,2991.919,2991.919,profile_001.csv
small_ctx512_train_step_fp32,attention/scores,attention/scores,12,604.568,2341.48,0.0,2952.849,profile_001.csv
small_ctx512_train_step_fp32,attention/softmax,attention/softmax,12,0.0,0.0,3583.408,3583.408,profile_001.csv
small_ctx512_train_step_fp32,attention/softmax,attention/softmax,12,558.32,1685.782,0.0,3530.993,profile_001.csv
small_ctx512_train_step_fp32,attention/value,attention/value,12,0.0,0.0,2561.234,2561.234,profile_001.csv
small_ctx512_train_step_fp32,attention/value,attention/value,12,308.973,1420.977,0.0,2548.176,profile_001.csv
small_ctx512_train_step_fp32,backward,backward,1,57571.003,57598.875,0.0,1.76,profile_001.csv
small_ctx512_train_step_fp32,backward,backward,1,0.0,0.0,1.76,1.76,profile_001.csv
small_ctx512_train_step_fp32,forward,forward,1,0.0,0.0,43964.923,43964.923,profile_001.csv
small_ctx512_train_step_fp32,forward,forward,1,6139.027,28622.172,0.0,42509.282,profile_001.csv
small_ctx512_train_step_fp32,operator_or_kernel,aten::bmm,327,6137.262,8883.366,99081.583,99081.583,profile_001.csv
small_ctx512_train_step_fp32,operator_or_kernel,BmmBackward0,109,811.08,7027.318,0.0,65930.178,profile_001.csv
small_ctx512_train_step_fp32,operator_or_kernel,autograd::engine::evaluate_function: BmmBackward0,109,885.306,7912.624,0.0,65930.178,profile_001.csv
small_ctx512_train_step_fp32,operator_or_kernel,ProfilerStep*,1,68.628,146504.081,0.0,54274.285,profile_001.csv
small_ctx512_train_step_fp32,operator_or_kernel,aten::einsum,85,1779.082,7982.293,0.0,29414.309,profile_001.csv
small_ctx512_train_step_fp32,operator_or_kernel,ampere_sgemm_64x32_sliced1x4_nt,72,0.0,0.0,20999.475,20999.475,profile_001.csv
small_ctx512_train_step_fp32,operator_or_kernel,ampere_sgemm_128x32_nn,60,0.0,0.0,13896.347,13896.347,profile_001.csv
small_ctx512_train_step_fp32,operator_or_kernel,ampere_sgemm_128x32_tn,24,0.0,0.0,13616.987,13616.987,profile_001.csv
small_ctx512_train_step_fp32,operator_or_kernel,aten::mul,1205,10424.975,26067.627,12755.916,13273.542,profile_001.csv
small_ctx512_train_step_fp32,operator_or_kernel,ampere_sgemm_128x64_nn,24,0.0,0.0,12643.097,12643.097,profile_001.csv
small_ctx512_train_step_fp32,operator_or_kernel,Optimizer.step#AdamW.step,1,0.0,0.0,12348.511,12348.511,profile_001.csv
small_ctx512_train_step_fp32,operator_or_kernel,Optimizer.step#AdamW.step,1,8280.066,58855.536,0.0,11763.243,profile_001.csv
small_ctx512_train_step_fp32,operator_or_kernel,ampere_sgemm_128x128_tn,72,0.0,0.0,10081.955,10081.955,profile_001.csv
small_ctx512_train_step_fp32,operator_or_kernel,attention,12,732.951,6181.19,0.0,9032.018,profile_001.csv
small_ctx512_train_step_fp32,operator_or_kernel,ampere_sgemm_128x64_tn,13,0.0,0.0,8311.795,8311.795,profile_001.csv
small_ctx512_train_step_fp32,operator_or_kernel,ampere_sgemm_128x64_nt,12,0.0,0.0,6297.406,6297.406,profile_001.csv
small_ctx512_train_step_fp32,operator_or_kernel,aten::div,208,1996.814,4318.926,6119.972,6218.179,profile_001.csv
small_ctx512_train_step_fp32,operator_or_kernel,"void at::native::vectorized_elementwise_kernel<4, at::native::BinaryFunctor<float, float, float, at::native::binary_internal::MulFunctor<float> >, std::array<char*, 3ul> >(int, at::native::BinaryFunctor<float, float, float, at::native::binary_internal::MulFunctor<float> >, std::array<char*, 3ul>)",196,0.0,0.0,5954.182,5954.182,profile_001.csv
small_ctx512_train_step_fp32,operator_or_kernel,"void at::native::vectorized_elementwise_kernel<4, at::native::CUDAFunctor_add<float>, std::array<char*, 3ul> >(int, at::native::CUDAFunctor_add<float>, std::array<char*, 3ul>)",673,0.0,0.0,5828.745,5828.745,profile_001.csv
small_ctx512_train_step_fp32,operator_or_kernel,autograd::engine::evaluate_function: DivBackward0,24,217.202,1642.217,0.0,5773.411,profile_001.csv
small_ctx512_train_step_fp32,operator_or_kernel,DivBackward0,24,152.931,1203.228,0.0,5238.659,profile_001.csv
small_ctx512_train_step_fp32,operator_or_kernel,autograd::engine::evaluate_function: MulBackward0,170,1627.12,7561.808,0.0,4804.177,profile_001.csv
small_ctx512_train_step_fp32,operator_or_kernel,ampere_sgemm_128x128_nn,24,0.0,0.0,4778.758,4778.758,profile_001.csv
small_ctx512_train_step_fp32,operator_or_kernel,ampere_sgemm_128x128_nt,24,0.0,0.0,4688.328,4688.328,profile_001.csv
small_ctx512_train_step_fp32,operator_or_kernel,"void at::native::vectorized_elementwise_kernel<4, at::native::AUnaryFunctor<float, float, float, at::native::binary_internal::MulFunctor<float> >, std::array<char*, 2ul> >(int, at::native::AUnaryFunctor<float, float, float, at::native::binary_internal::MulFunctor<float> >, std::array<char*, 2ul>)",716,0.0,0.0,4354.635,4354.635,profile_001.csv
small_ctx512_train_step_fp32,operator_or_kernel,aten::matmul,24,239.249,1895.531,0.0,3895.622,profile_001.csv
small_ctx512_train_step_fp32,operator_or_kernel,MulBackward0,170,475.905,4028.834,0.0,3872.345,profile_001.csv
small_ctx512_train_step_fp32,operator_or_kernel,"void at::native::elementwise_kernel<128, 2, at::native::gpu_kernel_impl_nocast<at::native::BinaryFunctor<float, float, float, at::native::binary_internal::DivFunctor<float> > >(at::TensorIteratorBase&, at::native::BinaryFunctor<float, float, float, at::native::binary_internal::DivFunctor<float> > co",48,0.0,0.0,3687.404,3687.404,profile_001.csv
small_ctx512_train_step_fp32,operator_or_kernel,aten::where,48,474.232,1892.324,1751.732,3550.023,profile_001.csv
small_ctx512_train_step_fp32,operator_or_kernel,aten::add_,145,896.714,1605.641,3099.513,3099.513,profile_001.csv
small_ctx512_train_step_fp32,operator_or_kernel,aten::copy_,207,1592.484,3166.398,3000.684,3000.684,profile_001.csv
small_ctx512_train_step_fp32,operator_or_kernel,aten::add,430,3538.316,10657.335,2556.339,2809.234,profile_001.csv
small_ctx512_train_step_fp32,operator_or_kernel,"void at::native::elementwise_kernel<128, 2, at::native::gpu_kernel_impl_nocast<at::native::direct_copy_kernel_cuda(at::TensorIteratorBase&)::{lambda()#3}::operator()() const::{lambda()#7}::operator()() const::{lambda(float)#1}>(at::TensorIteratorBase&, at::native::direct_copy_kernel_cuda(at::TensorI",181,0.0,0.0,2769.262,2769.262,profile_001.csv
small_ctx512_train_step_fp32,operator_or_kernel,"void at::native::elementwise_kernel<128, 2, at::native::gpu_kernel_impl_nocast<at::native::BinaryFunctor<float, float, float, at::native::binary_internal::MulFunctor<float> > >(at::TensorIteratorBase&, at::native::BinaryFunctor<float, float, float, at::native::binary_internal::MulFunctor<float> > co",292,0.0,0.0,2445.211,2445.211,profile_001.csv
small_ctx512_train_step_fp32,operator_or_kernel,aten::sum,86,1136.933,1738.393,2115.345,2115.345,profile_001.csv
small_ctx512_train_step_fp32,operator_or_kernel,ampere_sgemm_128x32_sliced1x4_nn,1,0.0,0.0,1868.854,1868.854,profile_001.csv
small_ctx512_train_step_fp32,operator_or_kernel,"void at::native::reduce_kernel<512, 1, at::native::ReduceOp<float, at::native::func_wrapper_t<float, at::native::sum_functor<float, float, float>::operator()(at::TensorIterator&)::{lambda(float, float)#1}>, unsigned int, float, 4, 4> >(at::native::ReduceOp<float, at::native::func_wrapper_t<float, at",61,0.0,0.0,1760.273,1760.273,profile_001.csv
small_ctx512_train_step_fp32,operator_or_kernel,"void at::native::elementwise_kernel<128, 2, at::native::gpu_kernel_impl_nocast<at::native::(anonymous namespace)::where_kernel_impl(at::TensorIterator&)::{lambda()#1}::operator()() const::{lambda()#11}::operator()() const::{lambda(bool, float, float)#1}>(at::TensorIteratorBase&, at::native::(anonymo",24,0.0,0.0,1751.732,1751.732,profile_001.csv
small_ctx512_train_step_fp32,operator_or_kernel,autograd::engine::evaluate_function: torch::autograd::AccumulateGrad,111,453.786,3235.397,0.0,1746.771,profile_001.csv
small_ctx512_train_step_fp32,operator_or_kernel,torch::autograd::AccumulateGrad,111,578.01,2781.611,0.0,1746.771,profile_001.csv
small_ctx512_train_step_fp32,operator_or_kernel,void cutlass::Kernel2<cutlass_80_simt_sgemm_64x64_8x5_nt_align1>(cutlass_80_simt_sgemm_64x64_8x5_nt_align1::Params),1,0.0,0.0,1719.799,1719.799,profile_001.csv
small_ctx512_train_step_fp32,operator_or_kernel,aten::sub_,222,1141.326,6456.596,1381.718,1572.18,profile_001.csv
small_ctx512_train_step_fp32,operator_or_kernel,autograd::engine::evaluate_function: MaxBackward0,12,145.4,886.166,0.0,1549.687,profile_001.csv
small_ctx512_train_step_fp32,operator_or_kernel,"void at::native::elementwise_kernel<128, 2, at::native::gpu_kernel_impl_nocast<at::native::CUDAFunctor_add<float> >(at::TensorIteratorBase&, at::native::CUDAFunctor_add<float> const&)::{lambda(int)#1}>(int, at::native::gpu_kernel_impl_nocast<at::native::CUDAFunctor_add<float> >(at::TensorIteratorBas",24,0.0,0.0,1526.302,1526.302,profile_001.csv
small_ctx512_train_step_fp32,operator_or_kernel,aten::neg,48,421.591,670.28,1523.006,1523.006,profile_001.csv
small_ctx512_train_step_fp32,operator_or_kernel,"void at::native::vectorized_elementwise_kernel<4, at::native::BUnaryFunctor<float, float, float, at::native::binary_internal::MulFunctor<float> >, std::array<char*, 2ul> >(int, at::native::BUnaryFunctor<float, float, float, at::native::binary_internal::MulFunctor<float> >, std::array<char*, 2ul>)",24,0.0,0.0,1455.323,1455.323,profile_001.csv
small_ctx512_train_step_fp32,operator_or_kernel,autograd::engine::evaluate_function: SubBackward0,36,217.165,987.602,0.0,1376.06,profile_001.csv
small_ctx512_train_step_fp32,operator_or_kernel,"void at::native::vectorized_elementwise_kernel<4, at::native::neg_kernel_cuda(at::TensorIteratorBase&)::{lambda()#2}::operator()() const::{lambda()#7}::operator()() const::{lambda(float)#1}, std::array<char*, 2ul> >(int, at::native::neg_kernel_cuda(at::TensorIteratorBase&)::{lambda()#2}::operator()(",24,0.0,0.0,1353.728,1353.728,profile_001.csv
small_ctx512_train_step_fp32,operator_or_kernel,Command Buffer Full,221,27339.907,27339.907,1320.343,1320.343,profile_001.csv
small_ctx512_train_step_fp32,operator_or_kernel,cudaLaunchKernel,3637,18297.655,45637.562,0.0,1320.343,profile_001.csv
small_ctx512_train_step_fp32,operator_or_kernel,aten::fill_,262,1060.944,5426.031,1211.03,1291.542,profile_001.csv
small_ctx512_train_step_fp32,operator_or_kernel,aten::zero_,237,625.759,5783.794,0.0,1243.223,profile_001.csv
small_ctx512_train_step_fp32,operator_or_kernel,"void at::native::vectorized_elementwise_kernel<4, at::native::FillFunctor<float>, std::array<char*, 1ul> >(int, at::native::FillFunctor<float>, std::array<char*, 1ul>)",262,0.0,0.0,1211.03,1211.03,profile_001.csv
small_ctx512_train_step_fp32,operator_or_kernel,aten::pow,186,2047.457,4665.922,874.843,1147.066,profile_001.csv
small_ctx512_train_step_fp32,operator_or_kernel,ExpBackward0,12,39.745,211.167,0.0,1114.712,profile_001.csv
small_ctx512_train_step_fp32,operator_or_kernel,autograd::engine::evaluate_function: ExpBackward0,12,72.397,283.564,0.0,1114.712,profile_001.csv
small_ctx512_train_step_fp32,operator_or_kernel,autograd::engine::evaluate_function: SigmoidBackward0,12,134.024,497.765,0.0,1067.64,profile_001.csv
small_ctx512_train_step_fp32,operator_or_kernel,aten::clone,96,341.493,2331.837,0.0,1022.491,profile_001.csv
small_ctx512_train_step_fp32,operator_or_kernel,aten::reshape,801,1558.647,5375.97,0.0,1022.491,profile_001.csv
small_ctx512_train_step_fp32,operator_or_kernel,WhereBackward0,12,34.707,650.268,0.0,897.208,profile_001.csv
small_ctx512_train_step_fp32,operator_or_kernel,autograd::engine::evaluate_function: WhereBackward0,12,92.929,743.197,0.0,897.208,profile_001.csv
small_ctx512_train_step_fp32,operator_or_kernel,aten::sub,36,370.855,534.288,884.384,884.384,profile_001.csv
small_ctx512_train_step_fp32,operator_or_kernel,aten::zeros_like,222,476.79,7454.964,0.0,875.037,profile_001.csv
small_ctx512_train_step_fp32,operator_or_kernel,SubBackward0,36,71.18,580.316,0.0,854.718,profile_001.csv
small_ctx512_train_step_fp32,operator_or_kernel,"void at::native::vectorized_elementwise_kernel<4, at::native::(anonymous namespace)::pow_tensor_scalar_kernel_impl<float, float>(at::TensorIteratorBase&, float)::{lambda(float)#1}, std::array<char*, 2ul> >(int, at::native::(anonymous namespace)::pow_tensor_scalar_kernel_impl<float, float>(at::Tensor",136,0.0,0.0,831.644,831.644,profile_001.csv
small_ctx512_train_step_fp32,operator_or_kernel,"void at::native::vectorized_elementwise_kernel<4, at::native::BinaryFunctor<float, float, float, at::native::binary_internal::DivFunctor<float> >, std::array<char*, 3ul> >(int, at::native::BinaryFunctor<float, float, float, at::native::binary_internal::DivFunctor<float> >, std::array<char*, 3ul>)",111,0.0,0.0,794.559,794.559,profile_001.csv
small_ctx512_train_step_fp32,operator_or_kernel,aten::square,111,139.196,3104.536,0.0,778.621,profile_001.csv
small_ctx512_train_step_fp32,operator_or_kernel,autograd::engine::evaluate_function: SumBackward1,12,115.519,386.568,0.0,753.566,profile_001.csv
small_ctx512_train_step_fp32,operator_or_kernel,aten::sqrt,111,799.283,3623.451,633.601,737.057,profile_001.csv
small_ctx512_train_step_fp32,operator_or_kernel,aten::cat,48,611.27,875.256,714.778,714.778,profile_001.csv
small_ctx512_train_step_fp32,operator_or_kernel,autograd::engine::evaluate_function: PowBackward0,25,297.624,2130.39,0.0,710.715,profile_001.csv
small_ctx512_train_step_fp32,operator_or_kernel,aten::exp,12,131.137,184.987,670.078,670.078,profile_001.csv
small_ctx512_train_step_fp32,operator_or_kernel,"void at::native::vectorized_elementwise_kernel<4, at::native::exp_kernel_cuda(at::TensorIteratorBase&)::{lambda()#2}::operator()() const::{lambda()#2}::operator()() const::{lambda(float)#1}, std::array<char*, 2ul> >(int, at::native::exp_kernel_cuda(at::TensorIteratorBase&)::{lambda()#2}::operator()(",12,0.0,0.0,670.078,670.078,profile_001.csv
small_ctx512_train_step_fp32,operator_or_kernel,aten::max,12,247.823,337.989,643.004,643.004,profile_001.csv
small_ctx512_train_step_fp32,operator_or_kernel,"void at::native::reduce_kernel<512, 1, at::native::ReduceOp<float, at::native::MaxOps<float>, unsigned int, float, 4, 4> >(at::native::ReduceOp<float, at::native::MaxOps<float>, unsigned int, float, 4, 4>)",12,0.0,0.0,643.004,643.004,profile_001.csv
small_ctx512_train_step_fp32,operator_or_kernel,"void at::native::vectorized_elementwise_kernel<4, at::native::sqrt_kernel_cuda(at::TensorIteratorBase&)::{lambda()#2}::operator()() const::{lambda()#2}::operator()() const::{lambda(float)#1}, std::array<char*, 2ul> >(int, at::native::sqrt_kernel_cuda(at::TensorIteratorBase&)::{lambda()#2}::operator(",111,0.0,0.0,633.601,633.601,profile_001.csv
small_ctx512_train_step_fp32,operator_or_kernel,"void at::native::(anonymous namespace)::CatArrayBatchedCopy<at::native::(anonymous namespace)::OpaqueType<4u>, unsigned int, 4, 64, 64>(at::native::(anonymous namespace)::OpaqueType<4u>*, at::native::(anonymous namespace)::CatArrInputTensorMetadata<at::native::(anonymous namespace)::OpaqueType<4u>, ",36,0.0,0.0,597.403,597.403,profile_001.csv
small_ctx512_train_step_fp32,operator_or_kernel,"void at::native::vectorized_elementwise_kernel<4, at::native::CUDAFunctorOnSelf_add<float>, std::array<char*, 2ul> >(int, at::native::CUDAFunctorOnSelf_add<float>, std::array<char*, 2ul>)",136,0.0,0.0,566.907,566.907,profile_001.csv
small_ctx512_train_step_fp32,operator_or_kernel,SigmoidBackward0,12,42.239,225.836,0.0,531.577,profile_001.csv
small_ctx512_train_step_fp32,operator_or_kernel,aten::sigmoid_backward,12,114.37,183.597,531.577,531.577,profile_001.csv
small_ctx512_train_step_fp32,operator_or_kernel,"void at::native::vectorized_elementwise_kernel<4, at::native::sigmoid_backward_kernel_cuda(at::TensorIteratorBase&)::{lambda()#2}::operator()() const::{lambda()#2}::operator()() const::{lambda(float, float)#1}, std::array<char*, 3ul> >(int, at::native::sigmoid_backward_kernel_cuda(at::TensorIterator",12,0.0,0.0,531.577,531.577,profile_001.csv
small_ctx512_train_step_fp32,operator_or_kernel,PowBackward0,25,152.783,1569.997,0.0,490.202,profile_001.csv
small_ctx512_train_step_fp32,operator_or_kernel,MaxBackward0,12,35.728,614.101,0.0,459.544,profile_001.csv
small_ctx512_train_step_fp32,operator_or_kernel,aten::value_selecting_reduction_backward,12,45.735,578.373,0.0,459.544,profile_001.csv
small_ctx512_train_step_fp32,operator_or_kernel,ViewBackward0,316,550.053,2216.897,0.0,414.592,profile_001.csv
small_ctx512_train_step_fp32,operator_or_kernel,autograd::engine::evaluate_function: ViewBackward0,316,1352.674,3569.571,0.0,414.592,profile_001.csv
small_ctx512_train_step_fp32,operator_or_kernel,aten::concat,24,41.761,492.178,0.0,383.039,profile_001.csv
small_ctx512_train_step_fp32,operator_or_kernel,autograd::engine::evaluate_function: UnsqueezeBackward0,255,1265.676,3046.394,0.0,345.088,profile_001.csv
small_ctx512_train_step_fp32,operator_or_kernel,UnbindBackward0,24,56.5,644.518,0.0,331.739,profile_001.csv
small_ctx512_train_step_fp32,operator_or_kernel,aten::stack,24,133.08,588.018,0.0,331.739,profile_001.csv
small_ctx512_train_step_fp32,operator_or_kernel,autograd::engine::evaluate_function: UnbindBackward0,24,140.029,784.547,0.0,331.739,profile_001.csv
small_ctx512_train_step_fp32,operator_or_kernel,aten::sigmoid,12,144.854,213.396,316.668,316.668,profile_001.csv
small_ctx512_train_step_fp32,operator_or_kernel,"void at::native::vectorized_elementwise_kernel<4, at::native::sigmoid_kernel_cuda(at::TensorIteratorBase&)::{lambda()#2}::operator()() const::{lambda()#2}::operator()() const::{lambda(float)#1}, std::array<char*, 2ul> >(int, at::native::sigmoid_kernel_cuda(at::TensorIteratorBase&)::{lambda()#2}::ope",12,0.0,0.0,316.668,316.668,profile_001.csv
small_ctx512_train_step_fp32,operator_or_kernel,"void at::native::reduce_kernel<128, 4, at::native::ReduceOp<float, at::native::func_wrapper_t<float, at::native::sum_functor<float, float, float>::operator()(at::TensorIterator&)::{lambda(float, float)#1}>, unsigned int, float, 4, 4> >(at::native::ReduceOp<float, at::native::func_wrapper_t<float, at",25,0.0,0.0,311.518,311.518,profile_001.csv
small_ctx512_train_step_fp32,operator_or_kernel,aten::zeros,13,48.183,301.399,0.0,310.394,profile_001.csv
small_ctx512_train_step_fp32,operator_or_kernel,Memcpy DtoD (Device -> Device),26,0.0,0.0,231.422,231.422,profile_001.csv
small_ctx512_train_step_fp32,operator_or_kernel,Memset (Device),121,0.0,0.0,222.336,222.336,profile_001.csv
small_ctx512_train_step_fp32,operator_or_kernel,ReshapeAliasBackward0,121,207.472,1285.086,0.0,191.709,profile_001.csv
small_ctx512_train_step_fp32,operator_or_kernel,autograd::engine::evaluate_function: ReshapeAliasBackward0,121,567.702,1852.788,0.0,191.709,profile_001.csv
small_ctx512_train_step_fp32,operator_or_kernel,MeanBackward1,25,102.329,763.191,0.0,182.686,profile_001.csv
small_ctx512_train_step_fp32,operator_or_kernel,autograd::engine::evaluate_function: MeanBackward1,25,134.658,897.849,0.0,182.686,profile_001.csv
small_ctx512_train_step_fp32,operator_or_kernel,"void at::native::elementwise_kernel<128, 2, at::native::gpu_kernel_impl_nocast<at::native::BUnaryFunctor<float, float, float, at::native::binary_internal::MulFunctor<float> > >(at::TensorIteratorBase&, at::native::BUnaryFunctor<float, float, float, at::native::binary_internal::MulFunctor<float> > co",25,0.0,0.0,182.686,182.686,profile_001.csv
small_ctx512_train_step_fp32,operator_or_kernel,aten::cross_entropy_loss,1,3.837,49.683,0.0,176.959,profile_001.csv
small_ctx512_train_step_fp32,operator_or_kernel,"void at::native::elementwise_kernel<128, 2, at::native::gpu_kernel_impl_nocast<at::native::neg_kernel_cuda(at::TensorIteratorBase&)::{lambda()#2}::operator()() const::{lambda()#7}::operator()() const::{lambda(float)#1}>(at::TensorIteratorBase&, at::native::neg_kernel_cuda(at::TensorIteratorBase&)::{",24,0.0,0.0,169.278,169.278,profile_001.csv
small_ctx512_train_step_fp32,operator_or_kernel,aten::scatter_,12,159.925,249.069,165.758,165.758,profile_001.csv
small_ctx512_train_step_fp32,operator_or_kernel,"void at::native::_scatter_gather_elementwise_kernel<128, 8, at::native::_cuda_scatter_gather_internal_kernel<true, at::native::OpaqueType<4> >::operator()<at::native::TensorAssign>(at::TensorIterator&, long, long, long, at::native::TensorAssign const&)::{lambda(int)#1}>(int, at::native::_cuda_scatte",12,0.0,0.0,165.758,165.758,profile_001.csv
small_ctx512_train_step_fp32,operator_or_kernel,aten::mean,25,351.707,480.223,165.566,165.566,profile_001.csv
small_ctx512_train_step_fp32,operator_or_kernel,"void at::native::reduce_kernel<512, 1, at::native::ReduceOp<float, at::native::MeanOps<float, float, float, float>, unsigned int, float, 4, 4> >(at::native::ReduceOp<float, at::native::MeanOps<float, float, float, float>, unsigned int, float, 4, 4>)",25,0.0,0.0,165.566,165.566,profile_001.csv
small_ctx512_train_step_fp32,operator_or_kernel,LogSoftmaxBackward0,1,4.096,19.407,0.0,145.663,profile_001.csv
small_ctx512_train_step_fp32,operator_or_kernel,aten::_log_softmax_backward_data,1,9.883,15.311,145.663,145.663,profile_001.csv
small_ctx512_train_step_fp32,operator_or_kernel,autograd::engine::evaluate_function: LogSoftmaxBackward0,1,6.448,25.855,0.0,145.663,profile_001.csv
small_ctx512_train_step_fp32,operator_or_kernel,"void at::native::(anonymous namespace)::cunn_SoftMaxBackwardSmem<4, float, float, float, at::native::(anonymous namespace)::LogSoftMaxBackwardEpilogue>(float*, float const*, float const*, long)",1,0.0,0.0,145.663,145.663,profile_001.csv
small_ctx512_train_step_fp32,operator_or_kernel,UnsafeViewBackward0,48,85.359,596.132,0.0,127.488,profile_001.csv
small_ctx512_train_step_fp32,operator_or_kernel,autograd::engine::evaluate_function: UnsafeViewBackward0,48,219.23,815.362,0.0,127.488,profile_001.csv
small_ctx512_train_step_fp32,operator_or_kernel,RsqrtBackward0,25,180.354,1435.414,0.0,124.446,profile_001.csv
small_ctx512_train_step_fp32,operator_or_kernel,autograd::engine::evaluate_function: RsqrtBackward0,25,156.945,1592.359,0.0,124.446,profile_001.csv
small_ctx512_train_step_fp32,operator_or_kernel,"void at::native::(anonymous namespace)::CatArrayBatchedCopy_aligned16_contig<at::native::(anonymous namespace)::OpaqueType<4u>, unsigned int, 4, 128, 1>(at::native::(anonymous namespace)::OpaqueType<4u>*, at::native::(anonymous namespace)::CatArrInputTensorMetadata<at::native::(anonymous namespace):",12,0.0,0.0,117.375,117.375,profile_001.csv
small_ctx512_train_step_fp32,operator_or_kernel,aten::_log_softmax,1,11.949,18.261,108.512,108.512,profile_001.csv
small_ctx512_train_step_fp32,operator_or_kernel,aten::log_softmax,1,3.425,22.06,0.0,108.512,profile_001.csv
small_ctx512_train_step_fp32,operator_or_kernel,"void at::native::(anonymous namespace)::cunn_SoftMaxForwardSmem<4, float, float, float, at::native::(anonymous namespace)::LogSoftMaxForwardEpilogue, long>(float*, float const*, long)",1,0.0,0.0,108.512,108.512,profile_001.csv
small_ctx512_train_step_fp32,operator_or_kernel,NllLossBackward0,1,8.271,54.183,0.0,77.792,profile_001.csv
small_ctx512_train_step_fp32,operator_or_kernel,aten::nll_loss_backward,1,15.867,45.912,36.544,77.792,profile_001.csv
small_ctx512_train_step_fp32,operator_or_kernel,autograd::engine::evaluate_function: NllLossBackward0,1,17.477,71.66,0.0,77.792,profile_001.csv
small_ctx512_train_step_fp32,operator_or_kernel,aten::nll_loss,1,2.18,21.806,0.0,68.447,profile_001.csv
small_ctx512_train_step_fp32,operator_or_kernel,aten::nll_loss_forward,1,13.917,19.626,68.447,68.447,profile_001.csv
small_ctx512_train_step_fp32,operator_or_kernel,aten::nll_loss_nd,1,1.98,23.786,0.0,68.447,profile_001.csv
small_ctx512_train_step_fp32,operator_or_kernel,"void at::native::(anonymous namespace)::nll_loss_forward_reduce_cuda_kernel_2d<float, float, long>(float*, float*, float const*, long const*, float const*, bool, long, long, long, long)",1,0.0,0.0,68.447,68.447,profile_001.csv
small_ctx512_train_step_fp32,operator_or_kernel,SliceBackward0,1,2.932,43.822,0.0,52.992,profile_001.csv
small_ctx512_train_step_fp32,operator_or_kernel,aten::ge,12,131.198,194.715,52.992,52.992,profile_001.csv
small_ctx512_train_step_fp32,operator_or_kernel,aten::slice_backward,1,5.659,40.89,0.0,52.992,profile_001.csv
small_ctx512_train_step_fp32,operator_or_kernel,autograd::engine::evaluate_function: SliceBackward0,1,5.307,49.129,0.0,52.992,profile_001.csv
small_ctx512_train_step_fp32,operator_or_kernel,"void at::native::elementwise_kernel<128, 4, at::native::gpu_kernel_impl_nocast<at::native::(anonymous namespace)::CompareFunctor<long> >(at::TensorIteratorBase&, at::native::(anonymous namespace)::CompareFunctor<long> const&)::{lambda(int)#1}>(int, at::native::gpu_kernel_impl_nocast<at::native::(ano",12,0.0,0.0,52.992,52.992,profile_001.csv
small_ctx512_train_step_fp32,operator_or_kernel,IndexBackward0,1,6.228,146.952,0.0,49.792,profile_001.csv
small_ctx512_train_step_fp32,operator_or_kernel,autograd::engine::evaluate_function: IndexBackward0,1,5.779,152.731,0.0,49.792,profile_001.csv
small_ctx512_train_step_fp32,operator_or_kernel,aten::scalar_tensor,24,90.573,457.692,0.0,46.559,profile_001.csv
small_ctx512_train_step_fp32,operator_or_kernel,aten::arange,26,125.477,467.7,23.233,46.466,profile_001.csv
small_ctx512_train_step_fp32,operator_or_kernel,"void at::native::vectorized_elementwise_kernel<4, at::native::(anonymous namespace)::pow_tensor_scalar_kernel_impl<float, float>(at::TensorIteratorBase&, float)::{lambda(float)#2}, std::array<char*, 2ul> >(int, at::native::(anonymous namespace)::pow_tensor_scalar_kernel_impl<float, float>(at::Tensor",25,0.0,0.0,43.199,43.199,profile_001.csv
small_ctx512_train_step_fp32,operator_or_kernel,aten::rsqrt,25,247.914,357.425,40.768,40.768,profile_001.csv
small_ctx512_train_step_fp32,operator_or_kernel,"void at::native::vectorized_elementwise_kernel<4, at::native::rsqrt_kernel_cuda(at::TensorIteratorBase&)::{lambda()#2}::operator()() const::{lambda()#2}::operator()() const::{lambda(float)#1}, std::array<char*, 2ul> >(int, at::native::rsqrt_kernel_cuda(at::TensorIteratorBase&)::{lambda()#2}::operato",25,0.0,0.0,40.768,40.768,profile_001.csv
small_ctx512_train_step_fp32,operator_or_kernel,"void at::native::(anonymous namespace)::nll_loss_backward_reduce_cuda_kernel_2d<float, long>(float*, float const*, long const*, float const*, float const*, bool, int, int, long, long)",1,0.0,0.0,36.544,36.544,profile_001.csv
small_ctx512_train_step_fp32,operator_or_kernel,aten::_index_put_impl_,1,29.014,118.926,23.264,33.248,profile_001.csv
small_ctx512_train_step_fp32,operator_or_kernel,"void (anonymous namespace)::elementwise_kernel_with_index<int, at::native::arange_cuda_out(c10::Scalar const&, c10::Scalar const&, c10::Scalar const&, at::Tensor&)::{lambda()#1}::operator()() const::{lambda()#4}::operator()() const::{lambda(long)#1}>(int, at::native::arange_cuda_out(c10::Scalar cons",13,0.0,0.0,23.233,23.233,profile_001.csv
small_ctx512_train_step_fp32,operator_or_kernel,aten::index,1,28.746,47.379,19.264,19.264,profile_001.csv
small_ctx512_train_step_fp32,operator_or_kernel,"void at::native::index_elementwise_kernel<128, 4, at::native::gpu_index_kernel<at::native::index_kernel_impl<at::native::OpaqueType<4> >(at::TensorIteratorBase&, c10::ArrayRef<long>, c10::ArrayRef<long>)::{lambda(char*, char const*, long)#1}>(at::TensorIteratorBase&, c10::ArrayRef<long>, c10::ArrayR",1,0.0,0.0,19.264,19.264,profile_001.csv
small_ctx512_train_step_fp32,operator_or_kernel,aten::new_zeros,1,3.211,21.798,0.0,16.544,profile_001.csv
small_ctx512_train_step_fp32,operator_or_kernel,"void (anonymous namespace)::indexing_backward_kernel<float, 4>(long const*, long const*, float const*, float*, long, long, long, long, bool)",1,0.0,0.0,12.768,12.768,profile_001.csv
small_ctx512_train_step_fp32,operator_or_kernel,"void at_cuda_detail::cub::DeviceRadixSortSingleTileKernel<at_cuda_detail::cub::DeviceRadixSortPolicy<long, at::cuda::cub::detail::OpaqueType<8>, unsigned long long>::Policy900, false, long, at::cuda::cub::detail::OpaqueType<8>, unsigned long long, at_cuda_detail::cub::detail::identity_decomposer_t>(",1,0.0,0.0,10.496,10.496,profile_001.csv
small_ctx512_train_step_fp32,operator_or_kernel,aten::remainder,1,10.8,15.953,3.648,3.648,profile_001.csv
small_ctx512_train_step_fp32,operator_or_kernel,"void at::native::vectorized_elementwise_kernel<2, at::native::BUnaryFunctor<long, long, long, at::native::remainder_kernel_cuda(at::TensorIteratorBase&)::{lambda()#1}::operator()() const::{lambda()#4}::operator()() const::{lambda(long, long)#1}>, std::array<char*, 2ul> >(int, at::native::BUnaryFunct",1,0.0,0.0,3.648,3.648,profile_001.csv
small_ctx512_train_step_fp32,operator_or_kernel,aten::div_,1,8.587,13.721,2.624,2.624,profile_001.csv
small_ctx512_train_step_fp32,operator_or_kernel,aten::divide_,1,1.352,15.073,0.0,2.624,profile_001.csv
small_ctx512_train_step_fp32,operator_or_kernel,"void at::native::vectorized_elementwise_kernel<2, at::native::BUnaryFunctor<long, long, long, at::native::binary_internal::div_trunc_kernel_cuda(at::TensorIteratorBase&)::{lambda()#1}::operator()() const::{lambda()#4}::operator()() const::{lambda(long, long)#1}>, std::array<char*, 2ul> >(int, at::na",1,0.0,0.0,2.624,2.624,profile_001.csv
small_ctx512_train_step_fp32,operator_or_kernel,"void at::native::vectorized_elementwise_kernel<2, at::native::AUnaryFunctor<long, long, long, at::native::binary_internal::MulFunctor<long> >, std::array<char*, 2ul> >(int, at::native::AUnaryFunctor<long, long, long, at::native::binary_internal::MulFunctor<long> >, std::array<char*, 2ul>)",1,0.0,0.0,1.888,1.888,profile_001.csv
small_ctx512_train_step_fp32,operator_or_kernel,aten::ones_like,1,2.612,27.872,0.0,1.76,profile_001.csv
small_ctx512_train_step_fp32,operator_or_kernel,AddBackward0,73,57.701,57.701,0.0,0.0,profile_001.csv
small_ctx512_train_step_fp32,operator_or_kernel,CatBackward0,24,78.214,425.705,0.0,0.0,profile_001.csv
small_ctx512_train_step_fp32,operator_or_kernel,CloneBackward0,24,8.623,8.623,0.0,0.0,profile_001.csv
small_ctx512_train_step_fp32,operator_or_kernel,ExpandBackward0,48,24.453,24.453,0.0,0.0,profile_001.csv
small_ctx512_train_step_fp32,operator_or_kernel,Optimizer.zero_grad#AdamW.zero_grad,1,164.524,164.524,0.0,0.0,profile_001.csv
small_ctx512_train_step_fp32,operator_or_kernel,PermuteBackward0,497,827.265,2723.171,0.0,0.0,profile_001.csv
small_ctx512_train_step_fp32,operator_or_kernel,SumBackward1,12,27.113,92.767,0.0,0.0,profile_001.csv
small_ctx512_train_step_fp32,operator_or_kernel,TransposeBackward0,12,16.33,107.73,0.0,0.0,profile_001.csv
small_ctx512_train_step_fp32,operator_or_kernel,UnsqueezeBackward0,255,309.628,1222.482,0.0,0.0,profile_001.csv
small_ctx512_train_step_fp32,operator_or_kernel,aten::_has_compatible_shallow_copy_type,222,25.663,25.663,0.0,0.0,profile_001.csv
small_ctx512_train_step_fp32,operator_or_kernel,aten::_reshape_alias,121,307.293,307.293,0.0,0.0,profile_001.csv
small_ctx512_train_step_fp32,operator_or_kernel,aten::_unsafe_view,120,202.376,202.376,0.0,0.0,profile_001.csv
small_ctx512_train_step_fp32,operator_or_kernel,aten::as_strided,2062,1453.084,1453.084,0.0,0.0,profile_001.csv
small_ctx512_train_step_fp32,operator_or_kernel,aten::detach,27,32.432,99.288,0.0,0.0,profile_001.csv
small_ctx512_train_step_fp32,operator_or_kernel,aten::empty,173,829.823,829.823,0.0,0.0,profile_001.csv
small_ctx512_train_step_fp32,operator_or_kernel,aten::empty_like,321,628.863,2144.93,0.0,0.0,profile_001.csv
small_ctx512_train_step_fp32,operator_or_kernel,aten::empty_strided,308,1480.986,1480.986,0.0,0.0,profile_001.csv
small_ctx512_train_step_fp32,operator_or_kernel,aten::expand,85,342.142,433.754,0.0,0.0,profile_001.csv
small_ctx512_train_step_fp32,operator_or_kernel,aten::flatten,2,2.639,5.52,0.0,0.0,profile_001.csv
small_ctx512_train_step_fp32,operator_or_kernel,aten::narrow,48,143.411,347.491,0.0,0.0,profile_001.csv
small_ctx512_train_step_fp32,operator_or_kernel,aten::new_empty,1,1.687,6.635,0.0,0.0,profile_001.csv
small_ctx512_train_step_fp32,operator_or_kernel,aten::new_empty_strided,85,200.253,684.684,0.0,0.0,profile_001.csv
small_ctx512_train_step_fp32,operator_or_kernel,aten::permute,994,2913.723,3641.987,0.0,0.0,profile_001.csv
small_ctx512_train_step_fp32,operator_or_kernel,aten::resize_,38,141.207,141.207,0.0,0.0,profile_001.csv
small_ctx512_train_step_fp32,operator_or_kernel,aten::result_type,186,62.404,62.404,0.0,0.0,profile_001.csv
small_ctx512_train_step_fp32,operator_or_kernel,aten::select,96,195.504,247.791,0.0,0.0,profile_001.csv
small_ctx512_train_step_fp32,operator_or_kernel,aten::slice,98,328.086,389.834,0.0,0.0,profile_001.csv
small_ctx512_train_step_fp32,operator_or_kernel,aten::squeeze,255,745.987,912.854,0.0,0.0,profile_001.csv
small_ctx512_train_step_fp32,operator_or_kernel,aten::to,262,53.863,53.863,0.0,0.0,profile_001.csv
small_ctx512_train_step_fp32,operator_or_kernel,aten::transpose,242,827.078,1009.218,0.0,0.0,profile_001.csv
small_ctx512_train_step_fp32,operator_or_kernel,aten::unbind,48,166.362,414.153,0.0,0.0,profile_001.csv
small_ctx512_train_step_fp32,operator_or_kernel,aten::unsqueeze,267,830.421,977.134,0.0,0.0,profile_001.csv
small_ctx512_train_step_fp32,operator_or_kernel,aten::view,805,1442.212,1442.212,0.0,0.0,profile_001.csv
small_ctx512_train_step_fp32,operator_or_kernel,autograd::engine::evaluate_function: AddBackward0,73,342.998,400.699,0.0,0.0,profile_001.csv
small_ctx512_train_step_fp32,operator_or_kernel,autograd::engine::evaluate_function: CatBackward0,24,118.656,544.361,0.0,0.0,profile_001.csv
small_ctx512_train_step_fp32,operator_or_kernel,autograd::engine::evaluate_function: CloneBackward0,24,98.749,107.372,0.0,0.0,profile_001.csv
small_ctx512_train_step_fp32,operator_or_kernel,autograd::engine::evaluate_function: ExpandBackward0,48,204.075,228.528,0.0,0.0,profile_001.csv
small_ctx512_train_step_fp32,operator_or_kernel,autograd::engine::evaluate_function: PermuteBackward0,497,2160.277,4883.448,0.0,0.0,profile_001.csv
small_ctx512_train_step_fp32,operator_or_kernel,autograd::engine::evaluate_function: TransposeBackward0,12,57.341,165.071,0.0,0.0,profile_001.csv
small_ctx512_train_step_fp32,operator_or_kernel,cuLaunchKernel,1,6.498,6.498,0.0,0.0,profile_001.csv
small_ctx512_train_step_fp32,operator_or_kernel,cudaDeviceGetAttribute,1,0.687,0.687,0.0,0.0,profile_001.csv
small_ctx512_train_step_fp32,operator_or_kernel,cudaDeviceSynchronize,3,221.14,221.14,0.0,0.0,profile_001.csv
small_ctx512_train_step_fp32,operator_or_kernel,cudaMemcpyAsync,26,323.608,323.608,0.0,0.0,profile_001.csv
small_ctx512_train_step_fp32,operator_or_kernel,cudaMemsetAsync,121,676.015,676.015,0.0,0.0,profile_001.csv
small_ctx512_train_step_fp32,operator_or_kernel,cudaOccupancyMaxActiveBlocksPerMultiprocessor,217,234.435,234.435,0.0,0.0,profile_001.csv
small_ctx512_train_step_fp32,operator_or_kernel,cudaPeekAtLastError,2,0.278,0.278,0.0,0.0,profile_001.csv
small_ctx512_train_step_fp32,operator_or_kernel,detach,27,66.856,66.856,0.0,0.0,profile_001.csv
small_ctx512_train_step_fp32,optimizer,optimizer,2,62.288,59082.348,0.0,11763.243,profile_001.csv
small_ctx512_train_step_fp32,profile/measure,profile/measure,1,910.584,146428.754,0.0,54274.285,profile_001.csv
