model,batch_size,context,mode,warmup,steps,dtype,raw_timings_ms,mean_ms,sample_std_ms,cv,peak_allocated_mib
small,4,512,forward,5,10,fp32,"[26.04958415031433, 26.010960340499878, 25.923989713191986, 26.457197964191437, 26.280824095010757, 25.39745718240738, 25.46072006225586, 25.490134954452515, 25.460626929998398, 25.363728404045105]",25.789522379636765,0.40316085295621795,0.015632738250110096,772.9443359375
small,4,512,forward_backward,5,10,fp32,"[73.44643771648407, 72.48098775744438, 72.45206460356712, 72.46005907654762, 72.70606979727745, 73.29348474740982, 73.55848327279091, 73.64566251635551, 74.67775046825409, 74.61527362465858]",73.33362735807896,0.8348416369993867,0.011384158496932917,4743.94140625
small,4,512,train_step,5,10,fp32,"[82.4446901679039, 82.81413465738297, 82.62307941913605, 82.78432860970497, 82.55288004875183, 83.15524458885193, 82.7689953148365, 82.618597894907, 83.53425189852715, 82.70123973488808]",82.79974423348904,0.3211100777803388,0.0038781530154831465,5739.712890625
small,4,512,train_step,0,10,fp32,"[841.3433469831944, 88.21587637066841, 83.64766463637352, 83.98998528718948, 83.56019482016563, 83.48016813397408, 83.36353302001953, 83.38021859526634, 83.45961943268776, 83.42405408620834]",159.78646613657475,239.47925801550363,1.4987455684188724,5739.712890625
