{
  "ablation": {
    "no_rmsnorm": true
  },
  "batch_size": 128,
  "best_val_loss": 1.7357186079025269,
  "context_length": 256,
  "final_train_loss": 1.7196515798568726,
  "final_val_loss": 1.7474197149276733,
  "max_cuda_memory_bytes": 10531291648,
  "model": {
    "context_length": 256,
    "d_ff": 1344,
    "d_model": 512,
    "num_heads": 16,
    "num_layers": 4,
    "rope_theta": 10000.0,
    "vocab_size": 10000
  },
  "parameter_count": 22691840,
  "processed_tokens": 49152000,
  "run_name": "ablation_no_rmsnorm",
  "steps": 1500,
  "tokens_per_sec": 177925.28459680406,
  "total_training_sec": 276.25078757852316
}