{
  "compression_ratio_bytes_per_token": 4.367437139421626,
  "elapsed_sec": 3132.708027612418,
  "input_bytes": 11920511059,
  "throughput_bytes_per_sec": 3805177.805888656,
  "token_count": 2729406441
}