{
  "compression_ratio_bytes_per_token": 4.11939059666513,
  "elapsed_sec": 519.0541527941823,
  "input_bytes": 2227753162,
  "throughput_bytes_per_sec": 4291947.4779413985,
  "token_count": 540796778
}