calls,context_length,cpu_total_us,cuda_total_us,dtype,error,mode,model_size,op_or_kernel,peak_allocated_mib,peak_reserved_mib,stage,status,tool,trace_name
1,256,99837.477,21714.046000000053,fp32,,train_step,small,ProfilerStep*,3122.873046875,3312.0,,ok,torch.profiler,small_c256
1,256,90728.965,21714.046000000053,fp32,,train_step,small,profile/measure/train_step/0,3122.873046875,3312.0,,ok,torch.profiler,small_c256
1,256,190.78300000000002,0,fp32,,train_step,small,Optimizer.zero_grad#AdamW.zero_grad,3122.873046875,3312.0,optimizer,ok,torch.profiler,small_c256
1,256,33217.975,10475.99400000004,fp32,,train_step,small,forward,3122.873046875,3312.0,forward,ok,torch.profiler,small_c256
1,256,1749.303,0,fp32,,train_step,small,Unrecognized,3122.873046875,3312.0,,ok,torch.profiler,small_c256
1,256,116.45200000000023,5.791999999999916,fp32,,train_step,small,aten::index,3122.873046875,3312.0,,ok,torch.profiler,small_c256
2015,256,1537.9789999999357,0,fp32,,train_step,small,aten::as_strided,3122.873046875,3312.0,,ok,torch.profiler,small_c256
800,256,5481.918999999978,404.1560000000027,fp32,,train_step,small,aten::reshape,3122.873046875,3312.0,,ok,torch.profiler,small_c256
802,256,1503.029000000061,0,fp32,,train_step,small,aten::view,3122.873046875,3312.0,,ok,torch.profiler,small_c256
1903,256,10667.93100000008,0,fp32,,train_step,small,cudaLaunchKernel,3122.873046875,3312.0,,ok,torch.profiler,small_c256
1,256,0,31657.543,fp32,,train_step,small,forward,3122.873046875,3312.0,forward,ok,torch.profiler,small_c256
1,256,0,5.791999999999916,fp32,,train_step,small,"void at::native::vectorized_gather_kernel<16, long>(char*, char*, long*, int, long, long, long, long, bool)",3122.873046875,3312.0,,ok,torch.profiler,small_c256
154,256,63.21799999994391,0,fp32,,train_step,small,aten::to,3122.873046875,3312.0,,ok,torch.profiler,small_c256
77,256,1728.7130000000489,278.87399999994113,fp32,,train_step,small,aten::pow,3122.873046875,3312.0,,ok,torch.profiler,small_c256
77,256,38.13999999996622,0,fp32,,train_step,small,aten::result_type,3122.873046875,3312.0,,ok,torch.profiler,small_c256
26,256,0,117.95000000000755,fp32,,train_step,small,"void at::native::vectorized_elementwise_kernel<4, at::native::(anonymous namespace)::pow_tensor_scalar_kernel_impl<float, float>(at::TensorIteratorBase&, float)::{lambda(float)#1}, std::array<char*, 2ul> >(int, at::native::(anonymous namespace)::pow_tensor_scalar_kernel_impl<float, float>(at::TensorIteratorBase&, float)::{lambda(float)#1}, std::array<char*, 2ul>)",3122.873046875,3312.0,,ok,torch.profiler,small_c256
26,256,566.452000000002,90.97599999999647,fp32,,train_step,small,aten::mean,3122.873046875,3312.0,,ok,torch.profiler,small_c256
26,256,0,90.62399999999025,fp32,,train_step,small,"void at::native::reduce_kernel<512, 1, at::native::ReduceOp<float, at::native::MeanOps<float, float, float, float>, unsigned int, float, 4, 4> >(at::native::ReduceOp<float, at::native::MeanOps<float, float, float, float>, unsigned int, float, 4, 4>)",3122.873046875,3312.0,,ok,torch.profiler,small_c256
97,256,1573.9540000000188,359.36500000002707,fp32,,train_step,small,aten::add,3122.873046875,3312.0,,ok,torch.profiler,small_c256
25,256,0,26.594000000004144,fp32,,train_step,small,"void at::native::vectorized_elementwise_kernel<4, at::native::CUDAFunctorOnSelf_add<float>, std::array<char*, 2ul> >(int, at::native::CUDAFunctorOnSelf_add<float>, std::array<char*, 2ul>)",3122.873046875,3312.0,,ok,torch.profiler,small_c256
25,256,388.00499999998874,27.358999999994012,fp32,,train_step,small,aten::rsqrt,3122.873046875,3312.0,,ok,torch.profiler,small_c256
25,256,0,27.358999999994012,fp32,,train_step,small,"void at::native::vectorized_elementwise_kernel<4, at::native::rsqrt_kernel_cuda(at::TensorIteratorBase&)::{lambda()#2}::operator()() const::{lambda()#2}::operator()() const::{lambda(float)#1}, std::array<char*, 2ul> >(int, at::native::rsqrt_kernel_cuda(at::TensorIteratorBase&)::{lambda()#2}::operator()() const::{lambda()#2}::operator()() const::{lambda(float)#1}, std::array<char*, 2ul>)",3122.873046875,3312.0,,ok,torch.profiler,small_c256
541,256,7815.596000000024,3406.3680000000472,fp32,,train_step,small,aten::mul,3122.873046875,3312.0,,ok,torch.profiler,small_c256
292,256,0,1029.314000000068,fp32,,train_step,small,"void at::native::elementwise_kernel<128, 2, at::native::gpu_kernel_impl_nocast<at::native::BinaryFunctor<float, float, float, at::native::binary_internal::MulFunctor<float> > >(at::TensorIteratorBase&, at::native::BinaryFunctor<float, float, float, at::native::binary_internal::MulFunctor<float> > const&)::{lambda(int)#1}>(int, at::native::gpu_kernel_impl_nocast<at::native::BinaryFunctor<float, float, float, at::native::binary_internal::MulFunctor<float> > >(at::TensorIteratorBase&, at::native::BinaryFunctor<float, float, float, at::native::binary_internal::MulFunctor<float> > const&)::{lambda(int)#1})",3122.873046875,3312.0,,ok,torch.profiler,small_c256
85,256,8644.687,7431.48800000001,fp32,,train_step,small,aten::einsum,3122.873046875,3312.0,,ok,torch.profiler,small_c256
267,256,1079.7589999999736,0,fp32,,train_step,small,aten::unsqueeze,3122.873046875,3312.0,,ok,torch.profiler,small_c256
994,256,3745.799000000149,0,fp32,,train_step,small,aten::permute,3122.873046875,3312.0,,ok,torch.profiler,small_c256
121,256,335.05699999999433,0,fp32,,train_step,small,aten::_reshape_alias,3122.873046875,3312.0,,ok,torch.profiler,small_c256
327,256,9744.265000000087,22907.22899999996,fp32,,train_step,small,aten::bmm,3122.873046875,3312.0,,ok,torch.profiler,small_c256
208,256,1062.7170000000442,0,fp32,,train_step,small,cudaMemsetAsync,3122.873046875,3312.0,,ok,torch.profiler,small_c256
208,256,0,80.63700000002336,fp32,,train_step,small,Memset (Device),3122.873046875,3312.0,,ok,torch.profiler,small_c256
85,256,0,7313.794,fp32,,train_step,small,ampere_sgemm_128x64_tn,3122.873046875,3312.0,,ok,torch.profiler,small_c256
48,256,514.8840000000059,0,fp32,,train_step,small,aten::unbind,3122.873046875,3312.0,,ok,torch.profiler,small_c256
96,256,320.17499999998654,0,fp32,,train_step,small,aten::select,3122.873046875,3312.0,,ok,torch.profiler,small_c256
24,256,47.425000000005184,0,fp32,,train_step,small,aten::alias,3122.873046875,3312.0,,ok,torch.profiler,small_c256
36,256,585.7079999999901,146.84600000001456,fp32,,train_step,small,aten::sub,3122.873046875,3312.0,,ok,torch.profiler,small_c256
229,256,0,938.7520000000322,fp32,,train_step,small,"void at::native::vectorized_elementwise_kernel<4, at::native::CUDAFunctor_add<float>, std::array<char*, 3ul> >(int, at::native::CUDAFunctor_add<float>, std::array<char*, 3ul>)",3122.873046875,3312.0,,ok,torch.profiler,small_c256
24,256,517.0779999999959,124.86000000000149,fp32,,train_step,small,aten::concat,3122.873046875,3312.0,,ok,torch.profiler,small_c256
48,256,857.7160000000113,232.38200000000597,fp32,,train_step,small,aten::cat,3122.873046875,3312.0,,ok,torch.profiler,small_c256
36,256,0,196.66900000000987,fp32,,train_step,small,"void at::native::(anonymous namespace)::CatArrayBatchedCopy<at::native::(anonymous namespace)::OpaqueType<4u>, unsigned int, 4, 64, 64>(at::native::(anonymous namespace)::OpaqueType<4u>*, at::native::(anonymous namespace)::CatArrInputTensorMetadata<at::native::(anonymous namespace)::OpaqueType<4u>, unsigned int, 64, 64>, at::native::(anonymous namespace)::TensorSizeStride<unsigned int, 4u>, int, unsigned int)",3122.873046875,3312.0,,ok,torch.profiler,small_c256
26,256,499.08799999999064,24.125999999982014,fp32,,train_step,small,aten::arange,3122.873046875,3312.0,,ok,torch.profiler,small_c256
173,256,824.4120000000407,0,fp32,,train_step,small,aten::empty,3122.873046875,3312.0,,ok,torch.profiler,small_c256
37,256,131.27499999999964,0,fp32,,train_step,small,aten::resize_,3122.873046875,3312.0,,ok,torch.profiler,small_c256
13,256,0,12.062999999991007,fp32,,train_step,small,"void (anonymous namespace)::elementwise_kernel_with_index<int, at::native::arange_cuda_out(c10::Scalar const&, c10::Scalar const&, c10::Scalar const&, at::Tensor&)::{lambda()#1}::operator()() const::{lambda()#4}::operator()() const::{lambda(long)#1}>(int, at::native::arange_cuda_out(c10::Scalar const&, c10::Scalar const&, c10::Scalar const&, at::Tensor&)::{lambda()#1}::operator()() const::{lambda()#4}::operator()() const::{lambda(long)#1}, function_traits<at::native::arange_cuda_out(c10::Scalar const&, c10::Scalar const&, c10::Scalar const&, at::Tensor&)::{lambda()#1}::operator()() const::{lambda()#4}::operator()() const::{lambda(long)#1}>::result_type*)",3122.873046875,3312.0,,ok,torch.profiler,small_c256
12,256,214.9409999999989,26.07999999999629,fp32,,train_step,small,aten::ge,3122.873046875,3312.0,,ok,torch.profiler,small_c256
12,256,0,26.07999999999629,fp32,,train_step,small,"void at::native::elementwise_kernel<128, 4, at::native::gpu_kernel_impl_nocast<at::native::(anonymous namespace)::CompareFunctor<long> >(at::TensorIteratorBase&, at::native::(anonymous namespace)::CompareFunctor<long> const&)::{lambda(int)#1}>(int, at::native::gpu_kernel_impl_nocast<at::native::(anonymous namespace)::CompareFunctor<long> >(at::TensorIteratorBase&, at::native::(anonymous namespace)::CompareFunctor<long> const&)::{lambda(int)#1})",3122.873046875,3312.0,,ok,torch.profiler,small_c256
12,256,1864.674000000001,355.0359999999987,fp32,,train_step,small,attention/scores,3122.873046875,3312.0,attention/scores,ok,torch.profiler,small_c256
242,256,997.00699999993,0,fp32,,train_step,small,aten::transpose,3122.873046875,3312.0,,ok,torch.profiler,small_c256
24,256,2107.495999999998,570.6210000000087,fp32,,train_step,small,aten::matmul,3122.873046875,3312.0,,ok,torch.profiler,small_c256
87,256,520.6319999999914,0,fp32,,train_step,small,aten::expand,3122.873046875,3312.0,,ok,torch.profiler,small_c256
12,256,0,641.7269999999976,fp32,,train_step,small,attention/scores,3122.873046875,3312.0,attention/scores,ok,torch.profiler,small_c256
24,256,0,403.83799999998564,fp32,,train_step,small,ampere_sgemm_128x128_tn,3122.873046875,3312.0,,ok,torch.profiler,small_c256
120,256,213.1329999999848,0,fp32,,train_step,small,aten::_unsafe_view,3122.873046875,3312.0,,ok,torch.profiler,small_c256
98,256,1683.145000000085,944.6369999999497,fp32,,train_step,small,aten::div,3122.873046875,3312.0,,ok,torch.profiler,small_c256
24,256,0,251.48499999998785,fp32,,train_step,small,"void at::native::vectorized_elementwise_kernel<4, at::native::BUnaryFunctor<float, float, float, at::native::binary_internal::MulFunctor<float> >, std::array<char*, 2ul> >(int, at::native::BUnaryFunctor<float, float, float, at::native::binary_internal::MulFunctor<float> >, std::array<char*, 2ul>)",3122.873046875,3312.0,,ok,torch.profiler,small_c256
12,256,1087.9210000000053,122.30399999999645,fp32,,train_step,small,attention/mask,3122.873046875,3312.0,,ok,torch.profiler,small_c256
48,256,1882.7019999999734,457.2799999999902,fp32,,train_step,small,aten::where,3122.873046875,3312.0,,ok,torch.profiler,small_c256
24,256,509.592999999998,21.890000000008058,fp32,,train_step,small,aten::scalar_tensor,3122.873046875,3312.0,,ok,torch.profiler,small_c256
38,256,434.9139999999875,109.34600000001365,fp32,,train_step,small,aten::fill_,3122.873046875,3312.0,,ok,torch.profiler,small_c256
12,256,0,482.5279999999925,fp32,,train_step,small,attention/mask,3122.873046875,3312.0,,ok,torch.profiler,small_c256
38,256,0,109.34600000001365,fp32,,train_step,small,"void at::native::vectorized_elementwise_kernel<4, at::native::FillFunctor<float>, std::array<char*, 1ul> >(int, at::native::FillFunctor<float>, std::array<char*, 1ul>)",3122.873046875,3312.0,,ok,torch.profiler,small_c256
24,256,0,217.69499999999107,fp32,,train_step,small,"void at::native::elementwise_kernel<128, 2, at::native::gpu_kernel_impl_nocast<at::native::(anonymous namespace)::where_kernel_impl(at::TensorIterator&)::{lambda()#1}::operator()() const::{lambda()#11}::operator()() const::{lambda(bool, float, float)#1}>(at::TensorIteratorBase&, at::native::(anonymous namespace)::where_kernel_impl(at::TensorIterator&)::{lambda()#1}::operator()() const::{lambda()#11}::operator()() const::{lambda(bool, float, float)#1} const&)::{lambda(int)#1}>(int, at::native::gpu_kernel_impl_nocast<at::native::(anonymous namespace)::where_kernel_impl(at::TensorIterator&)::{lambda()#1}::operator()() const::{lambda()#11}::operator()() const::{lambda(bool, float, float)#1}>(at::TensorIteratorBase&, at::native::(anonymous namespace)::where_kernel_impl(at::TensorIterator&)::{lambda()#1}::operator()() const::{lambda()#11}::operator()() const::{lambda(bool, float, float)#1} const&)::{lambda(int)#1})",3122.873046875,3312.0,,ok,torch.profiler,small_c256
12,256,1815.1119999999955,496.3819999999896,fp32,,train_step,small,attention/softmax,3122.873046875,3312.0,attention/softmax,ok,torch.profiler,small_c256
12,256,380.7079999999942,112.00099999999475,fp32,,train_step,small,aten::max,3122.873046875,3312.0,,ok,torch.profiler,small_c256
12,256,0,1223.038999999997,fp32,,train_step,small,attention/softmax,3122.873046875,3312.0,attention/softmax,ok,torch.profiler,small_c256
12,256,0,112.00099999999475,fp32,,train_step,small,"void at::native::reduce_kernel<512, 1, at::native::ReduceOp<float, at::native::MaxOps<float>, unsigned int, float, 4, 4> >(at::native::ReduceOp<float, at::native::MaxOps<float>, unsigned int, float, 4, 4>)",3122.873046875,3312.0,,ok,torch.profiler,small_c256
24,256,0,192.31999999999243,fp32,,train_step,small,"void at::native::elementwise_kernel<128, 2, at::native::gpu_kernel_impl_nocast<at::native::CUDAFunctor_add<float> >(at::TensorIteratorBase&, at::native::CUDAFunctor_add<float> const&)::{lambda(int)#1}>(int, at::native::gpu_kernel_impl_nocast<at::native::CUDAFunctor_add<float> >(at::TensorIteratorBase&, at::native::CUDAFunctor_add<float> const&)::{lambda(int)#1})",3122.873046875,3312.0,,ok,torch.profiler,small_c256
12,256,188.07100000000173,96.89599999999882,fp32,,train_step,small,aten::exp,3122.873046875,3312.0,,ok,torch.profiler,small_c256
12,256,0,96.89599999999882,fp32,,train_step,small,"void at::native::vectorized_elementwise_kernel<4, at::native::exp_kernel_cuda(at::TensorIteratorBase&)::{lambda()#2}::operator()() const::{lambda()#2}::operator()() const::{lambda(float)#1}, std::array<char*, 2ul> >(int, at::native::exp_kernel_cuda(at::TensorIteratorBase&)::{lambda()#2}::operator()() const::{lambda()#2}::operator()() const::{lambda(float)#1}, std::array<char*, 2ul>)",3122.873046875,3312.0,,ok,torch.profiler,small_c256
86,256,1661.2070000000012,451.1029999999655,fp32,,train_step,small,aten::sum,3122.873046875,3312.0,,ok,torch.profiler,small_c256
61,256,0,291.1999999999598,fp32,,train_step,small,"void at::native::reduce_kernel<512, 1, at::native::ReduceOp<float, at::native::func_wrapper_t<float, at::native::sum_functor<float, float, float>::operator()(at::TensorIterator&)::{lambda(float, float)#1}>, unsigned int, float, 4, 4> >(at::native::ReduceOp<float, at::native::func_wrapper_t<float, at::native::sum_functor<float, float, float>::operator()(at::TensorIterator&)::{lambda(float, float)#1}>, unsigned int, float, 4, 4>)",3122.873046875,3312.0,,ok,torch.profiler,small_c256
48,256,0,600.0639999999657,fp32,,train_step,small,"void at::native::elementwise_kernel<128, 2, at::native::gpu_kernel_impl_nocast<at::native::BinaryFunctor<float, float, float, at::native::binary_internal::DivFunctor<float> > >(at::TensorIteratorBase&, at::native::BinaryFunctor<float, float, float, at::native::binary_internal::DivFunctor<float> > const&)::{lambda(int)#1}>(int, at::native::gpu_kernel_impl_nocast<at::native::BinaryFunctor<float, float, float, at::native::binary_internal::DivFunctor<float> > >(at::TensorIteratorBase&, at::native::BinaryFunctor<float, float, float, at::native::binary_internal::DivFunctor<float> > const&)::{lambda(int)#1})",3122.873046875,3312.0,,ok,torch.profiler,small_c256
12,256,1609.111000000009,380.54400000000714,fp32,,train_step,small,attention/value,3122.873046875,3312.0,attention/value,ok,torch.profiler,small_c256
96,256,2280.1810000000905,404.1560000000027,fp32,,train_step,small,aten::clone,3122.873046875,3312.0,,ok,torch.profiler,small_c256
99,256,677.9599999999591,0,fp32,,train_step,small,aten::empty_like,3122.873046875,3312.0,,ok,torch.profiler,small_c256
207,256,3217.8009999999895,2305.6859999999942,fp32,,train_step,small,aten::copy_,3122.873046875,3312.0,,ok,torch.profiler,small_c256
12,256,0,738.3370000000023,fp32,,train_step,small,attention/value,3122.873046875,3312.0,attention/value,ok,torch.profiler,small_c256
181,256,0,2170.229999999996,fp32,,train_step,small,"void at::native::elementwise_kernel<128, 2, at::native::gpu_kernel_impl_nocast<at::native::direct_copy_kernel_cuda(at::TensorIteratorBase&)::{lambda()#3}::operator()() const::{lambda()#7}::operator()() const::{lambda(float)#1}>(at::TensorIteratorBase&, at::native::direct_copy_kernel_cuda(at::TensorIteratorBase&)::{lambda()#3}::operator()() const::{lambda()#7}::operator()() const::{lambda(float)#1} const&)::{lambda(int)#1}>(int, at::native::gpu_kernel_impl_nocast<at::native::direct_copy_kernel_cuda(at::TensorIteratorBase&)::{lambda()#3}::operator()() const::{lambda()#7}::operator()() const::{lambda(float)#1}>(at::TensorIteratorBase&, at::native::direct_copy_kernel_cuda(at::TensorIteratorBase&)::{lambda()#3}::operator()() const::{lambda()#7}::operator()() const::{lambda(float)#1} const&)::{lambda(int)#1})",3122.873046875,3312.0,,ok,torch.profiler,small_c256
24,256,0,596.7999999999893,fp32,,train_step,small,ampere_sgemm_128x128_nn,3122.873046875,3312.0,,ok,torch.profiler,small_c256
73,256,100.78200000001107,0,fp32,,train_step,small,cudaOccupancyMaxActiveBlocksPerMultiprocessor,3122.873046875,3312.0,,ok,torch.profiler,small_c256
12,256,265.8479999999954,188.64100000000053,fp32,,train_step,small,aten::sigmoid,3122.873046875,3312.0,,ok,torch.profiler,small_c256
12,256,0,188.64100000000053,fp32,,train_step,small,"void at::native::vectorized_elementwise_kernel<4, at::native::sigmoid_kernel_cuda(at::TensorIteratorBase&)::{lambda()#2}::operator()() const::{lambda()#2}::operator()() const::{lambda(float)#1}, std::array<char*, 2ul> >(int, at::native::sigmoid_kernel_cuda(at::TensorIteratorBase&)::{lambda()#2}::operator()() const::{lambda()#2}::operator()() const::{lambda(float)#1}, std::array<char*, 2ul>)",3122.873046875,3312.0,,ok,torch.profiler,small_c256
197,256,0,2238.559999999995,fp32,,train_step,small,"void at::native::vectorized_elementwise_kernel<4, at::native::BinaryFunctor<float, float, float, at::native::binary_internal::MulFunctor<float> >, std::array<char*, 3ul> >(int, at::native::BinaryFunctor<float, float, float, at::native::binary_internal::MulFunctor<float> >, std::array<char*, 3ul>)",3122.873046875,3312.0,,ok,torch.profiler,small_c256
36,256,0,258.52500000003147,fp32,,train_step,small,"void cublasLt::splitKreduce_kernel<32, 16, int, float, float, float, false, float, float, float, true, false, false>(cublasLt::cublasSplitKParams<float>, float const*, float const*, float*, float*, float const*, float const*, float const*, float const*, float*, void*, long, float*, int*, float*, float const*, float const*, float const*, float const*)",3122.873046875,3312.0,,ok,torch.profiler,small_c256
1,256,110.07999999999447,63.36000000000786,fp32,,train_step,small,loss,3122.873046875,3312.0,,ok,torch.profiler,small_c256
1,256,36.53199999999924,50.59200000000419,fp32,,train_step,small,aten::square,3122.873046875,3312.0,,ok,torch.profiler,small_c256
1,256,54148.078,1.1519999999945867,fp32,,train_step,small,backward,3122.873046875,3312.0,backward,ok,torch.profiler,small_c256
1,256,36.6140000000014,1.1519999999945867,fp32,,train_step,small,aten::ones_like,3122.873046875,3312.0,,ok,torch.profiler,small_c256
197,256,863.3259999999354,0,fp32,,train_step,small,aten::empty_strided,3122.873046875,3312.0,,ok,torch.profiler,small_c256
1,256,0,65.27999999999884,fp32,,train_step,small,loss,3122.873046875,3312.0,,ok,torch.profiler,small_c256
1,256,0,1.1519999999945867,fp32,,train_step,small,backward,3122.873046875,3312.0,backward,ok,torch.profiler,small_c256
1,256,105.98099999999977,20.608000000000175,fp32,,train_step,small,autograd::engine::evaluate_function: MeanBackward0,3122.873046875,3312.0,backward,ok,torch.profiler,small_c256
1,256,76.87099999999919,20.608000000000175,fp32,,train_step,small,MeanBackward0,3122.873046875,3312.0,backward,ok,torch.profiler,small_c256
26,256,0,93.0879999999961,fp32,,train_step,small,"void at::native::elementwise_kernel<128, 2, at::native::gpu_kernel_impl_nocast<at::native::BUnaryFunctor<float, float, float, at::native::binary_internal::MulFunctor<float> > >(at::TensorIteratorBase&, at::native::BUnaryFunctor<float, float, float, at::native::binary_internal::MulFunctor<float> > const&)::{lambda(int)#1}>(int, at::native::gpu_kernel_impl_nocast<at::native::BUnaryFunctor<float, float, float, at::native::binary_internal::MulFunctor<float> > >(at::TensorIteratorBase&, at::native::BUnaryFunctor<float, float, float, at::native::binary_internal::MulFunctor<float> > const&)::{lambda(int)#1})",3122.873046875,3312.0,,ok,torch.profiler,small_c256
26,256,2072.777000000002,509.27600000001985,fp32,,train_step,small,autograd::engine::evaluate_function: PowBackward0,3122.873046875,3312.0,backward,ok,torch.profiler,small_c256
26,256,1525.855999999978,430.84500000003027,fp32,,train_step,small,PowBackward0,3122.873046875,3312.0,backward,ok,torch.profiler,small_c256
26,256,302.1849999999904,0,fp32,,train_step,small,cudaMemcpyAsync,3122.873046875,3312.0,,ok,torch.profiler,small_c256
26,256,0,135.4559999999983,fp32,,train_step,small,Memcpy DtoD (Device -> Device),3122.873046875,3312.0,,ok,torch.profiler,small_c256
315,256,3470.0030000001134,155.16699999997945,fp32,,train_step,small,autograd::engine::evaluate_function: ViewBackward0,3122.873046875,3312.0,backward,ok,torch.profiler,small_c256
315,256,2196.314999999995,155.16699999997945,fp32,,train_step,small,ViewBackward0,3122.873046875,3312.0,backward,ok,torch.profiler,small_c256
51,256,0,137.34199999998236,fp32,,train_step,small,"void at::native::vectorized_elementwise_kernel<4, at::native::AUnaryFunctor<float, float, float, at::native::binary_internal::MulFunctor<float> >, std::array<char*, 2ul> >(int, at::native::AUnaryFunctor<float, float, float, at::native::binary_internal::MulFunctor<float> >, std::array<char*, 2ul>)",3122.873046875,3312.0,,ok,torch.profiler,small_c256
497,256,4575.023999999983,0,fp32,,train_step,small,autograd::engine::evaluate_function: PermuteBackward0,3122.873046875,3312.0,backward,ok,torch.profiler,small_c256
497,256,2574.0110000001077,0,fp32,,train_step,small,PermuteBackward0,3122.873046875,3312.0,backward,ok,torch.profiler,small_c256
109,256,8298.07800000003,14993.279999999948,fp32,,train_step,small,autograd::engine::evaluate_function: BmmBackward0,3122.873046875,3312.0,backward,ok,torch.profiler,small_c256
109,256,7366.64899999999,14993.279999999948,fp32,,train_step,small,BmmBackward0,3122.873046875,3312.0,backward,ok,torch.profiler,small_c256
50,256,27.36500000000524,0,fp32,,train_step,small,cudaDeviceGetAttribute,3122.873046875,3312.0,,ok,torch.profiler,small_c256
50,256,291.3810000000158,0,fp32,,train_step,small,cuLaunchKernel,3122.873046875,3312.0,,ok,torch.profiler,small_c256
121,256,1746.6880000000601,76.70199999999022,fp32,,train_step,small,autograd::engine::evaluate_function: ReshapeAliasBackward0,3122.873046875,3312.0,backward,ok,torch.profiler,small_c256
121,256,1163.7289999999557,76.70199999999022,fp32,,train_step,small,ReshapeAliasBackward0,3122.873046875,3312.0,backward,ok,torch.profiler,small_c256
37,256,0,4993.505000000019,fp32,,train_step,small,void cutlass::Kernel2<cutlass_80_simt_sgemm_128x256_8x4_nt_align1>(cutlass_80_simt_sgemm_128x256_8x4_nt_align1::Params),3122.873046875,3312.0,,ok,torch.profiler,small_c256
255,256,2785.3020000000106,160.89600000000064,fp32,,train_step,small,autograd::engine::evaluate_function: UnsqueezeBackward0,3122.873046875,3312.0,backward,ok,torch.profiler,small_c256
255,256,1100.713999999949,0,fp32,,train_step,small,UnsqueezeBackward0,3122.873046875,3312.0,backward,ok,torch.profiler,small_c256
255,256,841.1940000000322,0,fp32,,train_step,small,aten::squeeze,3122.873046875,3312.0,,ok,torch.profiler,small_c256
111,256,3144.8910000000687,1766.0739999999932,fp32,,train_step,small,autograd::engine::evaluate_function: torch::autograd::AccumulateGrad,3122.873046875,3312.0,,ok,torch.profiler,small_c256
111,256,2749.8339999999225,1766.0739999999932,fp32,,train_step,small,torch::autograd::AccumulateGrad,3122.873046875,3312.0,,ok,torch.profiler,small_c256
85,256,651.6530000000057,0,fp32,,train_step,small,aten::new_empty_strided,3122.873046875,3312.0,,ok,torch.profiler,small_c256
170,256,7069.749999999993,2395.456000000071,fp32,,train_step,small,autograd::engine::evaluate_function: MulBackward0,3122.873046875,3312.0,backward,ok,torch.profiler,small_c256
170,256,3789.61699999994,1953.4740000000966,fp32,,train_step,small,MulBackward0,3122.873046875,3312.0,backward,ok,torch.profiler,small_c256
26,256,68.85299999998824,0,fp32,,train_step,small,aten::detach,3122.873046875,3312.0,,ok,torch.profiler,small_c256
26,256,47.743000000016764,0,fp32,,train_step,small,detach,3122.873046875,3312.0,,ok,torch.profiler,small_c256
13,256,0,1662.6559999999736,fp32,,train_step,small,void cutlass::Kernel2<cutlass_80_simt_sgemm_256x128_8x4_nn_align1>(cutlass_80_simt_sgemm_256x128_8x4_nn_align1::Params),3122.873046875,3312.0,,ok,torch.profiler,small_c256
25,256,1465.7350000000224,77.17799999983981,fp32,,train_step,small,autograd::engine::evaluate_function: RsqrtBackward0,3122.873046875,3312.0,backward,ok,torch.profiler,small_c256
25,256,1326.3729999999705,77.17799999983981,fp32,,train_step,small,RsqrtBackward0,3122.873046875,3312.0,backward,ok,torch.profiler,small_c256
73,256,355.862999999983,0,fp32,,train_step,small,autograd::engine::evaluate_function: AddBackward0,3122.873046875,3312.0,backward,ok,torch.profiler,small_c256
73,256,59.925000000046566,0,fp32,,train_step,small,AddBackward0,3122.873046875,3312.0,backward,ok,torch.profiler,small_c256
25,256,812.7540000000008,72.47999999999593,fp32,,train_step,small,autograd::engine::evaluate_function: MeanBackward1,3122.873046875,3312.0,backward,ok,torch.profiler,small_c256
25,256,691.224000000002,72.47999999999593,fp32,,train_step,small,MeanBackward1,3122.873046875,3312.0,backward,ok,torch.profiler,small_c256
256,256,1586.0980000000054,651.4549999999872,fp32,,train_step,small,aten::add_,3122.873046875,3312.0,,ok,torch.profiler,small_c256
25,256,0,149.72699999999168,fp32,,train_step,small,"void at::native::reduce_kernel<128, 4, at::native::ReduceOp<float, at::native::func_wrapper_t<float, at::native::sum_functor<float, float, float>::operator()(at::TensorIterator&)::{lambda(float, float)#1}>, unsigned int, float, 4, 4> >(at::native::ReduceOp<float, at::native::func_wrapper_t<float, at::native::sum_functor<float, float, float>::operator()(at::TensorIterator&)::{lambda(float, float)#1}>, unsigned int, float, 4, 4>)",3122.873046875,3312.0,,ok,torch.profiler,small_c256
25,256,0,25.467999999935273,fp32,,train_step,small,"void at::native::vectorized_elementwise_kernel<4, at::native::(anonymous namespace)::pow_tensor_scalar_kernel_impl<float, float>(at::TensorIteratorBase&, float)::{lambda(float)#2}, std::array<char*, 2ul> >(int, at::native::(anonymous namespace)::pow_tensor_scalar_kernel_impl<float, float>(at::TensorIteratorBase&, float)::{lambda(float)#2}, std::array<char*, 2ul>)",3122.873046875,3312.0,,ok,torch.profiler,small_c256
12,256,433.3559999999634,247.61699999995471,fp32,,train_step,small,autograd::engine::evaluate_function: SigmoidBackward0,3122.873046875,3312.0,backward,ok,torch.profiler,small_c256
12,256,201.43099999999686,122.91199999996752,fp32,,train_step,small,SigmoidBackward0,3122.873046875,3312.0,backward,ok,torch.profiler,small_c256
12,256,163.10399999997753,122.91199999996752,fp32,,train_step,small,aten::sigmoid_backward,3122.873046875,3312.0,backward,ok,torch.profiler,small_c256
72,256,0,4943.2989999999845,fp32,,train_step,small,ampere_sgemm_128x64_nn,3122.873046875,3312.0,,ok,torch.profiler,small_c256
12,256,0,122.91199999996752,fp32,,train_step,small,"void at::native::vectorized_elementwise_kernel<4, at::native::sigmoid_backward_kernel_cuda(at::TensorIteratorBase&)::{lambda()#2}::operator()() const::{lambda()#2}::operator()() const::{lambda(float, float)#1}, std::array<char*, 3ul> >(int, at::native::sigmoid_backward_kernel_cuda(at::TensorIteratorBase&)::{lambda()#2}::operator()() const::{lambda()#2}::operator()() const::{lambda(float, float)#1}, std::array<char*, 3ul>)",3122.873046875,3312.0,backward,ok,torch.profiler,small_c256
48,256,0,2105.985999999997,fp32,,train_step,small,ampere_sgemm_128x32_nt,3122.873046875,3312.0,,ok,torch.profiler,small_c256
48,256,759.2829999999522,41.088000000025204,fp32,,train_step,small,autograd::engine::evaluate_function: UnsafeViewBackward0,3122.873046875,3312.0,backward,ok,torch.profiler,small_c256
48,256,567.0390000000189,41.088000000025204,fp32,,train_step,small,UnsafeViewBackward0,3122.873046875,3312.0,backward,ok,torch.profiler,small_c256
24,256,90.55199999999604,0,fp32,,train_step,small,autograd::engine::evaluate_function: CloneBackward0,3122.873046875,3312.0,backward,ok,torch.profiler,small_c256
24,256,8.258000000008906,0,fp32,,train_step,small,CloneBackward0,3122.873046875,3312.0,backward,ok,torch.profiler,small_c256
24,256,0,558.7169999999751,fp32,,train_step,small,ampere_sgemm_128x128_nt,3122.873046875,3312.0,,ok,torch.profiler,small_c256
48,256,185.5769999999975,0,fp32,,train_step,small,autograd::engine::evaluate_function: ExpandBackward0,3122.873046875,3312.0,backward,ok,torch.profiler,small_c256
48,256,22.873000000014144,0,fp32,,train_step,small,ExpandBackward0,3122.873046875,3312.0,backward,ok,torch.profiler,small_c256
24,256,1515.2239999999874,1039.8419999999896,fp32,,train_step,small,autograd::engine::evaluate_function: DivBackward0,3122.873046875,3312.0,backward,ok,torch.profiler,small_c256
24,256,1113.106999999989,967.6159999999727,fp32,,train_step,small,DivBackward0,3122.873046875,3312.0,backward,ok,torch.profiler,small_c256
48,256,646.4989999999525,456.41500000000815,fp32,,train_step,small,aten::neg,3122.873046875,3312.0,,ok,torch.profiler,small_c256
24,256,0,360.70300000000134,fp32,,train_step,small,"void at::native::vectorized_elementwise_kernel<4, at::native::neg_kernel_cuda(at::TensorIteratorBase&)::{lambda()#2}::operator()() const::{lambda()#7}::operator()() const::{lambda(float)#1}, std::array<char*, 2ul> >(int, at::native::neg_kernel_cuda(at::TensorIteratorBase&)::{lambda()#2}::operator()() const::{lambda()#7}::operator()() const::{lambda(float)#1}, std::array<char*, 2ul>)",3122.873046875,3312.0,,ok,torch.profiler,small_c256
12,256,345.3749999999927,93.21699999998964,fp32,,train_step,small,autograd::engine::evaluate_function: SumBackward1,3122.873046875,3312.0,backward,ok,torch.profiler,small_c256
12,256,86.15700000000652,0,fp32,,train_step,small,SumBackward1,3122.873046875,3312.0,backward,ok,torch.profiler,small_c256
12,256,246.39400000000023,143.93399999997928,fp32,,train_step,small,autograd::engine::evaluate_function: ExpBackward0,3122.873046875,3312.0,backward,ok,torch.profiler,small_c256
12,256,181.92599999998492,143.93399999997928,fp32,,train_step,small,ExpBackward0,3122.873046875,3312.0,backward,ok,torch.profiler,small_c256
36,256,937.0030000000042,255.19899999998597,fp32,,train_step,small,autograd::engine::evaluate_function: SubBackward0,3122.873046875,3312.0,backward,ok,torch.profiler,small_c256
36,256,552.9850000000151,188.5109999999986,fp32,,train_step,small,SubBackward0,3122.873046875,3312.0,backward,ok,torch.profiler,small_c256
12,256,831.6280000000188,248.28700000004756,fp32,,train_step,small,autograd::engine::evaluate_function: MaxBackward0,3122.873046875,3312.0,backward,ok,torch.profiler,small_c256
12,256,579.0720000000001,135.2970000000205,fp32,,train_step,small,MaxBackward0,3122.873046875,3312.0,backward,ok,torch.profiler,small_c256
12,256,534.7519999999859,135.2970000000205,fp32,,train_step,small,aten::value_selecting_reduction_backward,3122.873046875,3312.0,backward,ok,torch.profiler,small_c256
12,256,247.98000000004686,72.09599999999773,fp32,,train_step,small,aten::zeros,3122.873046875,3312.0,,ok,torch.profiler,small_c256
13,256,165.64300000000367,86.304000000011,fp32,,train_step,small,aten::zero_,3122.873046875,3312.0,,ok,torch.profiler,small_c256
12,256,241.0240000000049,63.20100000002276,fp32,,train_step,small,aten::scatter_,3122.873046875,3312.0,,ok,torch.profiler,small_c256
12,256,0,63.20100000002276,fp32,,train_step,small,"void at::native::_scatter_gather_elementwise_kernel<128, 8, at::native::_cuda_scatter_gather_internal_kernel<true, at::native::OpaqueType<4>, long>::operator()<at::native::TensorAssign>(at::TensorIterator&, long, long, long, at::native::TensorAssign const&)::{lambda(int)#1}>(int, at::native::_cuda_scatter_gather_internal_kernel<true, at::native::OpaqueType<4>, long>::operator()<at::native::TensorAssign>(at::TensorIterator&, long, long, long, at::native::TensorAssign const&)::{lambda(int)#1})",3122.873046875,3312.0,,ok,torch.profiler,small_c256
12,256,652.1999999999753,117.28100000000268,fp32,,train_step,small,autograd::engine::evaluate_function: WhereBackward0,3122.873046875,3312.0,backward,ok,torch.profiler,small_c256
12,256,565.6960000000036,117.28100000000268,fp32,,train_step,small,WhereBackward0,3122.873046875,3312.0,backward,ok,torch.profiler,small_c256
12,256,110.56599999999162,0,fp32,,train_step,small,autograd::engine::evaluate_function: TransposeBackward0,3122.873046875,3312.0,backward,ok,torch.profiler,small_c256
12,256,62.48200000000361,0,fp32,,train_step,small,TransposeBackward0,3122.873046875,3312.0,backward,ok,torch.profiler,small_c256
24,256,457.40599999998085,0,fp32,,train_step,small,autograd::engine::evaluate_function: CatBackward0,3122.873046875,3312.0,backward,ok,torch.profiler,small_c256
24,256,345.66300000000774,0,fp32,,train_step,small,CatBackward0,3122.873046875,3312.0,backward,ok,torch.profiler,small_c256
48,256,278.576999999932,0,fp32,,train_step,small,aten::narrow,3122.873046875,3312.0,,ok,torch.profiler,small_c256
48,256,200.35599999997066,0,fp32,,train_step,small,aten::slice,3122.873046875,3312.0,,ok,torch.profiler,small_c256
24,256,0,95.71200000000681,fp32,,train_step,small,"void at::native::elementwise_kernel<128, 2, at::native::gpu_kernel_impl_nocast<at::native::neg_kernel_cuda(at::TensorIteratorBase&)::{lambda()#2}::operator()() const::{lambda()#7}::operator()() const::{lambda(float)#1}>(at::TensorIteratorBase&, at::native::neg_kernel_cuda(at::TensorIteratorBase&)::{lambda()#2}::operator()() const::{lambda()#7}::operator()() const::{lambda(float)#1} const&)::{lambda(int)#1}>(int, at::native::gpu_kernel_impl_nocast<at::native::neg_kernel_cuda(at::TensorIteratorBase&)::{lambda()#2}::operator()() const::{lambda()#7}::operator()() const::{lambda(float)#1}>(at::TensorIteratorBase&, at::native::neg_kernel_cuda(at::TensorIteratorBase&)::{lambda()#2}::operator()() const::{lambda()#7}::operator()() const::{lambda(float)#1} const&)::{lambda(int)#1})",3122.873046875,3312.0,,ok,torch.profiler,small_c256
24,256,719.3520000000135,107.52200000000448,fp32,,train_step,small,autograd::engine::evaluate_function: UnbindBackward0,3122.873046875,3312.0,backward,ok,torch.profiler,small_c256
24,256,593.7240000000093,107.52200000000448,fp32,,train_step,small,UnbindBackward0,3122.873046875,3312.0,backward,ok,torch.profiler,small_c256
24,256,541.2320000000036,107.52200000000448,fp32,,train_step,small,aten::stack,3122.873046875,3312.0,,ok,torch.profiler,small_c256
12,256,0,35.7129999999961,fp32,,train_step,small,"void at::native::(anonymous namespace)::CatArrayBatchedCopy_vectorized<at::native::(anonymous namespace)::OpaqueType<4u>, unsigned int, 1, 128, 1, 16, 4>(char*, at::native::(anonymous namespace)::CatArrInputTensorMetadata<at::native::(anonymous namespace)::OpaqueType<4u>, unsigned int, 128, 1>, at::native::(anonymous namespace)::TensorSizeStride<unsigned int, 4u>, int, unsigned int)",3122.873046875,3312.0,,ok,torch.profiler,small_c256
1,256,196.6750000000029,29.279999999998836,fp32,,train_step,small,autograd::engine::evaluate_function: IndexBackward0,3122.873046875,3312.0,backward,ok,torch.profiler,small_c256
1,256,188.24199999999837,29.279999999998836,fp32,,train_step,small,IndexBackward0,3122.873046875,3312.0,backward,ok,torch.profiler,small_c256
1,256,23.926000000006752,14.208000000013271,fp32,,train_step,small,aten::new_zeros,3122.873046875,3312.0,,ok,torch.profiler,small_c256
1,256,6.884999999994761,0,fp32,,train_step,small,aten::new_empty,3122.873046875,3312.0,,ok,torch.profiler,small_c256
1,256,150.90499999999884,15.071999999985565,fp32,,train_step,small,aten::_index_put_impl_,3122.873046875,3312.0,,ok,torch.profiler,small_c256
1,256,27.619999999995343,1.7920000000012806,fp32,,train_step,small,aten::remainder,3122.873046875,3312.0,,ok,torch.profiler,small_c256
1,256,0,1.7920000000012806,fp32,,train_step,small,"void at::native::vectorized_elementwise_kernel<2, at::native::BUnaryFunctor<long, long, long, at::native::remainder_kernel_cuda(at::TensorIteratorBase&)::{lambda()#1}::operator()() const::{lambda()#4}::operator()() const::{lambda(long, long)#1}>, std::array<char*, 2ul> >(int, at::native::BUnaryFunctor<long, long, long, at::native::remainder_kernel_cuda(at::TensorIteratorBase&)::{lambda()#1}::operator()() const::{lambda()#4}::operator()() const::{lambda(long, long)#1}>, std::array<char*, 2ul>)",3122.873046875,3312.0,,ok,torch.profiler,small_c256
1,256,0,1.1520000000018626,fp32,,train_step,small,"void at::native::vectorized_elementwise_kernel<2, at::native::AUnaryFunctor<long, long, long, at::native::binary_internal::MulFunctor<long> >, std::array<char*, 2ul> >(int, at::native::AUnaryFunctor<long, long, long, at::native::binary_internal::MulFunctor<long> >, std::array<char*, 2ul>)",3122.873046875,3312.0,,ok,torch.profiler,small_c256
1,256,21.51799999999639,1.631999999997788,fp32,,train_step,small,aten::divide_,3122.873046875,3312.0,,ok,torch.profiler,small_c256
1,256,18.2560000000085,1.631999999997788,fp32,,train_step,small,aten::div_,3122.873046875,3312.0,,ok,torch.profiler,small_c256
1,256,0,1.631999999997788,fp32,,train_step,small,"void at::native::vectorized_elementwise_kernel<2, at::native::BUnaryFunctor<long, long, long, at::native::binary_internal::div_trunc_kernel_cuda(at::TensorIteratorBase&)::{lambda()#1}::operator()() const::{lambda()#4}::operator()() const::{lambda(long, long)#1}>, std::array<char*, 2ul> >(int, at::native::BUnaryFunctor<long, long, long, at::native::binary_internal::div_trunc_kernel_cuda(at::TensorIteratorBase&)::{lambda()#1}::operator()() const::{lambda()#4}::operator()() const::{lambda(long, long)#1}>, std::array<char*, 2ul>)",3122.873046875,3312.0,,ok,torch.profiler,small_c256
2,256,0.1780000000144355,0,fp32,,train_step,small,cudaPeekAtLastError,3122.873046875,3312.0,,ok,torch.profiler,small_c256
1,256,0,5.279999999998836,fp32,,train_step,small,"void at_cuda_detail::cub::DeviceRadixSortSingleTileKernel<at_cuda_detail::cub::DeviceRadixSortPolicy<long, at::cuda::cub::detail::OpaqueType<8>, unsigned long long>::Policy900, false, long, at::cuda::cub::detail::OpaqueType<8>, unsigned long long, at_cuda_detail::cub::detail::identity_decomposer_t>(long const*, long*, at::cuda::cub::detail::OpaqueType<8> const*, at::cuda::cub::detail::OpaqueType<8>*, unsigned long long, int, int, at_cuda_detail::cub::detail::identity_decomposer_t)",3122.873046875,3312.0,,ok,torch.profiler,small_c256
1,256,0,4.319999999992433,fp32,,train_step,small,"void (anonymous namespace)::indexing_backward_kernel<float, 4>(long const*, long const*, float const*, float*, long, long, long, long, bool)",3122.873046875,3312.0,backward,ok,torch.profiler,small_c256
1,256,2958.698000000004,11173.540000000008,fp32,,train_step,small,optimizer,3122.873046875,3312.0,optimizer,ok,torch.profiler,small_c256
1,256,2922.464000000007,11173.540000000008,fp32,,train_step,small,Optimizer.step#AdamW.step,3122.873046875,3312.0,optimizer,ok,torch.profiler,small_c256
1,256,2.254000000000815,0,fp32,,train_step,small,cudaStreamIsCapturing,3122.873046875,3312.0,,ok,torch.profiler,small_c256
1,256,0.34600000000500586,0,fp32,,train_step,small,aten::lift_fresh,3122.873046875,3312.0,,ok,torch.profiler,small_c256
1,256,2.368000000002212,0,fp32,,train_step,small,aten::detach_,3122.873046875,3312.0,,ok,torch.profiler,small_c256
1,256,1.1429999999963911,0,fp32,,train_step,small,detach_,3122.873046875,3312.0,,ok,torch.profiler,small_c256
2,256,237.6200000000099,1132.9600000000355,fp32,,train_step,small,aten::_foreach_add_,3122.873046875,3312.0,,ok,torch.profiler,small_c256
2,256,141.63700000000244,2259.0749999999825,fp32,,train_step,small,aten::_foreach_mul_,3122.873046875,3312.0,,ok,torch.profiler,small_c256
1,256,0,11209.187000000005,fp32,,train_step,small,Optimizer.step#AdamW.step,3122.873046875,3312.0,optimizer,ok,torch.profiler,small_c256
14,256,0,2259.0749999999825,fp32,,train_step,small,"void at::native::(anonymous namespace)::multi_tensor_apply_kernel<at::native::(anonymous namespace)::TensorListMetadata<1>, at::native::(anonymous namespace)::BinaryOpScalarFunctor<float, 1, 1, 0>, std::multiplies<float>, float>(at::native::(anonymous namespace)::TensorListMetadata<1>, at::native::(anonymous namespace)::BinaryOpScalarFunctor<float, 1, 1, 0>, std::multiplies<float>, float)",3122.873046875,3312.0,,ok,torch.profiler,small_c256
1,256,69.6359999999986,1665.6319999999978,fp32,,train_step,small,aten::_foreach_lerp_,3122.873046875,3312.0,,ok,torch.profiler,small_c256
1,256,79.17200000000594,1662.2389999999868,fp32,,train_step,small,aten::_foreach_addcmul_,3122.873046875,3312.0,,ok,torch.profiler,small_c256
222,256,310.3089999999793,0,fp32,,train_step,small,aten::item,3122.873046875,3312.0,,ok,torch.profiler,small_c256
222,256,58.67799999991257,0,fp32,,train_step,small,aten::_local_scalar_dense,3122.873046875,3312.0,,ok,torch.profiler,small_c256
1,256,571.0239999999903,1127.0100000000093,fp32,,train_step,small,aten::_foreach_sqrt,3122.873046875,3312.0,,ok,torch.profiler,small_c256
7,256,0,1665.6319999999978,fp32,,train_step,small,"void at::native::(anonymous namespace)::multi_tensor_apply_kernel<at::native::(anonymous namespace)::TensorListMetadata<2>, at::native::(anonymous namespace)::TernaryOpScalarFunctor<float, 2, 2, 0>, at::native::LerpFunctor<float>, float>(at::native::(anonymous namespace)::TensorListMetadata<2>, at::native::(anonymous namespace)::TernaryOpScalarFunctor<float, 2, 2, 0>, at::native::LerpFunctor<float>, float)",3122.873046875,3312.0,,ok,torch.profiler,small_c256
1,256,77.38499999999476,1129.3439999999973,fp32,,train_step,small,aten::_foreach_div_,3122.873046875,3312.0,,ok,torch.profiler,small_c256
1,256,82.30999999999767,2197.279999999999,fp32,,train_step,small,aten::_foreach_addcdiv_,3122.873046875,3312.0,,ok,torch.profiler,small_c256
2,256,8586.081999999995,0,fp32,,train_step,small,cudaDeviceSynchronize,3122.873046875,3312.0,,ok,torch.profiler,small_c256
7,256,0,1662.2389999999868,fp32,,train_step,small,"void at::native::(anonymous namespace)::multi_tensor_apply_kernel<at::native::(anonymous namespace)::TensorListMetadata<3>, at::native::(anonymous namespace)::PointwiseOpScalarFunctor<float, 3, 3, 0>, std::multiplies<float>, float>(at::native::(anonymous namespace)::TensorListMetadata<3>, at::native::(anonymous namespace)::PointwiseOpScalarFunctor<float, 3, 3, 0>, std::multiplies<float>, float)",3122.873046875,3312.0,,ok,torch.profiler,small_c256
7,256,0,1127.0100000000093,fp32,,train_step,small,"void at::native::(anonymous namespace)::multi_tensor_apply_kernel<at::native::(anonymous namespace)::TensorListMetadata<2>, at::native::(anonymous namespace)::UnaryOpFunctor<float, 2, 1, 1>, at::native::Sqrt<float> >(at::native::(anonymous namespace)::TensorListMetadata<2>, at::native::(anonymous namespace)::UnaryOpFunctor<float, 2, 1, 1>, at::native::Sqrt<float>)",3122.873046875,3312.0,,ok,torch.profiler,small_c256
7,256,0,1129.3439999999973,fp32,,train_step,small,"void at::native::(anonymous namespace)::multi_tensor_apply_kernel<at::native::(anonymous namespace)::TensorListScalarListMetadata<float, 1>, at::native::(anonymous namespace)::BinaryOpScalarListFunctor<float, 1, 1, 0>, std::divides<float> >(at::native::(anonymous namespace)::TensorListScalarListMetadata<float, 1>, at::native::(anonymous namespace)::BinaryOpScalarListFunctor<float, 1, 1, 0>, std::divides<float>)",3122.873046875,3312.0,,ok,torch.profiler,small_c256
7,256,0,1132.9600000000355,fp32,,train_step,small,"void at::native::(anonymous namespace)::multi_tensor_apply_kernel<at::native::(anonymous namespace)::TensorListMetadata<1>, at::native::(anonymous namespace)::BinaryOpScalarFunctor<float, 1, 1, 0>, std::plus<float>, float>(at::native::(anonymous namespace)::TensorListMetadata<1>, at::native::(anonymous namespace)::BinaryOpScalarFunctor<float, 1, 1, 0>, std::plus<float>, float)",3122.873046875,3312.0,,ok,torch.profiler,small_c256
7,256,0,2197.279999999999,fp32,,train_step,small,"void at::native::(anonymous namespace)::multi_tensor_apply_kernel<at::native::(anonymous namespace)::TensorListScalarListMetadata<float, 3>, at::native::(anonymous namespace)::PointwiseOpScalarListFunctor<float, 3, 3, 0>, std::divides<float> >(at::native::(anonymous namespace)::TensorListScalarListMetadata<float, 3>, at::native::(anonymous namespace)::PointwiseOpScalarListFunctor<float, 3, 3, 0>, std::divides<float>)",3122.873046875,3312.0,,ok,torch.profiler,small_c256
1,512,98451.308,35012.58299999994,fp32,,train_step,small,ProfilerStep*,5222.556640625,5414.0,,ok,torch.profiler,small_c512
1,512,85953.37,35012.58299999994,fp32,,train_step,small,profile/measure/train_step/0,5222.556640625,5414.0,,ok,torch.profiler,small_c512
1,512,155.458,0,fp32,,train_step,small,Optimizer.zero_grad#AdamW.zero_grad,5222.556640625,5414.0,optimizer,ok,torch.profiler,small_c512
1,512,31419.122,23606.020999999964,fp32,,train_step,small,forward,5222.556640625,5414.0,forward,ok,torch.profiler,small_c512
1,512,1836.7089999999998,0,fp32,,train_step,small,Unrecognized,5222.556640625,5414.0,,ok,torch.profiler,small_c512
1,512,68.75800000000027,11.135999999999967,fp32,,train_step,small,aten::index,5222.556640625,5414.0,,ok,torch.profiler,small_c512
2015,512,1363.3469999998933,0,fp32,,train_step,small,aten::as_strided,5222.556640625,5414.0,,ok,torch.profiler,small_c512
800,512,5118.132999999931,662.4630000000479,fp32,,train_step,small,aten::reshape,5222.556640625,5414.0,,ok,torch.profiler,small_c512
802,512,1410.0389999999447,0,fp32,,train_step,small,aten::view,5222.556640625,5414.0,,ok,torch.profiler,small_c512
1867,512,10143.826000000025,0,fp32,,train_step,small,cudaLaunchKernel,5222.556640625,5414.0,,ok,torch.profiler,small_c512
1,512,0,30553.253,fp32,,train_step,small,forward,5222.556640625,5414.0,forward,ok,torch.profiler,small_c512
1,512,0,11.135999999999967,fp32,,train_step,small,"void at::native::vectorized_gather_kernel<16, long>(char*, char*, long*, int, long, long, long, long, bool)",5222.556640625,5414.0,,ok,torch.profiler,small_c512
154,512,62.842999999979384,0,fp32,,train_step,small,aten::to,5222.556640625,5414.0,,ok,torch.profiler,small_c512
77,512,1655.0589999999684,581.4380000000106,fp32,,train_step,small,aten::pow,5222.556640625,5414.0,,ok,torch.profiler,small_c512
77,512,37.567000000003645,0,fp32,,train_step,small,aten::result_type,5222.556640625,5414.0,,ok,torch.profiler,small_c512
26,512,0,268.508000000003,fp32,,train_step,small,"void at::native::vectorized_elementwise_kernel<4, at::native::(anonymous namespace)::pow_tensor_scalar_kernel_impl<float, float>(at::TensorIteratorBase&, float)::{lambda(float)#1}, std::array<char*, 2ul> >(int, at::native::(anonymous namespace)::pow_tensor_scalar_kernel_impl<float, float>(at::TensorIteratorBase&, float)::{lambda(float)#1}, std::array<char*, 2ul>)",5222.556640625,5414.0,,ok,torch.profiler,small_c512
26,512,539.399999999991,169.3119999999958,fp32,,train_step,small,aten::mean,5222.556640625,5414.0,,ok,torch.profiler,small_c512
26,512,0,168.25599999999895,fp32,,train_step,small,"void at::native::reduce_kernel<512, 1, at::native::ReduceOp<float, at::native::MeanOps<float, float, float, float>, unsigned int, float, 4, 4> >(at::native::ReduceOp<float, at::native::MeanOps<float, float, float, float>, unsigned int, float, 4, 4>)",5222.556640625,5414.0,,ok,torch.profiler,small_c512
97,512,1541.005999999989,726.7839999999824,fp32,,train_step,small,aten::add,5222.556640625,5414.0,,ok,torch.profiler,small_c512
25,512,0,25.823999999996886,fp32,,train_step,small,"void at::native::vectorized_elementwise_kernel<4, at::native::CUDAFunctorOnSelf_add<float>, std::array<char*, 2ul> >(int, at::native::CUDAFunctorOnSelf_add<float>, std::array<char*, 2ul>)",5222.556640625,5414.0,,ok,torch.profiler,small_c512
25,512,369.44499999999243,26.4329999999959,fp32,,train_step,small,aten::rsqrt,5222.556640625,5414.0,,ok,torch.profiler,small_c512
25,512,0,26.4329999999959,fp32,,train_step,small,"void at::native::vectorized_elementwise_kernel<4, at::native::rsqrt_kernel_cuda(at::TensorIteratorBase&)::{lambda()#2}::operator()() const::{lambda()#2}::operator()() const::{lambda(float)#1}, std::array<char*, 2ul> >(int, at::native::rsqrt_kernel_cuda(at::TensorIteratorBase&)::{lambda()#2}::operator()() const::{lambda()#2}::operator()() const::{lambda(float)#1}, std::array<char*, 2ul>)",5222.556640625,5414.0,,ok,torch.profiler,small_c512
541,512,7502.3820000001015,10353.895000000157,fp32,,train_step,small,aten::mul,5222.556640625,5414.0,,ok,torch.profiler,small_c512
292,512,0,1541.6980000001104,fp32,,train_step,small,"void at::native::elementwise_kernel<128, 2, at::native::gpu_kernel_impl_nocast<at::native::BinaryFunctor<float, float, float, at::native::binary_internal::MulFunctor<float> > >(at::TensorIteratorBase&, at::native::BinaryFunctor<float, float, float, at::native::binary_internal::MulFunctor<float> > const&)::{lambda(int)#1}>(int, at::native::gpu_kernel_impl_nocast<at::native::BinaryFunctor<float, float, float, at::native::binary_internal::MulFunctor<float> > >(at::TensorIteratorBase&, at::native::BinaryFunctor<float, float, float, at::native::binary_internal::MulFunctor<float> > const&)::{lambda(int)#1})",5222.556640625,5414.0,,ok,torch.profiler,small_c512
85,512,7815.223000000002,13822.40600000001,fp32,,train_step,small,aten::einsum,5222.556640625,5414.0,,ok,torch.profiler,small_c512
267,512,1000.7709999999993,0,fp32,,train_step,small,aten::unsqueeze,5222.556640625,5414.0,,ok,torch.profiler,small_c512
994,512,3394.4159999999392,0,fp32,,train_step,small,aten::permute,5222.556640625,5414.0,,ok,torch.profiler,small_c512
121,512,299.1400000000067,0,fp32,,train_step,small,aten::_reshape_alias,5222.556640625,5414.0,,ok,torch.profiler,small_c512
327,512,9183.251999999973,43363.25699999999,fp32,,train_step,small,aten::bmm,5222.556640625,5414.0,,ok,torch.profiler,small_c512
169,512,178.70700000002535,0,fp32,,train_step,small,cudaOccupancyMaxActiveBlocksPerMultiprocessor,5222.556640625,5414.0,,ok,torch.profiler,small_c512
84,512,0,13076.263000000004,fp32,,train_step,small,ampere_sgemm_128x64_tn,5222.556640625,5414.0,,ok,torch.profiler,small_c512
48,512,454.18700000000126,0,fp32,,train_step,small,aten::unbind,5222.556640625,5414.0,,ok,torch.profiler,small_c512
96,512,275.9550000000104,0,fp32,,train_step,small,aten::select,5222.556640625,5414.0,,ok,torch.profiler,small_c512
24,512,44.58100000000286,0,fp32,,train_step,small,aten::alias,5222.556640625,5414.0,,ok,torch.profiler,small_c512
36,512,562.9070000000079,745.8889999999951,fp32,,train_step,small,aten::sub,5222.556640625,5414.0,,ok,torch.profiler,small_c512
229,512,0,3160.6120000000033,fp32,,train_step,small,"void at::native::vectorized_elementwise_kernel<4, at::native::CUDAFunctor_add<float>, std::array<char*, 3ul> >(int, at::native::CUDAFunctor_add<float>, std::array<char*, 3ul>)",5222.556640625,5414.0,,ok,torch.profiler,small_c512
24,512,493.60300000000507,179.99799999999686,fp32,,train_step,small,aten::concat,5222.556640625,5414.0,,ok,torch.profiler,small_c512
48,512,823.1139999999873,346.2069999999703,fp32,,train_step,small,aten::cat,5222.556640625,5414.0,,ok,torch.profiler,small_c512
36,512,0,291.0379999999832,fp32,,train_step,small,"void at::native::(anonymous namespace)::CatArrayBatchedCopy<at::native::(anonymous namespace)::OpaqueType<4u>, unsigned int, 4, 64, 64>(at::native::(anonymous namespace)::OpaqueType<4u>*, at::native::(anonymous namespace)::CatArrInputTensorMetadata<at::native::(anonymous namespace)::OpaqueType<4u>, unsigned int, 64, 64>, at::native::(anonymous namespace)::TensorSizeStride<unsigned int, 4u>, int, unsigned int)",5222.556640625,5414.0,,ok,torch.profiler,small_c512
26,512,503.3939999999884,23.677999999996246,fp32,,train_step,small,aten::arange,5222.556640625,5414.0,,ok,torch.profiler,small_c512
173,512,791.4049999999957,0,fp32,,train_step,small,aten::empty,5222.556640625,5414.0,,ok,torch.profiler,small_c512
37,512,130.05599999999322,0,fp32,,train_step,small,aten::resize_,5222.556640625,5414.0,,ok,torch.profiler,small_c512
13,512,0,11.838999999998123,fp32,,train_step,small,"void (anonymous namespace)::elementwise_kernel_with_index<int, at::native::arange_cuda_out(c10::Scalar const&, c10::Scalar const&, c10::Scalar const&, at::Tensor&)::{lambda()#1}::operator()() const::{lambda()#4}::operator()() const::{lambda(long)#1}>(int, at::native::arange_cuda_out(c10::Scalar const&, c10::Scalar const&, c10::Scalar const&, at::Tensor&)::{lambda()#1}::operator()() const::{lambda()#4}::operator()() const::{lambda(long)#1}, function_traits<at::native::arange_cuda_out(c10::Scalar const&, c10::Scalar const&, c10::Scalar const&, at::Tensor&)::{lambda()#1}::operator()() const::{lambda()#4}::operator()() const::{lambda(long)#1}>::result_type*)",5222.556640625,5414.0,,ok,torch.profiler,small_c512
12,512,212.8370000000018,29.631000000000768,fp32,,train_step,small,aten::ge,5222.556640625,5414.0,,ok,torch.profiler,small_c512
12,512,0,29.631000000000768,fp32,,train_step,small,"void at::native::elementwise_kernel<128, 4, at::native::gpu_kernel_impl_nocast<at::native::(anonymous namespace)::CompareFunctor<long> >(at::TensorIteratorBase&, at::native::(anonymous namespace)::CompareFunctor<long> const&)::{lambda(int)#1}>(int, at::native::gpu_kernel_impl_nocast<at::native::(anonymous namespace)::CompareFunctor<long> >(at::TensorIteratorBase&, at::native::(anonymous namespace)::CompareFunctor<long> const&)::{lambda(int)#1})",5222.556640625,5414.0,,ok,torch.profiler,small_c512
12,512,1753.766999999997,1835.5549999999962,fp32,,train_step,small,attention/scores,5222.556640625,5414.0,attention/scores,ok,torch.profiler,small_c512
242,512,920.8270000000939,0,fp32,,train_step,small,aten::transpose,5222.556640625,5414.0,,ok,torch.profiler,small_c512
24,512,1966.3680000000045,1796.7679999999923,fp32,,train_step,small,aten::matmul,5222.556640625,5414.0,,ok,torch.profiler,small_c512
87,512,461.50500000002376,0,fp32,,train_step,small,aten::expand,5222.556640625,5414.0,,ok,torch.profiler,small_c512
12,512,0,1844.3199999999997,fp32,,train_step,small,attention/scores,5222.556640625,5414.0,attention/scores,ok,torch.profiler,small_c512
25,512,0,1933.8919999999994,fp32,,train_step,small,ampere_sgemm_128x128_tn,5222.556640625,5414.0,,ok,torch.profiler,small_c512
120,512,200.47199999997156,0,fp32,,train_step,small,aten::_unsafe_view,5222.556640625,5414.0,,ok,torch.profiler,small_c512
98,512,1632.0909999999894,6620.0330000000085,fp32,,train_step,small,aten::div,5222.556640625,5414.0,,ok,torch.profiler,small_c512
24,512,0,2089.8220000000147,fp32,,train_step,small,"void at::native::vectorized_elementwise_kernel<4, at::native::BUnaryFunctor<float, float, float, at::native::binary_internal::MulFunctor<float> >, std::array<char*, 2ul> >(int, at::native::BUnaryFunctor<float, float, float, at::native::binary_internal::MulFunctor<float> >, std::array<char*, 2ul>)",5222.556640625,5414.0,,ok,torch.profiler,small_c512
12,512,1043.066000000004,740.6720000000018,fp32,,train_step,small,attention/mask,5222.556640625,5414.0,,ok,torch.profiler,small_c512
48,512,1822.0050000000401,2997.598000000008,fp32,,train_step,small,aten::where,5222.556640625,5414.0,,ok,torch.profiler,small_c512
24,512,496.457999999981,29.27800000001662,fp32,,train_step,small,aten::scalar_tensor,5222.556640625,5414.0,,ok,torch.profiler,small_c512
38,512,424.5320000000056,316.3160000000171,fp32,,train_step,small,aten::fill_,5222.556640625,5414.0,,ok,torch.profiler,small_c512
12,512,0,756.5750000000025,fp32,,train_step,small,attention/mask,5222.556640625,5414.0,,ok,torch.profiler,small_c512
38,512,0,316.3160000000171,fp32,,train_step,small,"void at::native::vectorized_elementwise_kernel<4, at::native::FillFunctor<float>, std::array<char*, 1ul> >(int, at::native::FillFunctor<float>, std::array<char*, 1ul>)",5222.556640625,5414.0,,ok,torch.profiler,small_c512
24,512,0,1484.1599999999958,fp32,,train_step,small,"void at::native::elementwise_kernel<128, 2, at::native::gpu_kernel_impl_nocast<at::native::(anonymous namespace)::where_kernel_impl(at::TensorIterator&)::{lambda()#1}::operator()() const::{lambda()#11}::operator()() const::{lambda(bool, float, float)#1}>(at::TensorIteratorBase&, at::native::(anonymous namespace)::where_kernel_impl(at::TensorIterator&)::{lambda()#1}::operator()() const::{lambda()#11}::operator()() const::{lambda(bool, float, float)#1} const&)::{lambda(int)#1}>(int, at::native::gpu_kernel_impl_nocast<at::native::(anonymous namespace)::where_kernel_impl(at::TensorIterator&)::{lambda()#1}::operator()() const::{lambda()#11}::operator()() const::{lambda(bool, float, float)#1}>(at::TensorIteratorBase&, at::native::(anonymous namespace)::where_kernel_impl(at::TensorIterator&)::{lambda()#1}::operator()() const::{lambda()#11}::operator()() const::{lambda(bool, float, float)#1} const&)::{lambda(int)#1})",5222.556640625,5414.0,,ok,torch.profiler,small_c512
12,512,1703.1639999999957,2687.035999999988,fp32,,train_step,small,attention/softmax,5222.556640625,5414.0,attention/softmax,ok,torch.profiler,small_c512
12,512,339.7999999999993,248.9260000000031,fp32,,train_step,small,aten::max,5222.556640625,5414.0,,ok,torch.profiler,small_c512
12,512,0,2726.4000000000005,fp32,,train_step,small,attention/softmax,5222.556640625,5414.0,attention/softmax,ok,torch.profiler,small_c512
12,512,0,248.9260000000031,fp32,,train_step,small,"void at::native::reduce_kernel<512, 1, at::native::ReduceOp<float, at::native::MaxOps<float>, unsigned int, float, 4, 4> >(at::native::ReduceOp<float, at::native::MaxOps<float>, unsigned int, float, 4, 4>)",5222.556640625,5414.0,,ok,torch.profiler,small_c512
24,512,0,1599.1989999999914,fp32,,train_step,small,"void at::native::elementwise_kernel<128, 2, at::native::gpu_kernel_impl_nocast<at::native::CUDAFunctor_add<float> >(at::TensorIteratorBase&, at::native::CUDAFunctor_add<float> const&)::{lambda(int)#1}>(int, at::native::gpu_kernel_impl_nocast<at::native::CUDAFunctor_add<float> >(at::TensorIteratorBase&, at::native::CUDAFunctor_add<float> const&)::{lambda(int)#1})",5222.556640625,5414.0,,ok,torch.profiler,small_c512
12,512,188.7299999999982,884.7039999999993,fp32,,train_step,small,aten::exp,5222.556640625,5414.0,,ok,torch.profiler,small_c512
86,512,1589.0719999999646,1595.7500000000664,fp32,,train_step,small,aten::sum,5222.556640625,5414.0,,ok,torch.profiler,small_c512
12,512,0,884.7039999999993,fp32,,train_step,small,"void at::native::vectorized_elementwise_kernel<4, at::native::exp_kernel_cuda(at::TensorIteratorBase&)::{lambda()#2}::operator()() const::{lambda()#2}::operator()() const::{lambda(float)#1}, std::array<char*, 2ul> >(int, at::native::exp_kernel_cuda(at::TensorIteratorBase&)::{lambda()#2}::operator()() const::{lambda()#2}::operator()() const::{lambda(float)#1}, std::array<char*, 2ul>)",5222.556640625,5414.0,,ok,torch.profiler,small_c512
12,512,1477.6450000000013,1194.1100000000006,fp32,,train_step,small,attention/value,5222.556640625,5414.0,attention/value,ok,torch.profiler,small_c512
61,512,0,1375.0120000000252,fp32,,train_step,small,"void at::native::reduce_kernel<512, 1, at::native::ReduceOp<float, at::native::func_wrapper_t<float, at::native::sum_functor<float, float, float>::operator()(at::TensorIterator&)::{lambda(float, float)#1}>, unsigned int, float, 4, 4> >(at::native::ReduceOp<float, at::native::func_wrapper_t<float, at::native::sum_functor<float, float, float>::operator()(at::TensorIterator&)::{lambda(float, float)#1}>, unsigned int, float, 4, 4>)",5222.556640625,5414.0,,ok,torch.profiler,small_c512
96,512,2181.7599999999584,662.4630000000479,fp32,,train_step,small,aten::clone,5222.556640625,5414.0,,ok,torch.profiler,small_c512
99,512,659.0380000000055,0,fp32,,train_step,small,aten::empty_like,5222.556640625,5414.0,,ok,torch.profiler,small_c512
48,512,0,4363.104999999943,fp32,,train_step,small,"void at::native::elementwise_kernel<128, 2, at::native::gpu_kernel_impl_nocast<at::native::BinaryFunctor<float, float, float, at::native::binary_internal::DivFunctor<float> > >(at::TensorIteratorBase&, at::native::BinaryFunctor<float, float, float, at::native::binary_internal::DivFunctor<float> > const&)::{lambda(int)#1}>(int, at::native::gpu_kernel_impl_nocast<at::native::BinaryFunctor<float, float, float, at::native::binary_internal::DivFunctor<float> > >(at::TensorIteratorBase&, at::native::BinaryFunctor<float, float, float, at::native::binary_internal::DivFunctor<float> > const&)::{lambda(int)#1})",5222.556640625,5414.0,,ok,torch.profiler,small_c512
207,512,3053.506000000075,2732.573000000012,fp32,,train_step,small,aten::copy_,5222.556640625,5414.0,,ok,torch.profiler,small_c512
12,512,0,1207.8719999999998,fp32,,train_step,small,attention/value,5222.556640625,5414.0,attention/value,ok,torch.profiler,small_c512
181,512,0,2445.2120000000223,fp32,,train_step,small,"void at::native::elementwise_kernel<128, 2, at::native::gpu_kernel_impl_nocast<at::native::direct_copy_kernel_cuda(at::TensorIteratorBase&)::{lambda()#3}::operator()() const::{lambda()#7}::operator()() const::{lambda(float)#1}>(at::TensorIteratorBase&, at::native::direct_copy_kernel_cuda(at::TensorIteratorBase&)::{lambda()#3}::operator()() const::{lambda()#7}::operator()() const::{lambda(float)#1} const&)::{lambda(int)#1}>(int, at::native::gpu_kernel_impl_nocast<at::native::direct_copy_kernel_cuda(at::TensorIteratorBase&)::{lambda()#3}::operator()() const::{lambda()#7}::operator()() const::{lambda(float)#1}>(at::TensorIteratorBase&, at::native::direct_copy_kernel_cuda(at::TensorIteratorBase&)::{lambda()#3}::operator()() const::{lambda()#7}::operator()() const::{lambda(float)#1} const&)::{lambda(int)#1})",5222.556640625,5414.0,,ok,torch.profiler,small_c512
24,512,0,2016.8980000000056,fp32,,train_step,small,ampere_sgemm_128x128_nn,5222.556640625,5414.0,,ok,torch.profiler,small_c512
183,512,899.365999999949,0,fp32,,train_step,small,cudaMemsetAsync,5222.556640625,5414.0,,ok,torch.profiler,small_c512
183,512,0,184.97999999992044,fp32,,train_step,small,Memset (Device),5222.556640625,5414.0,,ok,torch.profiler,small_c512
12,512,237.12700000000223,451.7759999999971,fp32,,train_step,small,aten::sigmoid,5222.556640625,5414.0,,ok,torch.profiler,small_c512
12,512,0,451.7759999999971,fp32,,train_step,small,"void at::native::vectorized_elementwise_kernel<4, at::native::sigmoid_kernel_cuda(at::TensorIteratorBase&)::{lambda()#2}::operator()() const::{lambda()#2}::operator()() const::{lambda(float)#1}, std::array<char*, 2ul> >(int, at::native::sigmoid_kernel_cuda(at::TensorIteratorBase&)::{lambda()#2}::operator()() const::{lambda()#2}::operator()() const::{lambda(float)#1}, std::array<char*, 2ul>)",5222.556640625,5414.0,,ok,torch.profiler,small_c512
197,512,0,8503.553000000047,fp32,,train_step,small,"void at::native::vectorized_elementwise_kernel<4, at::native::BinaryFunctor<float, float, float, at::native::binary_internal::MulFunctor<float> >, std::array<char*, 3ul> >(int, at::native::BinaryFunctor<float, float, float, at::native::binary_internal::MulFunctor<float> >, std::array<char*, 3ul>)",5222.556640625,5414.0,,ok,torch.profiler,small_c512
1,512,103.58599999999933,231.8709999999919,fp32,,train_step,small,loss,5222.556640625,5414.0,,ok,torch.profiler,small_c512
1,512,32.13600000000224,153.18299999999726,fp32,,train_step,small,aten::square,5222.556640625,5414.0,,ok,torch.profiler,small_c512
1,512,51408.94200000001,1.184000000001106,fp32,,train_step,small,backward,5222.556640625,5414.0,backward,ok,torch.profiler,small_c512
1,512,28.86399999999776,1.184000000001106,fp32,,train_step,small,aten::ones_like,5222.556640625,5414.0,,ok,torch.profiler,small_c512
197,512,866.3500000000931,0,fp32,,train_step,small,aten::empty_strided,5222.556640625,5414.0,,ok,torch.profiler,small_c512
1,512,79.6130000000012,57.632000000005064,fp32,,train_step,small,autograd::engine::evaluate_function: MeanBackward0,5222.556640625,5414.0,backward,ok,torch.profiler,small_c512
1,512,61.266999999999825,57.632000000005064,fp32,,train_step,small,MeanBackward0,5222.556640625,5414.0,backward,ok,torch.profiler,small_c512
26,512,1988.9969999999848,1113.4429999999484,fp32,,train_step,small,autograd::engine::evaluate_function: PowBackward0,5222.556640625,5414.0,backward,ok,torch.profiler,small_c512
26,512,1460.9409999999916,970.4979999999705,fp32,,train_step,small,PowBackward0,5222.556640625,5414.0,backward,ok,torch.profiler,small_c512
26,512,288.4259999999813,0,fp32,,train_step,small,cudaMemcpyAsync,5222.556640625,5414.0,,ok,torch.profiler,small_c512
315,512,3146.7299999999886,226.43200000003708,fp32,,train_step,small,autograd::engine::evaluate_function: ViewBackward0,5222.556640625,5414.0,backward,ok,torch.profiler,small_c512
315,512,1962.7769999999,226.43200000003708,fp32,,train_step,small,ViewBackward0,5222.556640625,5414.0,backward,ok,torch.profiler,small_c512
497,512,4253.519999999808,0,fp32,,train_step,small,autograd::engine::evaluate_function: PermuteBackward0,5222.556640625,5414.0,backward,ok,torch.profiler,small_c512
497,512,2391.0950000000485,0,fp32,,train_step,small,PermuteBackward0,5222.556640625,5414.0,backward,ok,torch.profiler,small_c512
109,512,7842.831000000038,27915.53699999999,fp32,,train_step,small,autograd::engine::evaluate_function: BmmBackward0,5222.556640625,5414.0,backward,ok,torch.profiler,small_c512
109,512,6974.640000000054,27915.53699999999,fp32,,train_step,small,BmmBackward0,5222.556640625,5414.0,backward,ok,torch.profiler,small_c512
50,512,25.35399999999572,0,fp32,,train_step,small,cudaDeviceGetAttribute,5222.556640625,5414.0,,ok,torch.profiler,small_c512
50,512,266.9720000000016,0,fp32,,train_step,small,cuLaunchKernel,5222.556640625,5414.0,,ok,torch.profiler,small_c512
121,512,1713.1000000000931,116.76900000000751,fp32,,train_step,small,autograd::engine::evaluate_function: ReshapeAliasBackward0,5222.556640625,5414.0,backward,ok,torch.profiler,small_c512
121,512,1141.831000000042,116.76900000000751,fp32,,train_step,small,ReshapeAliasBackward0,5222.556640625,5414.0,backward,ok,torch.profiler,small_c512
1,512,0,234.59199999999691,fp32,,train_step,small,loss,5222.556640625,5414.0,,ok,torch.profiler,small_c512
255,512,2608.168000000056,364.4449999999779,fp32,,train_step,small,autograd::engine::evaluate_function: UnsqueezeBackward0,5222.556640625,5414.0,backward,ok,torch.profiler,small_c512
255,512,1024.7089999999953,0,fp32,,train_step,small,UnsqueezeBackward0,5222.556640625,5414.0,backward,ok,torch.profiler,small_c512
255,512,772.2269999999917,0,fp32,,train_step,small,aten::squeeze,5222.556640625,5414.0,,ok,torch.profiler,small_c512
111,512,2984.1310000000303,1782.7489999999743,fp32,,train_step,small,autograd::engine::evaluate_function: torch::autograd::AccumulateGrad,5222.556640625,5414.0,,ok,torch.profiler,small_c512
111,512,2593.479000000021,1782.7489999999743,fp32,,train_step,small,torch::autograd::AccumulateGrad,5222.556640625,5414.0,,ok,torch.profiler,small_c512
85,512,643.3939999999639,0,fp32,,train_step,small,aten::new_empty_strided,5222.556640625,5414.0,,ok,torch.profiler,small_c512
170,512,6837.769000000044,5171.016000000185,fp32,,train_step,small,autograd::engine::evaluate_function: MulBackward0,5222.556640625,5414.0,backward,ok,torch.profiler,small_c512
170,512,3653.229000000043,4482.720000000139,fp32,,train_step,small,MulBackward0,5222.556640625,5414.0,backward,ok,torch.profiler,small_c512
26,512,57.067000000024564,0,fp32,,train_step,small,aten::detach,5222.556640625,5414.0,,ok,torch.profiler,small_c512
26,512,35.17400000001362,0,fp32,,train_step,small,detach,5222.556640625,5414.0,,ok,torch.profiler,small_c512
1,512,0,1.184000000001106,fp32,,train_step,small,backward,5222.556640625,5414.0,backward,ok,torch.profiler,small_c512
26,512,0,167.1060000000507,fp32,,train_step,small,"void at::native::elementwise_kernel<128, 2, at::native::gpu_kernel_impl_nocast<at::native::BUnaryFunctor<float, float, float, at::native::binary_internal::MulFunctor<float> > >(at::TensorIteratorBase&, at::native::BUnaryFunctor<float, float, float, at::native::binary_internal::MulFunctor<float> > const&)::{lambda(int)#1}>(int, at::native::gpu_kernel_impl_nocast<at::native::BUnaryFunctor<float, float, float, at::native::binary_internal::MulFunctor<float> > >(at::TensorIteratorBase&, at::native::BUnaryFunctor<float, float, float, at::native::binary_internal::MulFunctor<float> > const&)::{lambda(int)#1})",5222.556640625,5414.0,,ok,torch.profiler,small_c512
26,512,0,287.3609999999899,fp32,,train_step,small,Memcpy DtoD (Device -> Device),5222.556640625,5414.0,,ok,torch.profiler,small_c512
25,512,1376.7580000000235,77.56900000006863,fp32,,train_step,small,autograd::engine::evaluate_function: RsqrtBackward0,5222.556640625,5414.0,backward,ok,torch.profiler,small_c512
25,512,1243.7850000000035,77.56900000006863,fp32,,train_step,small,RsqrtBackward0,5222.556640625,5414.0,backward,ok,torch.profiler,small_c512
73,512,348.05499999997846,0,fp32,,train_step,small,autograd::engine::evaluate_function: AddBackward0,5222.556640625,5414.0,backward,ok,torch.profiler,small_c512
73,512,56.90799999994488,0,fp32,,train_step,small,AddBackward0,5222.556640625,5414.0,backward,ok,torch.profiler,small_c512
25,512,819.4710000000196,109.47400000004563,fp32,,train_step,small,autograd::engine::evaluate_function: MeanBackward1,5222.556640625,5414.0,backward,ok,torch.profiler,small_c512
25,512,704.25900000002,109.47400000004563,fp32,,train_step,small,MeanBackward1,5222.556640625,5414.0,backward,ok,torch.profiler,small_c512
51,512,0,307.4910000000091,fp32,,train_step,small,"void at::native::vectorized_elementwise_kernel<4, at::native::AUnaryFunctor<float, float, float, at::native::binary_internal::MulFunctor<float> >, std::array<char*, 2ul> >(int, at::native::AUnaryFunctor<float, float, float, at::native::binary_internal::MulFunctor<float> >, std::array<char*, 2ul>)",5222.556640625,5414.0,,ok,torch.profiler,small_c512
256,512,1525.402999999962,3312.962000000014,fp32,,train_step,small,aten::add_,5222.556640625,5414.0,,ok,torch.profiler,small_c512
1,512,0,580.4160000000047,fp32,,train_step,small,void cutlass::Kernel2<cutlass_80_simt_sgemm_128x256_8x4_nt_align1>(cutlass_80_simt_sgemm_128x256_8x4_nt_align1::Params),5222.556640625,5414.0,,ok,torch.profiler,small_c512
12,512,423.612000000001,1382.558000000019,fp32,,train_step,small,autograd::engine::evaluate_function: SigmoidBackward0,5222.556640625,5414.0,backward,ok,torch.profiler,small_c512
12,512,193.52900000000227,932.0620000000054,fp32,,train_step,small,SigmoidBackward0,5222.556640625,5414.0,backward,ok,torch.profiler,small_c512
12,512,153.73399999999674,932.0620000000054,fp32,,train_step,small,aten::sigmoid_backward,5222.556640625,5414.0,backward,ok,torch.profiler,small_c512
13,512,0,3286.5259999999907,fp32,,train_step,small,void cutlass::Kernel2<cutlass_80_simt_sgemm_256x128_8x4_nn_align1>(cutlass_80_simt_sgemm_256x128_8x4_nn_align1::Params),5222.556640625,5414.0,,ok,torch.profiler,small_c512
48,512,744.954000000027,63.93500000000495,fp32,,train_step,small,autograd::engine::evaluate_function: UnsafeViewBackward0,5222.556640625,5414.0,backward,ok,torch.profiler,small_c512
48,512,552.025000000016,63.93500000000495,fp32,,train_step,small,UnsafeViewBackward0,5222.556640625,5414.0,backward,ok,torch.profiler,small_c512
24,512,87.34799999999814,0,fp32,,train_step,small,autograd::engine::evaluate_function: CloneBackward0,5222.556640625,5414.0,backward,ok,torch.profiler,small_c512
24,512,8.433000000026368,0,fp32,,train_step,small,CloneBackward0,5222.556640625,5414.0,backward,ok,torch.profiler,small_c512
25,512,0,193.82400000002963,fp32,,train_step,small,"void at::native::reduce_kernel<128, 4, at::native::ReduceOp<float, at::native::func_wrapper_t<float, at::native::sum_functor<float, float, float>::operator()(at::TensorIterator&)::{lambda(float, float)#1}>, unsigned int, float, 4, 4> >(at::native::ReduceOp<float, at::native::func_wrapper_t<float, at::native::sum_functor<float, float, float>::operator()(at::TensorIterator&)::{lambda(float, float)#1}>, unsigned int, float, 4, 4>)",5222.556640625,5414.0,,ok,torch.profiler,small_c512
25,512,0,25.569000000017695,fp32,,train_step,small,"void at::native::vectorized_elementwise_kernel<4, at::native::(anonymous namespace)::pow_tensor_scalar_kernel_impl<float, float>(at::TensorIteratorBase&, float)::{lambda(float)#2}, std::array<char*, 2ul> >(int, at::native::(anonymous namespace)::pow_tensor_scalar_kernel_impl<float, float>(at::TensorIteratorBase&, float)::{lambda(float)#2}, std::array<char*, 2ul>)",5222.556640625,5414.0,,ok,torch.profiler,small_c512
48,512,179.1310000000376,0,fp32,,train_step,small,autograd::engine::evaluate_function: ExpandBackward0,5222.556640625,5414.0,backward,ok,torch.profiler,small_c512
48,512,22.401000000048953,0,fp32,,train_step,small,ExpandBackward0,5222.556640625,5414.0,backward,ok,torch.profiler,small_c512
36,512,0,7179.743000000002,fp32,,train_step,small,void cutlass::Kernel2<cutlass_80_simt_sgemm_256x128_8x4_nt_align1>(cutlass_80_simt_sgemm_256x128_8x4_nt_align1::Params),5222.556640625,5414.0,,ok,torch.profiler,small_c512
24,512,1448.003999999979,8407.425999999978,fp32,,train_step,small,autograd::engine::evaluate_function: DivBackward0,5222.556640625,5414.0,backward,ok,torch.profiler,small_c512
24,512,1061.9420000000246,7498.303999999967,fp32,,train_step,small,DivBackward0,5222.556640625,5414.0,backward,ok,torch.profiler,small_c512
48,512,613.4379999999583,2220.9620000000286,fp32,,train_step,small,aten::neg,5222.556640625,5414.0,,ok,torch.profiler,small_c512
12,512,327.1249999999927,928.8319999999949,fp32,,train_step,small,autograd::engine::evaluate_function: SumBackward1,5222.556640625,5414.0,backward,ok,torch.profiler,small_c512
12,512,82.02900000001682,0,fp32,,train_step,small,SumBackward1,5222.556640625,5414.0,backward,ok,torch.profiler,small_c512
12,512,243.74099999999453,1563.8090000000084,fp32,,train_step,small,autograd::engine::evaluate_function: ExpBackward0,5222.556640625,5414.0,backward,ok,torch.profiler,small_c512
12,512,180.79699999999139,1563.8090000000084,fp32,,train_step,small,ExpBackward0,5222.556640625,5414.0,backward,ok,torch.profiler,small_c512
36,512,893.4839999999531,1182.8810000000667,fp32,,train_step,small,autograd::engine::evaluate_function: SubBackward0,5222.556640625,5414.0,backward,ok,torch.profiler,small_c512
36,512,529.0050000000265,1001.6960000000254,fp32,,train_step,small,SubBackward0,5222.556640625,5414.0,backward,ok,torch.profiler,small_c512
12,512,783.2470000000103,1701.8199999999852,fp32,,train_step,small,autograd::engine::evaluate_function: MaxBackward0,5222.556640625,5414.0,backward,ok,torch.profiler,small_c512
12,512,540.1009999999878,353.5649999999732,fp32,,train_step,small,MaxBackward0,5222.556640625,5414.0,backward,ok,torch.profiler,small_c512
12,512,502.53299999998853,353.5649999999732,fp32,,train_step,small,aten::value_selecting_reduction_backward,5222.556640625,5414.0,backward,ok,torch.profiler,small_c512
12,512,239.37699999997858,271.7729999999938,fp32,,train_step,small,aten::zeros,5222.556640625,5414.0,,ok,torch.profiler,small_c512
13,512,161.7290000000212,285.85399999999936,fp32,,train_step,small,aten::zero_,5222.556640625,5414.0,,ok,torch.profiler,small_c512
12,512,222.56999999999243,81.79199999997945,fp32,,train_step,small,aten::scatter_,5222.556640625,5414.0,,ok,torch.profiler,small_c512
12,512,631.389999999963,772.7660000000105,fp32,,train_step,small,autograd::engine::evaluate_function: WhereBackward0,5222.556640625,5414.0,backward,ok,torch.profiler,small_c512
12,512,547.391999999978,772.7660000000105,fp32,,train_step,small,WhereBackward0,5222.556640625,5414.0,backward,ok,torch.profiler,small_c512
12,512,101.18499999998312,0,fp32,,train_step,small,autograd::engine::evaluate_function: TransposeBackward0,5222.556640625,5414.0,backward,ok,torch.profiler,small_c512
12,512,56.72400000002381,0,fp32,,train_step,small,TransposeBackward0,5222.556640625,5414.0,backward,ok,torch.profiler,small_c512
24,512,438.7300000000105,0,fp32,,train_step,small,autograd::engine::evaluate_function: CatBackward0,5222.556640625,5414.0,backward,ok,torch.profiler,small_c512
24,512,329.0310000000245,0,fp32,,train_step,small,CatBackward0,5222.556640625,5414.0,backward,ok,torch.profiler,small_c512
48,512,269.90200000003824,0,fp32,,train_step,small,aten::narrow,5222.556640625,5414.0,,ok,torch.profiler,small_c512
48,512,194.4939999999624,0,fp32,,train_step,small,aten::slice,5222.556640625,5414.0,,ok,torch.profiler,small_c512
24,512,693.9169999999867,166.20899999997346,fp32,,train_step,small,autograd::engine::evaluate_function: UnbindBackward0,5222.556640625,5414.0,backward,ok,torch.profiler,small_c512
24,512,566.8800000000483,166.20899999997346,fp32,,train_step,small,UnbindBackward0,5222.556640625,5414.0,backward,ok,torch.profiler,small_c512
24,512,517.6009999999806,166.20899999997346,fp32,,train_step,small,aten::stack,5222.556640625,5414.0,,ok,torch.profiler,small_c512
72,512,0,8748.511000000057,fp32,,train_step,small,ampere_sgemm_128x64_nn,5222.556640625,5414.0,,ok,torch.profiler,small_c512
12,512,0,932.0620000000054,fp32,,train_step,small,"void at::native::vectorized_elementwise_kernel<4, at::native::sigmoid_backward_kernel_cuda(at::TensorIteratorBase&)::{lambda()#2}::operator()() const::{lambda()#2}::operator()() const::{lambda(float, float)#1}, std::array<char*, 3ul> >(int, at::native::sigmoid_backward_kernel_cuda(at::TensorIteratorBase&)::{lambda()#2}::operator()() const::{lambda()#2}::operator()() const::{lambda(float, float)#1}, std::array<char*, 3ul>)",5222.556640625,5414.0,backward,ok,torch.profiler,small_c512
48,512,0,4392.478999999999,fp32,,train_step,small,ampere_sgemm_128x32_nt,5222.556640625,5414.0,,ok,torch.profiler,small_c512
24,512,0,1991.5190000000148,fp32,,train_step,small,ampere_sgemm_128x128_nt,5222.556640625,5414.0,,ok,torch.profiler,small_c512
24,512,0,2088.4170000000013,fp32,,train_step,small,"void at::native::vectorized_elementwise_kernel<4, at::native::neg_kernel_cuda(at::TensorIteratorBase&)::{lambda()#2}::operator()() const::{lambda()#7}::operator()() const::{lambda(float)#1}, std::array<char*, 2ul> >(int, at::native::neg_kernel_cuda(at::TensorIteratorBase&)::{lambda()#2}::operator()() const::{lambda()#7}::operator()() const::{lambda(float)#1}, std::array<char*, 2ul>)",5222.556640625,5414.0,,ok,torch.profiler,small_c512
12,512,0,81.79199999997945,fp32,,train_step,small,"void at::native::_scatter_gather_elementwise_kernel<128, 8, at::native::_cuda_scatter_gather_internal_kernel<true, at::native::OpaqueType<4>, long>::operator()<at::native::TensorAssign>(at::TensorIterator&, long, long, long, at::native::TensorAssign const&)::{lambda(int)#1}>(int, at::native::_cuda_scatter_gather_internal_kernel<true, at::native::OpaqueType<4>, long>::operator()<at::native::TensorAssign>(at::TensorIterator&, long, long, long, at::native::TensorAssign const&)::{lambda(int)#1})",5222.556640625,5414.0,,ok,torch.profiler,small_c512
24,512,0,132.54500000002736,fp32,,train_step,small,"void at::native::elementwise_kernel<128, 2, at::native::gpu_kernel_impl_nocast<at::native::neg_kernel_cuda(at::TensorIteratorBase&)::{lambda()#2}::operator()() const::{lambda()#7}::operator()() const::{lambda(float)#1}>(at::TensorIteratorBase&, at::native::neg_kernel_cuda(at::TensorIteratorBase&)::{lambda()#2}::operator()() const::{lambda()#7}::operator()() const::{lambda(float)#1} const&)::{lambda(int)#1}>(int, at::native::gpu_kernel_impl_nocast<at::native::neg_kernel_cuda(at::TensorIteratorBase&)::{lambda()#2}::operator()() const::{lambda()#7}::operator()() const::{lambda(float)#1}>(at::TensorIteratorBase&, at::native::neg_kernel_cuda(at::TensorIteratorBase&)::{lambda()#2}::operator()() const::{lambda()#7}::operator()() const::{lambda(float)#1} const&)::{lambda(int)#1})",5222.556640625,5414.0,,ok,torch.profiler,small_c512
12,512,0,55.168999999987136,fp32,,train_step,small,"void at::native::(anonymous namespace)::CatArrayBatchedCopy_vectorized<at::native::(anonymous namespace)::OpaqueType<4u>, unsigned int, 1, 128, 1, 16, 4>(char*, at::native::(anonymous namespace)::CatArrInputTensorMetadata<at::native::(anonymous namespace)::OpaqueType<4u>, unsigned int, 128, 1>, at::native::(anonymous namespace)::TensorSizeStride<unsigned int, 4u>, int, unsigned int)",5222.556640625,5414.0,,ok,torch.profiler,small_c512
1,512,178.13799999999173,32.354999999995925,fp32,,train_step,small,autograd::engine::evaluate_function: IndexBackward0,5222.556640625,5414.0,backward,ok,torch.profiler,small_c512
1,512,169.47500000000582,32.354999999995925,fp32,,train_step,small,IndexBackward0,5222.556640625,5414.0,backward,ok,torch.profiler,small_c512
1,512,21.148000000001048,14.081000000005588,fp32,,train_step,small,aten::new_zeros,5222.556640625,5414.0,,ok,torch.profiler,small_c512
1,512,6.38399999999092,0,fp32,,train_step,small,aten::new_empty,5222.556640625,5414.0,,ok,torch.profiler,small_c512
1,512,137.46899999999732,18.273999999990338,fp32,,train_step,small,aten::_index_put_impl_,5222.556640625,5414.0,,ok,torch.profiler,small_c512
1,512,19.04800000000978,2.36699999999837,fp32,,train_step,small,aten::remainder,5222.556640625,5414.0,,ok,torch.profiler,small_c512
1,512,20.356999999989057,1.6330000000016298,fp32,,train_step,small,aten::divide_,5222.556640625,5414.0,,ok,torch.profiler,small_c512
1,512,16.898000000001048,1.6330000000016298,fp32,,train_step,small,aten::div_,5222.556640625,5414.0,,ok,torch.profiler,small_c512
2,512,0.17699999999604188,0,fp32,,train_step,small,cudaPeekAtLastError,5222.556640625,5414.0,,ok,torch.profiler,small_c512
1,512,2771.7750000000087,11173.506999999983,fp32,,train_step,small,optimizer,5222.556640625,5414.0,optimizer,ok,torch.profiler,small_c512
1,512,2739.5080000000016,11173.506999999983,fp32,,train_step,small,Optimizer.step#AdamW.step,5222.556640625,5414.0,optimizer,ok,torch.profiler,small_c512
1,512,1.7030000000086147,0,fp32,,train_step,small,cudaStreamIsCapturing,5222.556640625,5414.0,,ok,torch.profiler,small_c512
1,512,0.46000000000640284,0,fp32,,train_step,small,aten::lift_fresh,5222.556640625,5414.0,,ok,torch.profiler,small_c512
1,512,1.8300000000017462,0,fp32,,train_step,small,aten::detach_,5222.556640625,5414.0,,ok,torch.profiler,small_c512
1,512,0.7909999999974389,0,fp32,,train_step,small,detach_,5222.556640625,5414.0,,ok,torch.profiler,small_c512
2,512,218.74300000001676,1129.9519999999902,fp32,,train_step,small,aten::_foreach_add_,5222.556640625,5414.0,,ok,torch.profiler,small_c512
2,512,132.69499999999243,2258.688999999955,fp32,,train_step,small,aten::_foreach_mul_,5222.556640625,5414.0,,ok,torch.profiler,small_c512
1,512,67.09799999999814,1663.455999999991,fp32,,train_step,small,aten::_foreach_lerp_,5222.556640625,5414.0,,ok,torch.profiler,small_c512
1,512,71.81699999999546,1663.0720000000292,fp32,,train_step,small,aten::_foreach_addcmul_,5222.556640625,5414.0,,ok,torch.profiler,small_c512
222,512,265.65999999998894,0,fp32,,train_step,small,aten::item,5222.556640625,5414.0,,ok,torch.profiler,small_c512
222,512,56.80900000009569,0,fp32,,train_step,small,aten::_local_scalar_dense,5222.556640625,5414.0,,ok,torch.profiler,small_c512
1,512,593.5639999999985,1131.040999999983,fp32,,train_step,small,aten::_foreach_sqrt,5222.556640625,5414.0,,ok,torch.profiler,small_c512
1,512,59.744000000006054,1127.777000000031,fp32,,train_step,small,aten::_foreach_div_,5222.556640625,5414.0,,ok,torch.profiler,small_c512
1,512,80.63400000000547,2199.520000000004,fp32,,train_step,small,aten::_foreach_addcdiv_,5222.556640625,5414.0,,ok,torch.profiler,small_c512
2,512,11998.879,0,fp32,,train_step,small,cudaDeviceSynchronize,5222.556640625,5414.0,,ok,torch.profiler,small_c512
1,512,0,2.36699999999837,fp32,,train_step,small,"void at::native::vectorized_elementwise_kernel<2, at::native::BUnaryFunctor<long, long, long, at::native::remainder_kernel_cuda(at::TensorIteratorBase&)::{lambda()#1}::operator()() const::{lambda()#4}::operator()() const::{lambda(long, long)#1}>, std::array<char*, 2ul> >(int, at::native::BUnaryFunctor<long, long, long, at::native::remainder_kernel_cuda(at::TensorIteratorBase&)::{lambda()#1}::operator()() const::{lambda()#4}::operator()() const::{lambda(long, long)#1}>, std::array<char*, 2ul>)",5222.556640625,5414.0,,ok,torch.profiler,small_c512
1,512,0,1.1529999999911524,fp32,,train_step,small,"void at::native::vectorized_elementwise_kernel<2, at::native::AUnaryFunctor<long, long, long, at::native::binary_internal::MulFunctor<long> >, std::array<char*, 2ul> >(int, at::native::AUnaryFunctor<long, long, long, at::native::binary_internal::MulFunctor<long> >, std::array<char*, 2ul>)",5222.556640625,5414.0,,ok,torch.profiler,small_c512
1,512,0,1.6330000000016298,fp32,,train_step,small,"void at::native::vectorized_elementwise_kernel<2, at::native::BUnaryFunctor<long, long, long, at::native::binary_internal::div_trunc_kernel_cuda(at::TensorIteratorBase&)::{lambda()#1}::operator()() const::{lambda()#4}::operator()() const::{lambda(long, long)#1}>, std::array<char*, 2ul> >(int, at::native::BUnaryFunctor<long, long, long, at::native::binary_internal::div_trunc_kernel_cuda(at::TensorIteratorBase&)::{lambda()#1}::operator()() const::{lambda()#4}::operator()() const::{lambda(long, long)#1}>, std::array<char*, 2ul>)",5222.556640625,5414.0,,ok,torch.profiler,small_c512
1,512,0,5.855999999999767,fp32,,train_step,small,"void at_cuda_detail::cub::DeviceRadixSortSingleTileKernel<at_cuda_detail::cub::DeviceRadixSortPolicy<long, at::cuda::cub::detail::OpaqueType<8>, unsigned long long>::Policy900, false, long, at::cuda::cub::detail::OpaqueType<8>, unsigned long long, at_cuda_detail::cub::detail::identity_decomposer_t>(long const*, long*, at::cuda::cub::detail::OpaqueType<8> const*, at::cuda::cub::detail::OpaqueType<8>*, unsigned long long, int, int, at_cuda_detail::cub::detail::identity_decomposer_t)",5222.556640625,5414.0,,ok,torch.profiler,small_c512
1,512,0,6.400999999998021,fp32,,train_step,small,"void (anonymous namespace)::indexing_backward_kernel<float, 4>(long const*, long const*, float const*, float*, long, long, long, long, bool)",5222.556640625,5414.0,backward,ok,torch.profiler,small_c512
1,512,0,11208.962,fp32,,train_step,small,Optimizer.step#AdamW.step,5222.556640625,5414.0,optimizer,ok,torch.profiler,small_c512
14,512,0,2258.688999999955,fp32,,train_step,small,"void at::native::(anonymous namespace)::multi_tensor_apply_kernel<at::native::(anonymous namespace)::TensorListMetadata<1>, at::native::(anonymous namespace)::BinaryOpScalarFunctor<float, 1, 1, 0>, std::multiplies<float>, float>(at::native::(anonymous namespace)::TensorListMetadata<1>, at::native::(anonymous namespace)::BinaryOpScalarFunctor<float, 1, 1, 0>, std::multiplies<float>, float)",5222.556640625,5414.0,,ok,torch.profiler,small_c512
7,512,0,1663.455999999991,fp32,,train_step,small,"void at::native::(anonymous namespace)::multi_tensor_apply_kernel<at::native::(anonymous namespace)::TensorListMetadata<2>, at::native::(anonymous namespace)::TernaryOpScalarFunctor<float, 2, 2, 0>, at::native::LerpFunctor<float>, float>(at::native::(anonymous namespace)::TensorListMetadata<2>, at::native::(anonymous namespace)::TernaryOpScalarFunctor<float, 2, 2, 0>, at::native::LerpFunctor<float>, float)",5222.556640625,5414.0,,ok,torch.profiler,small_c512
7,512,0,1663.0720000000292,fp32,,train_step,small,"void at::native::(anonymous namespace)::multi_tensor_apply_kernel<at::native::(anonymous namespace)::TensorListMetadata<3>, at::native::(anonymous namespace)::PointwiseOpScalarFunctor<float, 3, 3, 0>, std::multiplies<float>, float>(at::native::(anonymous namespace)::TensorListMetadata<3>, at::native::(anonymous namespace)::PointwiseOpScalarFunctor<float, 3, 3, 0>, std::multiplies<float>, float)",5222.556640625,5414.0,,ok,torch.profiler,small_c512
7,512,0,1131.040999999983,fp32,,train_step,small,"void at::native::(anonymous namespace)::multi_tensor_apply_kernel<at::native::(anonymous namespace)::TensorListMetadata<2>, at::native::(anonymous namespace)::UnaryOpFunctor<float, 2, 1, 1>, at::native::Sqrt<float> >(at::native::(anonymous namespace)::TensorListMetadata<2>, at::native::(anonymous namespace)::UnaryOpFunctor<float, 2, 1, 1>, at::native::Sqrt<float>)",5222.556640625,5414.0,,ok,torch.profiler,small_c512
7,512,0,1127.777000000031,fp32,,train_step,small,"void at::native::(anonymous namespace)::multi_tensor_apply_kernel<at::native::(anonymous namespace)::TensorListScalarListMetadata<float, 1>, at::native::(anonymous namespace)::BinaryOpScalarListFunctor<float, 1, 1, 0>, std::divides<float> >(at::native::(anonymous namespace)::TensorListScalarListMetadata<float, 1>, at::native::(anonymous namespace)::BinaryOpScalarListFunctor<float, 1, 1, 0>, std::divides<float>)",5222.556640625,5414.0,,ok,torch.profiler,small_c512
7,512,0,1129.9519999999902,fp32,,train_step,small,"void at::native::(anonymous namespace)::multi_tensor_apply_kernel<at::native::(anonymous namespace)::TensorListMetadata<1>, at::native::(anonymous namespace)::BinaryOpScalarFunctor<float, 1, 1, 0>, std::plus<float>, float>(at::native::(anonymous namespace)::TensorListMetadata<1>, at::native::(anonymous namespace)::BinaryOpScalarFunctor<float, 1, 1, 0>, std::plus<float>, float)",5222.556640625,5414.0,,ok,torch.profiler,small_c512
7,512,0,2199.520000000004,fp32,,train_step,small,"void at::native::(anonymous namespace)::multi_tensor_apply_kernel<at::native::(anonymous namespace)::TensorListScalarListMetadata<float, 3>, at::native::(anonymous namespace)::PointwiseOpScalarListFunctor<float, 3, 3, 0>, std::divides<float> >(at::native::(anonymous namespace)::TensorListScalarListMetadata<float, 3>, at::native::(anonymous namespace)::PointwiseOpScalarListFunctor<float, 3, 3, 0>, std::divides<float>)",5222.556640625,5414.0,,ok,torch.profiler,small_c512
1,1024,233262.72199999998,105762.12299999972,fp32,,train_step,small,ProfilerStep*,11265.033203125,11942.0,,ok,torch.profiler,small_c1024
1,1024,126339.395,105762.12299999972,fp32,,train_step,small,profile/measure/train_step/0,11265.033203125,11942.0,,ok,torch.profiler,small_c1024
1,1024,175.84300000000002,0,fp32,,train_step,small,Optimizer.zero_grad#AdamW.zero_grad,11265.033203125,11942.0,optimizer,ok,torch.profiler,small_c1024
1,1024,31052.04,70534.06599999996,fp32,,train_step,small,forward,11265.033203125,11942.0,forward,ok,torch.profiler,small_c1024
1,1024,1006.819,0,fp32,,train_step,small,Unrecognized,11265.033203125,11942.0,,ok,torch.profiler,small_c1024
1,1024,61.659000000000106,17.75999999999999,fp32,,train_step,small,aten::index,11265.033203125,11942.0,,ok,torch.profiler,small_c1024
2015,1024,1359.9230000002015,0,fp32,,train_step,small,aten::as_strided,11265.033203125,11942.0,,ok,torch.profiler,small_c1024
800,1024,5219.823000000011,1249.3179999998893,fp32,,train_step,small,aten::reshape,11265.033203125,11942.0,,ok,torch.profiler,small_c1024
802,1024,1396.5790000000313,0,fp32,,train_step,small,aten::view,11265.033203125,11942.0,,ok,torch.profiler,small_c1024
1762,1024,40327.964000000116,23502.617999999813,fp32,,train_step,small,cudaLaunchKernel,11265.033203125,11942.0,,ok,torch.profiler,small_c1024
1,1024,0,71666.418,fp32,,train_step,small,forward,11265.033203125,11942.0,forward,ok,torch.profiler,small_c1024
1,1024,0,17.75999999999999,fp32,,train_step,small,"void at::native::vectorized_gather_kernel<16, long>(char*, char*, long*, int, long, long, long, long, bool)",11265.033203125,11942.0,,ok,torch.profiler,small_c1024
154,1024,62.07999999993194,0,fp32,,train_step,small,aten::to,11265.033203125,11942.0,,ok,torch.profiler,small_c1024
77,1024,3495.001000000003,1132.863999999952,fp32,,train_step,small,aten::pow,11265.033203125,11942.0,,ok,torch.profiler,small_c1024
77,1024,36.62799999999811,0,fp32,,train_step,small,aten::result_type,11265.033203125,11942.0,,ok,torch.profiler,small_c1024
26,1024,0,532.1930000000082,fp32,,train_step,small,"void at::native::vectorized_elementwise_kernel<4, at::native::(anonymous namespace)::pow_tensor_scalar_kernel_impl<float, float>(at::TensorIteratorBase&, float)::{lambda(float)#1}, std::array<char*, 2ul> >(int, at::native::(anonymous namespace)::pow_tensor_scalar_kernel_impl<float, float>(at::TensorIteratorBase&, float)::{lambda(float)#1}, std::array<char*, 2ul>)",11265.033203125,11942.0,,ok,torch.profiler,small_c1024
26,1024,543.7460000000008,352.44600000000446,fp32,,train_step,small,aten::mean,11265.033203125,11942.0,,ok,torch.profiler,small_c1024
26,1024,0,352.0940000000055,fp32,,train_step,small,"void at::native::reduce_kernel<512, 1, at::native::ReduceOp<float, at::native::MeanOps<float, float, float, float>, unsigned int, float, 4, 4> >(at::native::ReduceOp<float, at::native::MeanOps<float, float, float, float>, unsigned int, float, 4, 4>)",11265.033203125,11942.0,,ok,torch.profiler,small_c1024
97,1024,2520.7450000000017,944.157999999951,fp32,,train_step,small,aten::add,11265.033203125,11942.0,,ok,torch.profiler,small_c1024
25,1024,0,27.933999999986327,fp32,,train_step,small,"void at::native::vectorized_elementwise_kernel<4, at::native::CUDAFunctorOnSelf_add<float>, std::array<char*, 2ul> >(int, at::native::CUDAFunctorOnSelf_add<float>, std::array<char*, 2ul>)",11265.033203125,11942.0,,ok,torch.profiler,small_c1024
25,1024,370.07100000000924,25.919999999966194,fp32,,train_step,small,aten::rsqrt,11265.033203125,11942.0,,ok,torch.profiler,small_c1024
25,1024,0,25.919999999966194,fp32,,train_step,small,"void at::native::vectorized_elementwise_kernel<4, at::native::rsqrt_kernel_cuda(at::TensorIteratorBase&)::{lambda()#2}::operator()() const::{lambda()#2}::operator()() const::{lambda(float)#1}, std::array<char*, 2ul> >(int, at::native::rsqrt_kernel_cuda(at::TensorIteratorBase&)::{lambda()#2}::operator()() const::{lambda()#2}::operator()() const::{lambda(float)#1}, std::array<char*, 2ul>)",11265.033203125,11942.0,,ok,torch.profiler,small_c1024
541,1024,17069.401000000078,31429.634999999762,fp32,,train_step,small,aten::mul,11265.033203125,11942.0,,ok,torch.profiler,small_c1024
292,1024,0,2888.859999999906,fp32,,train_step,small,"void at::native::elementwise_kernel<128, 2, at::native::gpu_kernel_impl_nocast<at::native::BinaryFunctor<float, float, float, at::native::binary_internal::MulFunctor<float> > >(at::TensorIteratorBase&, at::native::BinaryFunctor<float, float, float, at::native::binary_internal::MulFunctor<float> > const&)::{lambda(int)#1}>(int, at::native::gpu_kernel_impl_nocast<at::native::BinaryFunctor<float, float, float, at::native::binary_internal::MulFunctor<float> > >(at::TensorIteratorBase&, at::native::BinaryFunctor<float, float, float, at::native::binary_internal::MulFunctor<float> > const&)::{lambda(int)#1})",11265.033203125,11942.0,,ok,torch.profiler,small_c1024
85,1024,8134.913999999993,26734.789999999994,fp32,,train_step,small,aten::einsum,11265.033203125,11942.0,,ok,torch.profiler,small_c1024
267,1024,990.1259999999852,0,fp32,,train_step,small,aten::unsqueeze,11265.033203125,11942.0,,ok,torch.profiler,small_c1024
994,1024,3421.46000000001,0,fp32,,train_step,small,aten::permute,11265.033203125,11942.0,,ok,torch.profiler,small_c1024
121,1024,291.3529999999919,0,fp32,,train_step,small,aten::_reshape_alias,11265.033203125,11942.0,,ok,torch.profiler,small_c1024
327,1024,18107.695999999934,89224.1700000001,fp32,,train_step,small,aten::bmm,11265.033203125,11942.0,,ok,torch.profiler,small_c1024
247,1024,6606.109999999955,0,fp32,,train_step,small,cudaMemsetAsync,11265.033203125,11942.0,,ok,torch.profiler,small_c1024
97,1024,124.23199999998815,0,fp32,,train_step,small,cudaOccupancyMaxActiveBlocksPerMultiprocessor,11265.033203125,11942.0,,ok,torch.profiler,small_c1024
247,1024,0,271.78100000004906,fp32,,train_step,small,Memset (Device),11265.033203125,11942.0,,ok,torch.profiler,small_c1024
84,1024,0,25240.581999999995,fp32,,train_step,small,ampere_sgemm_128x64_tn,11265.033203125,11942.0,,ok,torch.profiler,small_c1024
48,1024,445.1809999999891,0,fp32,,train_step,small,aten::unbind,11265.033203125,11942.0,,ok,torch.profiler,small_c1024
96,1024,269.3849999999975,0,fp32,,train_step,small,aten::select,11265.033203125,11942.0,,ok,torch.profiler,small_c1024
24,1024,44.04500000000735,0,fp32,,train_step,small,aten::alias,11265.033203125,11942.0,,ok,torch.profiler,small_c1024
36,1024,572.4319999999925,4680.609000000024,fp32,,train_step,small,aten::sub,11265.033203125,11942.0,,ok,torch.profiler,small_c1024
229,1024,0,11591.547999999879,fp32,,train_step,small,"void at::native::vectorized_elementwise_kernel<4, at::native::CUDAFunctor_add<float>, std::array<char*, 3ul> >(int, at::native::CUDAFunctor_add<float>, std::array<char*, 3ul>)",11265.033203125,11942.0,,ok,torch.profiler,small_c1024
24,1024,491.02599999999984,288.0970000000284,fp32,,train_step,small,aten::concat,11265.033203125,11942.0,,ok,torch.profiler,small_c1024
48,1024,898.4129999999905,568.161000000056,fp32,,train_step,small,aten::cat,11265.033203125,11942.0,,ok,torch.profiler,small_c1024
36,1024,0,475.1050000000737,fp32,,train_step,small,"void at::native::(anonymous namespace)::CatArrayBatchedCopy<at::native::(anonymous namespace)::OpaqueType<4u>, unsigned int, 4, 64, 64>(at::native::(anonymous namespace)::OpaqueType<4u>*, at::native::(anonymous namespace)::CatArrInputTensorMetadata<at::native::(anonymous namespace)::OpaqueType<4u>, unsigned int, 64, 64>, at::native::(anonymous namespace)::TensorSizeStride<unsigned int, 4u>, int, unsigned int)",11265.033203125,11942.0,,ok,torch.profiler,small_c1024
26,1024,491.8039999999851,28.995999999927335,fp32,,train_step,small,aten::arange,11265.033203125,11942.0,,ok,torch.profiler,small_c1024
173,1024,793.4960000000169,0,fp32,,train_step,small,aten::empty,11265.033203125,11942.0,,ok,torch.profiler,small_c1024
37,1024,127.23899999997911,0,fp32,,train_step,small,aten::resize_,11265.033203125,11942.0,,ok,torch.profiler,small_c1024
13,1024,0,14.497999999963668,fp32,,train_step,small,"void (anonymous namespace)::elementwise_kernel_with_index<int, at::native::arange_cuda_out(c10::Scalar const&, c10::Scalar const&, c10::Scalar const&, at::Tensor&)::{lambda()#1}::operator()() const::{lambda()#4}::operator()() const::{lambda(long)#1}>(int, at::native::arange_cuda_out(c10::Scalar const&, c10::Scalar const&, c10::Scalar const&, at::Tensor&)::{lambda()#1}::operator()() const::{lambda()#4}::operator()() const::{lambda(long)#1}, function_traits<at::native::arange_cuda_out(c10::Scalar const&, c10::Scalar const&, c10::Scalar const&, at::Tensor&)::{lambda()#1}::operator()() const::{lambda()#4}::operator()() const::{lambda(long)#1}>::result_type*)",11265.033203125,11942.0,,ok,torch.profiler,small_c1024
12,1024,212.40800000000309,40.03400000000511,fp32,,train_step,small,aten::ge,11265.033203125,11942.0,,ok,torch.profiler,small_c1024
12,1024,0,40.03400000000511,fp32,,train_step,small,"void at::native::elementwise_kernel<128, 4, at::native::gpu_kernel_impl_nocast<at::native::(anonymous namespace)::CompareFunctor<long> >(at::TensorIteratorBase&, at::native::(anonymous namespace)::CompareFunctor<long> const&)::{lambda(int)#1}>(int, at::native::gpu_kernel_impl_nocast<at::native::(anonymous namespace)::CompareFunctor<long> >(at::TensorIteratorBase&, at::native::(anonymous namespace)::CompareFunctor<long> const&)::{lambda(int)#1})",11265.033203125,11942.0,,ok,torch.profiler,small_c1024
12,1024,1783.6740000000023,7871.268999999987,fp32,,train_step,small,attention/scores,11265.033203125,11942.0,attention/scores,ok,torch.profiler,small_c1024
242,1024,943.7219999997837,0,fp32,,train_step,small,aten::transpose,11265.033203125,11942.0,,ok,torch.profiler,small_c1024
24,1024,2010.5329999999958,6768.451999999985,fp32,,train_step,small,aten::matmul,11265.033203125,11942.0,,ok,torch.profiler,small_c1024
87,1024,489.4090000000124,0,fp32,,train_step,small,aten::expand,11265.033203125,11942.0,,ok,torch.profiler,small_c1024
12,1024,0,7879.269000000002,fp32,,train_step,small,attention/scores,11265.033203125,11942.0,attention/scores,ok,torch.profiler,small_c1024
25,1024,0,7042.823999999986,fp32,,train_step,small,ampere_sgemm_128x128_tn,11265.033203125,11942.0,,ok,torch.profiler,small_c1024
120,1024,191.949000000041,0,fp32,,train_step,small,aten::_unsafe_view,11265.033203125,11942.0,,ok,torch.profiler,small_c1024
98,1024,1774.9950000000545,30392.773999999998,fp32,,train_step,small,aten::div,11265.033203125,11942.0,,ok,torch.profiler,small_c1024
12,1024,1049.6390000000051,3936.0950000000025,fp32,,train_step,small,attention/mask,11265.033203125,11942.0,,ok,torch.profiler,small_c1024
48,1024,3750.6150000000016,15702.976000000068,fp32,,train_step,small,aten::where,11265.033203125,11942.0,,ok,torch.profiler,small_c1024
24,1024,1774.7619999999933,33.28000000004522,fp32,,train_step,small,aten::scalar_tensor,11265.033203125,11942.0,,ok,torch.profiler,small_c1024
38,1024,1703.2600000000207,2035.1340000000228,fp32,,train_step,small,aten::fill_,11265.033203125,11942.0,,ok,torch.profiler,small_c1024
12,1024,1717.2940000000008,20490.408000000025,fp32,,train_step,small,attention/softmax,11265.033203125,11942.0,attention/softmax,ok,torch.profiler,small_c1024
12,1024,341.9099999999985,3146.1759999999917,fp32,,train_step,small,aten::max,11265.033203125,11942.0,,ok,torch.profiler,small_c1024
24,1024,0,10189.345000000025,fp32,,train_step,small,"void at::native::vectorized_elementwise_kernel<4, at::native::BUnaryFunctor<float, float, float, at::native::binary_internal::MulFunctor<float> >, std::array<char*, 2ul> >(int, at::native::BUnaryFunctor<float, float, float, at::native::binary_internal::MulFunctor<float> >, std::array<char*, 2ul>)",11265.033203125,11942.0,,ok,torch.profiler,small_c1024
12,1024,189.02200000000857,5081.825000000004,fp32,,train_step,small,aten::exp,11265.033203125,11942.0,,ok,torch.profiler,small_c1024
86,1024,4754.227000000022,9786.794000000245,fp32,,train_step,small,aten::sum,11265.033203125,11942.0,,ok,torch.profiler,small_c1024
12,1024,1508.7899999999945,3971.551999999984,fp32,,train_step,small,attention/value,11265.033203125,11942.0,attention/value,ok,torch.profiler,small_c1024
96,1024,2197.5769999999743,1249.3179999998893,fp32,,train_step,small,aten::clone,11265.033203125,11942.0,,ok,torch.profiler,small_c1024
99,1024,653.5560000000387,0,fp32,,train_step,small,aten::empty_like,11265.033203125,11942.0,,ok,torch.profiler,small_c1024
207,1024,5025.198999999991,3620.228999999853,fp32,,train_step,small,aten::copy_,11265.033203125,11942.0,,ok,torch.profiler,small_c1024
12,1024,0,3943.8400000000074,fp32,,train_step,small,attention/mask,11265.033203125,11942.0,,ok,torch.profiler,small_c1024
38,1024,0,2035.1340000000228,fp32,,train_step,small,"void at::native::vectorized_elementwise_kernel<4, at::native::FillFunctor<float>, std::array<char*, 1ul> >(int, at::native::FillFunctor<float>, std::array<char*, 1ul>)",11265.033203125,11942.0,,ok,torch.profiler,small_c1024
24,1024,0,7834.848000000011,fp32,,train_step,small,"void at::native::elementwise_kernel<128, 2, at::native::gpu_kernel_impl_nocast<at::native::(anonymous namespace)::where_kernel_impl(at::TensorIterator&)::{lambda()#1}::operator()() const::{lambda()#11}::operator()() const::{lambda(bool, float, float)#1}>(at::TensorIteratorBase&, at::native::(anonymous namespace)::where_kernel_impl(at::TensorIterator&)::{lambda()#1}::operator()() const::{lambda()#11}::operator()() const::{lambda(bool, float, float)#1} const&)::{lambda(int)#1}>(int, at::native::gpu_kernel_impl_nocast<at::native::(anonymous namespace)::where_kernel_impl(at::TensorIterator&)::{lambda()#1}::operator()() const::{lambda()#11}::operator()() const::{lambda(bool, float, float)#1}>(at::TensorIteratorBase&, at::native::(anonymous namespace)::where_kernel_impl(at::TensorIterator&)::{lambda()#1}::operator()() const::{lambda()#11}::operator()() const::{lambda(bool, float, float)#1} const&)::{lambda(int)#1})",11265.033203125,11942.0,,ok,torch.profiler,small_c1024
12,1024,0,20521.862,fp32,,train_step,small,attention/softmax,11265.033203125,11942.0,attention/softmax,ok,torch.profiler,small_c1024
12,1024,0,3146.1759999999917,fp32,,train_step,small,"void at::native::reduce_kernel<512, 1, at::native::ReduceOp<float, at::native::MaxOps<float>, unsigned int, float, 4, 4> >(at::native::ReduceOp<float, at::native::MaxOps<float>, unsigned int, float, 4, 4>)",11265.033203125,11942.0,,ok,torch.profiler,small_c1024
12,1024,234.5389999999984,1127.7120000000014,fp32,,train_step,small,aten::sigmoid,11265.033203125,11942.0,,ok,torch.profiler,small_c1024
24,1024,0,8998.660000000007,fp32,,train_step,small,"void at::native::elementwise_kernel<128, 2, at::native::gpu_kernel_impl_nocast<at::native::CUDAFunctor_add<float> >(at::TensorIteratorBase&, at::native::CUDAFunctor_add<float> const&)::{lambda(int)#1}>(int, at::native::gpu_kernel_impl_nocast<at::native::CUDAFunctor_add<float> >(at::TensorIteratorBase&, at::native::CUDAFunctor_add<float> const&)::{lambda(int)#1})",11265.033203125,11942.0,,ok,torch.profiler,small_c1024
12,1024,0,5081.825000000004,fp32,,train_step,small,"void at::native::vectorized_elementwise_kernel<4, at::native::exp_kernel_cuda(at::TensorIteratorBase&)::{lambda()#2}::operator()() const::{lambda()#2}::operator()() const::{lambda(float)#1}, std::array<char*, 2ul> >(int, at::native::exp_kernel_cuda(at::TensorIteratorBase&)::{lambda()#2}::operator()() const::{lambda()#2}::operator()() const::{lambda(float)#1}, std::array<char*, 2ul>)",11265.033203125,11942.0,,ok,torch.profiler,small_c1024
61,1024,0,9512.069000000021,fp32,,train_step,small,"void at::native::reduce_kernel<512, 1, at::native::ReduceOp<float, at::native::func_wrapper_t<float, at::native::sum_functor<float, float, float>::operator()(at::TensorIterator&)::{lambda(float, float)#1}>, unsigned int, float, 4, 4> >(at::native::ReduceOp<float, at::native::func_wrapper_t<float, at::native::sum_functor<float, float, float>::operator()(at::TensorIterator&)::{lambda(float, float)#1}>, unsigned int, float, 4, 4>)",11265.033203125,11942.0,,ok,torch.profiler,small_c1024
48,1024,0,19889.570999999996,fp32,,train_step,small,"void at::native::elementwise_kernel<128, 2, at::native::gpu_kernel_impl_nocast<at::native::BinaryFunctor<float, float, float, at::native::binary_internal::DivFunctor<float> > >(at::TensorIteratorBase&, at::native::BinaryFunctor<float, float, float, at::native::binary_internal::DivFunctor<float> > const&)::{lambda(int)#1}>(int, at::native::gpu_kernel_impl_nocast<at::native::BinaryFunctor<float, float, float, at::native::binary_internal::DivFunctor<float> > >(at::TensorIteratorBase&, at::native::BinaryFunctor<float, float, float, at::native::binary_internal::DivFunctor<float> > const&)::{lambda(int)#1})",11265.033203125,11942.0,,ok,torch.profiler,small_c1024
12,1024,0,3979.6159999999827,fp32,,train_step,small,attention/value,11265.033203125,11942.0,attention/value,ok,torch.profiler,small_c1024
181,1024,0,3051.1409999999078,fp32,,train_step,small,"void at::native::elementwise_kernel<128, 2, at::native::gpu_kernel_impl_nocast<at::native::direct_copy_kernel_cuda(at::TensorIteratorBase&)::{lambda()#3}::operator()() const::{lambda()#7}::operator()() const::{lambda(float)#1}>(at::TensorIteratorBase&, at::native::direct_copy_kernel_cuda(at::TensorIteratorBase&)::{lambda()#3}::operator()() const::{lambda()#7}::operator()() const::{lambda(float)#1} const&)::{lambda(int)#1}>(int, at::native::gpu_kernel_impl_nocast<at::native::direct_copy_kernel_cuda(at::TensorIteratorBase&)::{lambda()#3}::operator()() const::{lambda()#7}::operator()() const::{lambda(float)#1}>(at::TensorIteratorBase&, at::native::direct_copy_kernel_cuda(at::TensorIteratorBase&)::{lambda()#3}::operator()() const::{lambda()#7}::operator()() const::{lambda(float)#1} const&)::{lambda(int)#1})",11265.033203125,11942.0,,ok,torch.profiler,small_c1024
24,1024,0,7134.434000000032,fp32,,train_step,small,ampere_sgemm_128x128_nn,11265.033203125,11942.0,,ok,torch.profiler,small_c1024
12,1024,0,1127.7120000000014,fp32,,train_step,small,"void at::native::vectorized_elementwise_kernel<4, at::native::sigmoid_kernel_cuda(at::TensorIteratorBase&)::{lambda()#2}::operator()() const::{lambda()#2}::operator()() const::{lambda(float)#1}, std::array<char*, 2ul> >(int, at::native::sigmoid_kernel_cuda(at::TensorIteratorBase&)::{lambda()#2}::operator()() const::{lambda()#2}::operator()() const::{lambda(float)#1}, std::array<char*, 2ul>)",11265.033203125,11942.0,,ok,torch.profiler,small_c1024
197,1024,0,27972.837999999923,fp32,,train_step,small,"void at::native::vectorized_elementwise_kernel<4, at::native::BinaryFunctor<float, float, float, at::native::binary_internal::MulFunctor<float> >, std::array<char*, 3ul> >(int, at::native::BinaryFunctor<float, float, float, at::native::binary_internal::MulFunctor<float> >, std::array<char*, 3ul>)",11265.033203125,11942.0,,ok,torch.profiler,small_c1024
1,1024,98.51000000000204,559.8400000000111,fp32,,train_step,small,loss,11265.033203125,11942.0,,ok,torch.profiler,small_c1024
1,1024,30.16700000000128,336.8000000000029,fp32,,train_step,small,aten::square,11265.033203125,11942.0,,ok,torch.profiler,small_c1024
1,1024,86749.64199999999,1.312000000005355,fp32,,train_step,small,backward,11265.033203125,11942.0,backward,ok,torch.profiler,small_c1024
1,1024,25.89600000000064,1.312000000005355,fp32,,train_step,small,aten::ones_like,11265.033203125,11942.0,,ok,torch.profiler,small_c1024
197,1024,834.677999999989,0,fp32,,train_step,small,aten::empty_strided,11265.033203125,11942.0,,ok,torch.profiler,small_c1024
1,1024,86.86999999999898,130.3359999999957,fp32,,train_step,small,autograd::engine::evaluate_function: MeanBackward0,11265.033203125,11942.0,backward,ok,torch.profiler,small_c1024
1,1024,68.68700000000172,130.3359999999957,fp32,,train_step,small,MeanBackward0,11265.033203125,11942.0,backward,ok,torch.profiler,small_c1024
26,1024,2342.0,2270.4929999998276,fp32,,train_step,small,autograd::engine::evaluate_function: PowBackward0,11265.033203125,11942.0,backward,ok,torch.profiler,small_c1024
26,1024,1702.549999999992,1885.8559999998542,fp32,,train_step,small,PowBackward0,11265.033203125,11942.0,backward,ok,torch.profiler,small_c1024
26,1024,534.4759999999733,0,fp32,,train_step,small,cudaMemcpyAsync,11265.033203125,11942.0,,ok,torch.profiler,small_c1024
315,1024,3263.2759999999435,493.79299999999057,fp32,,train_step,small,autograd::engine::evaluate_function: ViewBackward0,11265.033203125,11942.0,backward,ok,torch.profiler,small_c1024
315,1024,2059.83000000002,493.79299999999057,fp32,,train_step,small,ViewBackward0,11265.033203125,11942.0,backward,ok,torch.profiler,small_c1024
497,1024,4304.111999999852,0,fp32,,train_step,small,autograd::engine::evaluate_function: PermuteBackward0,11265.033203125,11942.0,backward,ok,torch.profiler,small_c1024
497,1024,2407.8110000000706,0,fp32,,train_step,small,PermuteBackward0,11265.033203125,11942.0,backward,ok,torch.profiler,small_c1024
109,1024,16648.36999999999,56030.94400000012,fp32,,train_step,small,autograd::engine::evaluate_function: BmmBackward0,11265.033203125,11942.0,backward,ok,torch.profiler,small_c1024
109,1024,15730.313999999973,56030.94400000012,fp32,,train_step,small,BmmBackward0,11265.033203125,11942.0,backward,ok,torch.profiler,small_c1024
159,1024,72.24800000006144,0,fp32,,train_step,small,cudaDeviceGetAttribute,11265.033203125,11942.0,,ok,torch.profiler,small_c1024
158,1024,4189.42699999996,0,fp32,,train_step,small,cuLaunchKernel,11265.033203125,11942.0,,ok,torch.profiler,small_c1024
121,1024,1712.7209999999614,201.8279999999795,fp32,,train_step,small,autograd::engine::evaluate_function: ReshapeAliasBackward0,11265.033203125,11942.0,backward,ok,torch.profiler,small_c1024
121,1024,1157.4029999999766,201.8279999999795,fp32,,train_step,small,ReshapeAliasBackward0,11265.033203125,11942.0,backward,ok,torch.profiler,small_c1024
255,1024,4073.2509999999784,450.13999999989755,fp32,,train_step,small,autograd::engine::evaluate_function: UnsqueezeBackward0,11265.033203125,11942.0,backward,ok,torch.profiler,small_c1024
255,1024,1055.6519999999182,0,fp32,,train_step,small,UnsqueezeBackward0,11265.033203125,11942.0,backward,ok,torch.profiler,small_c1024
255,1024,799.8899999999376,0,fp32,,train_step,small,aten::squeeze,11265.033203125,11942.0,,ok,torch.profiler,small_c1024
111,1024,4689.659,1801.8230000000185,fp32,,train_step,small,autograd::engine::evaluate_function: torch::autograd::AccumulateGrad,11265.033203125,11942.0,,ok,torch.profiler,small_c1024
111,1024,4312.497999999967,1801.8230000000185,fp32,,train_step,small,torch::autograd::AccumulateGrad,11265.033203125,11942.0,,ok,torch.profiler,small_c1024
85,1024,627.4220000000169,0,fp32,,train_step,small,aten::new_empty_strided,11265.033203125,11942.0,,ok,torch.profiler,small_c1024
170,1024,19991.59400000004,11000.832000000111,fp32,,train_step,small,autograd::engine::evaluate_function: MulBackward0,11265.033203125,11942.0,backward,ok,torch.profiler,small_c1024
170,1024,10620.487999999972,9879.260999999897,fp32,,train_step,small,MulBackward0,11265.033203125,11942.0,backward,ok,torch.profiler,small_c1024
26,1024,59.29900000000998,0,fp32,,train_step,small,aten::detach,11265.033203125,11942.0,,ok,torch.profiler,small_c1024
26,1024,35.58800000001793,0,fp32,,train_step,small,detach,11265.033203125,11942.0,,ok,torch.profiler,small_c1024
25,1024,5454.767999999975,83.33099999991828,fp32,,train_step,small,autograd::engine::evaluate_function: RsqrtBackward0,11265.033203125,11942.0,backward,ok,torch.profiler,small_c1024
25,1024,5316.406000000039,83.33099999991828,fp32,,train_step,small,RsqrtBackward0,11265.033203125,11942.0,backward,ok,torch.profiler,small_c1024
73,1024,352.98999999994703,0,fp32,,train_step,small,autograd::engine::evaluate_function: AddBackward0,11265.033203125,11942.0,backward,ok,torch.profiler,small_c1024
73,1024,57.84399999999005,0,fp32,,train_step,small,AddBackward0,11265.033203125,11942.0,backward,ok,torch.profiler,small_c1024
25,1024,788.736000000019,183.52199999998265,fp32,,train_step,small,autograd::engine::evaluate_function: MeanBackward1,11265.033203125,11942.0,backward,ok,torch.profiler,small_c1024
25,1024,674.4519999999757,183.52199999998265,fp32,,train_step,small,MeanBackward1,11265.033203125,11942.0,backward,ok,torch.profiler,small_c1024
256,1024,6791.584000000083,14993.374999999898,fp32,,train_step,small,aten::add_,11265.033203125,11942.0,,ok,torch.profiler,small_c1024
12,1024,1979.6809999999896,3622.0800000000017,fp32,,train_step,small,autograd::engine::evaluate_function: SigmoidBackward0,11265.033203125,11942.0,backward,ok,torch.profiler,small_c1024
12,1024,511.91999999999825,1898.0800000000017,fp32,,train_step,small,SigmoidBackward0,11265.033203125,11942.0,backward,ok,torch.profiler,small_c1024
12,1024,474.62300000001414,1898.0800000000017,fp32,,train_step,small,aten::sigmoid_backward,11265.033203125,11942.0,backward,ok,torch.profiler,small_c1024
48,1024,756.5949999999721,95.61699999992561,fp32,,train_step,small,autograd::engine::evaluate_function: UnsafeViewBackward0,11265.033203125,11942.0,backward,ok,torch.profiler,small_c1024
48,1024,564.054999999993,95.61699999992561,fp32,,train_step,small,UnsafeViewBackward0,11265.033203125,11942.0,backward,ok,torch.profiler,small_c1024
24,1024,90.14200000002893,0,fp32,,train_step,small,autograd::engine::evaluate_function: CloneBackward0,11265.033203125,11942.0,backward,ok,torch.profiler,small_c1024
24,1024,8.23399999999674,0,fp32,,train_step,small,CloneBackward0,11265.033203125,11942.0,backward,ok,torch.profiler,small_c1024
48,1024,181.2869999999748,0,fp32,,train_step,small,autograd::engine::evaluate_function: ExpandBackward0,11265.033203125,11942.0,backward,ok,torch.profiler,small_c1024
48,1024,21.48599999997532,0,fp32,,train_step,small,ExpandBackward0,11265.033203125,11942.0,backward,ok,torch.profiler,small_c1024
24,1024,2723.6509999999835,36270.40400000011,fp32,,train_step,small,autograd::engine::evaluate_function: DivBackward0,11265.033203125,11942.0,backward,ok,torch.profiler,small_c1024
24,1024,1826.558000000019,33154.852000000086,fp32,,train_step,small,DivBackward0,11265.033203125,11942.0,backward,ok,torch.profiler,small_c1024
48,1024,1403.4270000000033,10359.618000000104,fp32,,train_step,small,aten::neg,11265.033203125,11942.0,,ok,torch.profiler,small_c1024
12,1024,336.0370000000039,4453.2179999999935,fp32,,train_step,small,autograd::engine::evaluate_function: SumBackward1,11265.033203125,11942.0,backward,ok,torch.profiler,small_c1024
12,1024,83.93000000000757,0,fp32,,train_step,small,SumBackward1,11265.033203125,11942.0,backward,ok,torch.profiler,small_c1024
12,1024,240.04800000000978,7711.1720000000205,fp32,,train_step,small,autograd::engine::evaluate_function: ExpBackward0,11265.033203125,11942.0,backward,ok,torch.profiler,small_c1024
12,1024,178.53299999998853,7711.1720000000205,fp32,,train_step,small,ExpBackward0,11265.033203125,11942.0,backward,ok,torch.profiler,small_c1024
36,1024,1235.5010000000548,8432.293000000122,fp32,,train_step,small,autograd::engine::evaluate_function: SubBackward0,11265.033203125,11942.0,backward,ok,torch.profiler,small_c1024
36,1024,864.2089999999953,5300.833000000101,fp32,,train_step,small,SubBackward0,11265.033203125,11942.0,backward,ok,torch.profiler,small_c1024
12,1024,796.8619999999937,9735.10399999989,fp32,,train_step,small,autograd::engine::evaluate_function: MaxBackward0,11265.033203125,11942.0,backward,ok,torch.profiler,small_c1024
12,1024,549.4769999999917,2139.070999999938,fp32,,train_step,small,MaxBackward0,11265.033203125,11942.0,backward,ok,torch.profiler,small_c1024
12,1024,514.8510000000315,2139.070999999938,fp32,,train_step,small,aten::value_selecting_reduction_backward,11265.033203125,11942.0,backward,ok,torch.profiler,small_c1024
12,1024,244.8159999999989,1977.3419999999605,fp32,,train_step,small,aten::zeros,11265.033203125,11942.0,,ok,torch.profiler,small_c1024
13,1024,165.86400000000867,2000.5419999999722,fp32,,train_step,small,aten::zero_,11265.033203125,11942.0,,ok,torch.profiler,small_c1024
12,1024,227.3810000000085,161.72899999997753,fp32,,train_step,small,aten::scatter_,11265.033203125,11942.0,,ok,torch.profiler,small_c1024
12,1024,2233.568000000014,3932.033000000054,fp32,,train_step,small,autograd::engine::evaluate_function: WhereBackward0,11265.033203125,11942.0,backward,ok,torch.profiler,small_c1024
12,1024,2148.719999999994,3932.033000000054,fp32,,train_step,small,WhereBackward0,11265.033203125,11942.0,backward,ok,torch.profiler,small_c1024
12,1024,105.04699999998411,0,fp32,,train_step,small,autograd::engine::evaluate_function: TransposeBackward0,11265.033203125,11942.0,backward,ok,torch.profiler,small_c1024
12,1024,58.6389999999883,0,fp32,,train_step,small,TransposeBackward0,11265.033203125,11942.0,backward,ok,torch.profiler,small_c1024
24,1024,436.97900000000664,0,fp32,,train_step,small,autograd::engine::evaluate_function: CatBackward0,11265.033203125,11942.0,backward,ok,torch.profiler,small_c1024
24,1024,326.01600000000326,0,fp32,,train_step,small,CatBackward0,11265.033203125,11942.0,backward,ok,torch.profiler,small_c1024
48,1024,264.3019999999524,0,fp32,,train_step,small,aten::narrow,11265.033203125,11942.0,,ok,torch.profiler,small_c1024
48,1024,187.85800000000745,0,fp32,,train_step,small,aten::slice,11265.033203125,11942.0,,ok,torch.profiler,small_c1024
24,1024,776.5340000000433,280.0640000000276,fp32,,train_step,small,autograd::engine::evaluate_function: UnbindBackward0,11265.033203125,11942.0,backward,ok,torch.profiler,small_c1024
24,1024,644.3919999999707,280.0640000000276,fp32,,train_step,small,UnbindBackward0,11265.033203125,11942.0,backward,ok,torch.profiler,small_c1024
24,1024,593.7779999999766,280.0640000000276,fp32,,train_step,small,aten::stack,11265.033203125,11942.0,,ok,torch.profiler,small_c1024
137,1024,39670.296000000046,23502.617999999813,fp32,,train_step,small,Command Buffer Full,11265.033203125,11942.0,,ok,torch.profiler,small_c1024
1,1024,0,562.4320000000007,fp32,,train_step,small,loss,11265.033203125,11942.0,,ok,torch.profiler,small_c1024
1,1024,0,1.312000000005355,fp32,,train_step,small,backward,11265.033203125,11942.0,backward,ok,torch.profiler,small_c1024
26,1024,0,313.85799999997835,fp32,,train_step,small,"void at::native::elementwise_kernel<128, 2, at::native::gpu_kernel_impl_nocast<at::native::BUnaryFunctor<float, float, float, at::native::binary_internal::MulFunctor<float> > >(at::TensorIteratorBase&, at::native::BUnaryFunctor<float, float, float, at::native::binary_internal::MulFunctor<float> > const&)::{lambda(int)#1}>(int, at::native::gpu_kernel_impl_nocast<at::native::BUnaryFunctor<float, float, float, at::native::binary_internal::MulFunctor<float> > >(at::TensorIteratorBase&, at::native::BUnaryFunctor<float, float, float, at::native::binary_internal::MulFunctor<float> > const&)::{lambda(int)#1})",11265.033203125,11942.0,,ok,torch.profiler,small_c1024
26,1024,0,569.0879999999452,fp32,,train_step,small,Memcpy DtoD (Device -> Device),11265.033203125,11942.0,,ok,torch.profiler,small_c1024
51,1024,0,566.8169999999373,fp32,,train_step,small,"void at::native::vectorized_elementwise_kernel<4, at::native::AUnaryFunctor<float, float, float, at::native::binary_internal::MulFunctor<float> >, std::array<char*, 2ul> >(int, at::native::AUnaryFunctor<float, float, float, at::native::binary_internal::MulFunctor<float> >, std::array<char*, 2ul>)",11265.033203125,11942.0,,ok,torch.profiler,small_c1024
37,1024,0,14812.102000000057,fp32,,train_step,small,void cutlass::Kernel2<cutlass_80_simt_sgemm_128x256_8x4_nt_align1>(cutlass_80_simt_sgemm_128x256_8x4_nt_align1::Params),11265.033203125,11942.0,,ok,torch.profiler,small_c1024
73,1024,0,15509.798999999955,fp32,,train_step,small,void cutlass::Kernel2<cutlass_80_simt_sgemm_256x128_8x4_nn_align1>(cutlass_80_simt_sgemm_256x128_8x4_nn_align1::Params),11265.033203125,11942.0,,ok,torch.profiler,small_c1024
25,1024,0,247.5860000001412,fp32,,train_step,small,"void at::native::reduce_kernel<128, 4, at::native::ReduceOp<float, at::native::func_wrapper_t<float, at::native::sum_functor<float, float, float>::operator()(at::TensorIterator&)::{lambda(float, float)#1}>, unsigned int, float, 4, 4> >(at::native::ReduceOp<float, at::native::func_wrapper_t<float, at::native::sum_functor<float, float, float>::operator()(at::TensorIterator&)::{lambda(float, float)#1}>, unsigned int, float, 4, 4>)",11265.033203125,11942.0,,ok,torch.profiler,small_c1024
25,1024,0,31.58299999999872,fp32,,train_step,small,"void at::native::vectorized_elementwise_kernel<4, at::native::(anonymous namespace)::pow_tensor_scalar_kernel_impl<float, float>(at::TensorIteratorBase&, float)::{lambda(float)#2}, std::array<char*, 2ul> >(int, at::native::(anonymous namespace)::pow_tensor_scalar_kernel_impl<float, float>(at::TensorIteratorBase&, float)::{lambda(float)#2}, std::array<char*, 2ul>)",11265.033203125,11942.0,,ok,torch.profiler,small_c1024
12,1024,0,5286.915000000066,fp32,,train_step,small,ampere_sgemm_128x64_nn,11265.033203125,11942.0,,ok,torch.profiler,small_c1024
12,1024,0,1898.0800000000017,fp32,,train_step,small,"void at::native::vectorized_elementwise_kernel<4, at::native::sigmoid_backward_kernel_cuda(at::TensorIteratorBase&)::{lambda()#2}::operator()() const::{lambda()#2}::operator()() const::{lambda(float, float)#1}, std::array<char*, 3ul> >(int, at::native::sigmoid_backward_kernel_cuda(at::TensorIteratorBase&)::{lambda()#2}::operator()() const::{lambda()#2}::operator()() const::{lambda(float, float)#1}, std::array<char*, 3ul>)",11265.033203125,11942.0,backward,ok,torch.profiler,small_c1024
48,1024,0,5805.221000000063,fp32,,train_step,small,void cutlass::Kernel2<cutlass_80_simt_sgemm_128x64_8x5_nt_align1>(cutlass_80_simt_sgemm_128x64_8x5_nt_align1::Params),11265.033203125,11942.0,,ok,torch.profiler,small_c1024
24,1024,0,8152.514999999999,fp32,,train_step,small,ampere_sgemm_128x128_nt,11265.033203125,11942.0,,ok,torch.profiler,small_c1024
24,1024,0,10127.971000000049,fp32,,train_step,small,"void at::native::vectorized_elementwise_kernel<4, at::native::neg_kernel_cuda(at::TensorIteratorBase&)::{lambda()#2}::operator()() const::{lambda()#7}::operator()() const::{lambda(float)#1}, std::array<char*, 2ul> >(int, at::native::neg_kernel_cuda(at::TensorIteratorBase&)::{lambda()#2}::operator()() const::{lambda()#7}::operator()() const::{lambda(float)#1}, std::array<char*, 2ul>)",11265.033203125,11942.0,,ok,torch.profiler,small_c1024
12,1024,0,161.72899999997753,fp32,,train_step,small,"void at::native::_scatter_gather_elementwise_kernel<128, 8, at::native::_cuda_scatter_gather_internal_kernel<true, at::native::OpaqueType<4>, long>::operator()<at::native::TensorAssign>(at::TensorIterator&, long, long, long, at::native::TensorAssign const&)::{lambda(int)#1}>(int, at::native::_cuda_scatter_gather_internal_kernel<true, at::native::OpaqueType<4>, long>::operator()<at::native::TensorAssign>(at::TensorIterator&, long, long, long, at::native::TensorAssign const&)::{lambda(int)#1})",11265.033203125,11942.0,,ok,torch.profiler,small_c1024
24,1024,0,231.6470000000554,fp32,,train_step,small,"void at::native::elementwise_kernel<128, 2, at::native::gpu_kernel_impl_nocast<at::native::neg_kernel_cuda(at::TensorIteratorBase&)::{lambda()#2}::operator()() const::{lambda()#7}::operator()() const::{lambda(float)#1}>(at::TensorIteratorBase&, at::native::neg_kernel_cuda(at::TensorIteratorBase&)::{lambda()#2}::operator()() const::{lambda()#7}::operator()() const::{lambda(float)#1} const&)::{lambda(int)#1}>(int, at::native::gpu_kernel_impl_nocast<at::native::neg_kernel_cuda(at::TensorIteratorBase&)::{lambda()#2}::operator()() const::{lambda()#7}::operator()() const::{lambda(float)#1}>(at::TensorIteratorBase&, at::native::neg_kernel_cuda(at::TensorIteratorBase&)::{lambda()#2}::operator()() const::{lambda()#7}::operator()() const::{lambda(float)#1} const&)::{lambda(int)#1})",11265.033203125,11942.0,,ok,torch.profiler,small_c1024
12,1024,0,93.0559999999823,fp32,,train_step,small,"void at::native::(anonymous namespace)::CatArrayBatchedCopy_vectorized<at::native::(anonymous namespace)::OpaqueType<4u>, unsigned int, 1, 128, 1, 16, 4>(char*, at::native::(anonymous namespace)::CatArrInputTensorMetadata<at::native::(anonymous namespace)::OpaqueType<4u>, unsigned int, 128, 1>, at::native::(anonymous namespace)::TensorSizeStride<unsigned int, 4u>, int, unsigned int)",11265.033203125,11942.0,,ok,torch.profiler,small_c1024
1,1024,768.9929999999877,58.271999999939,fp32,,train_step,small,autograd::engine::evaluate_function: IndexBackward0,11265.033203125,11942.0,backward,ok,torch.profiler,small_c1024
1,1024,759.9679999999935,58.271999999939,fp32,,train_step,small,IndexBackward0,11265.033203125,11942.0,backward,ok,torch.profiler,small_c1024
1,1024,21.079000000012456,23.20000000001164,fp32,,train_step,small,aten::new_zeros,11265.033203125,11942.0,,ok,torch.profiler,small_c1024
1,1024,6.297000000005937,0,fp32,,train_step,small,aten::new_empty,11265.033203125,11942.0,,ok,torch.profiler,small_c1024
1,1024,731.346000000005,35.07199999992736,fp32,,train_step,small,aten::_index_put_impl_,11265.033203125,11942.0,,ok,torch.profiler,small_c1024
1,1024,20.027000000001863,2.687999999994645,fp32,,train_step,small,aten::remainder,11265.033203125,11942.0,,ok,torch.profiler,small_c1024
1,1024,18.0170000000071,1.599999999976717,fp32,,train_step,small,aten::divide_,11265.033203125,11942.0,,ok,torch.profiler,small_c1024
1,1024,16.40700000000652,1.599999999976717,fp32,,train_step,small,aten::div_,11265.033203125,11942.0,,ok,torch.profiler,small_c1024
1,1024,1.3319999999948777,0,fp32,,train_step,small,cudaOccupancyMaxActiveBlocksPerMultiprocessorWithFlags,11265.033203125,11942.0,,ok,torch.profiler,small_c1024
4,1024,0.3600000000005821,0,fp32,,train_step,small,cudaPeekAtLastError,11265.033203125,11942.0,,ok,torch.profiler,small_c1024
1,1024,8171.297999999995,34666.90499999974,fp32,,train_step,small,optimizer,11265.033203125,11942.0,optimizer,ok,torch.profiler,small_c1024
1,1024,8139.351999999999,34666.90499999974,fp32,,train_step,small,Optimizer.step#AdamW.step,11265.033203125,11942.0,optimizer,ok,torch.profiler,small_c1024
1,1024,1.6529999999911524,0,fp32,,train_step,small,cudaStreamIsCapturing,11265.033203125,11942.0,,ok,torch.profiler,small_c1024
1,1024,0.27100000000791624,0,fp32,,train_step,small,aten::lift_fresh,11265.033203125,11942.0,,ok,torch.profiler,small_c1024
1,1024,1.9030000000057044,0,fp32,,train_step,small,aten::detach_,11265.033203125,11942.0,,ok,torch.profiler,small_c1024
1,1024,0.8470000000088476,0,fp32,,train_step,small,detach_,11265.033203125,11942.0,,ok,torch.profiler,small_c1024
2,1024,218.4369999999908,1129.1839999999502,fp32,,train_step,small,aten::_foreach_add_,11265.033203125,11942.0,,ok,torch.profiler,small_c1024
2,1024,3556.105999999985,15789.375999999756,fp32,,train_step,small,aten::_foreach_mul_,11265.033203125,11942.0,,ok,torch.profiler,small_c1024
1,1024,2104.004000000001,11630.745000000024,fp32,,train_step,small,aten::_foreach_lerp_,11265.033203125,11942.0,,ok,torch.profiler,small_c1024
1,1024,73.41599999999744,1665.4079999999958,fp32,,train_step,small,aten::_foreach_addcmul_,11265.033203125,11942.0,,ok,torch.profiler,small_c1024
222,1024,261.21599999997125,0,fp32,,train_step,small,aten::item,11265.033203125,11942.0,,ok,torch.profiler,small_c1024
222,1024,54.10399999994843,0,fp32,,train_step,small,aten::_local_scalar_dense,11265.033203125,11942.0,,ok,torch.profiler,small_c1024
1,1024,569.0019999999931,1125.9190000000235,fp32,,train_step,small,aten::_foreach_sqrt,11265.033203125,11942.0,,ok,torch.profiler,small_c1024
1,1024,60.65699999999197,1129.695999999938,fp32,,train_step,small,aten::_foreach_div_,11265.033203125,11942.0,,ok,torch.profiler,small_c1024
1,1024,79.52700000000186,2196.5770000000484,fp32,,train_step,small,aten::_foreach_addcdiv_,11265.033203125,11942.0,,ok,torch.profiler,small_c1024
2,1024,106440.357,0,fp32,,train_step,small,cudaDeviceSynchronize,11265.033203125,11942.0,,ok,torch.profiler,small_c1024
1,1024,0,2.687999999994645,fp32,,train_step,small,"void at::native::vectorized_elementwise_kernel<2, at::native::BUnaryFunctor<long, long, long, at::native::remainder_kernel_cuda(at::TensorIteratorBase&)::{lambda()#1}::operator()() const::{lambda()#4}::operator()() const::{lambda(long, long)#1}>, std::array<char*, 2ul> >(int, at::native::BUnaryFunctor<long, long, long, at::native::remainder_kernel_cuda(at::TensorIteratorBase&)::{lambda()#1}::operator()() const::{lambda()#4}::operator()() const::{lambda(long, long)#1}>, std::array<char*, 2ul>)",11265.033203125,11942.0,,ok,torch.profiler,small_c1024
1,1024,0,1.1199999999953434,fp32,,train_step,small,"void at::native::vectorized_elementwise_kernel<2, at::native::AUnaryFunctor<long, long, long, at::native::binary_internal::MulFunctor<long> >, std::array<char*, 2ul> >(int, at::native::AUnaryFunctor<long, long, long, at::native::binary_internal::MulFunctor<long> >, std::array<char*, 2ul>)",11265.033203125,11942.0,,ok,torch.profiler,small_c1024
1,1024,0,1.599999999976717,fp32,,train_step,small,"void at::native::vectorized_elementwise_kernel<2, at::native::BUnaryFunctor<long, long, long, at::native::binary_internal::div_trunc_kernel_cuda(at::TensorIteratorBase&)::{lambda()#1}::operator()() const::{lambda()#4}::operator()() const::{lambda(long, long)#1}>, std::array<char*, 2ul> >(int, at::native::BUnaryFunctor<long, long, long, at::native::binary_internal::div_trunc_kernel_cuda(at::TensorIteratorBase&)::{lambda()#1}::operator()() const::{lambda()#4}::operator()() const::{lambda(long, long)#1}>, std::array<char*, 2ul>)",11265.033203125,11942.0,,ok,torch.profiler,small_c1024
1,1024,0,2.176000000006752,fp32,,train_step,small,"void at_cuda_detail::cub::DeviceRadixSortHistogramKernel<at_cuda_detail::cub::DeviceRadixSortPolicy<long, at::cuda::cub::detail::OpaqueType<8>, unsigned long long>::Policy900, false, long, unsigned long long, at_cuda_detail::cub::detail::identity_decomposer_t>(unsigned long long*, long const*, unsigned long long, int, int, at_cuda_detail::cub::detail::identity_decomposer_t)",11265.033203125,11942.0,,ok,torch.profiler,small_c1024
1,1024,0,1.1520000000018626,fp32,,train_step,small,"void at_cuda_detail::cub::DeviceRadixSortExclusiveSumKernel<at_cuda_detail::cub::DeviceRadixSortPolicy<long, at::cuda::cub::detail::OpaqueType<8>, unsigned long long>::Policy900, unsigned long long>(unsigned long long*)",11265.033203125,11942.0,,ok,torch.profiler,small_c1024
2,1024,0,10.591999999975087,fp32,,train_step,small,"void at_cuda_detail::cub::DeviceRadixSortOnesweepKernel<at_cuda_detail::cub::DeviceRadixSortPolicy<long, at::cuda::cub::detail::OpaqueType<8>, unsigned long long>::Policy900, false, long, at::cuda::cub::detail::OpaqueType<8>, unsigned long long, int, int, at_cuda_detail::cub::detail::identity_decomposer_t>(int*, int*, unsigned long long*, unsigned long long const*, long*, long const*, at::cuda::cub::detail::OpaqueType<8>*, at::cuda::cub::detail::OpaqueType<8> const*, int, int, int, at_cuda_detail::cub::detail::identity_decomposer_t)",11265.033203125,11942.0,,ok,torch.profiler,small_c1024
1,1024,0,10.33599999998114,fp32,,train_step,small,"void (anonymous namespace)::indexing_backward_kernel<float, 4>(long const*, long const*, float const*, float*, long, long, long, long, bool)",11265.033203125,11942.0,backward,ok,torch.profiler,small_c1024
1,1024,0,11199.907000000007,fp32,,train_step,small,Optimizer.step#AdamW.step,11265.033203125,11942.0,optimizer,ok,torch.profiler,small_c1024
14,1024,0,2255.9679999999644,fp32,,train_step,small,"void at::native::(anonymous namespace)::multi_tensor_apply_kernel<at::native::(anonymous namespace)::TensorListMetadata<1>, at::native::(anonymous namespace)::BinaryOpScalarFunctor<float, 1, 1, 0>, std::multiplies<float>, float>(at::native::(anonymous namespace)::TensorListMetadata<1>, at::native::(anonymous namespace)::BinaryOpScalarFunctor<float, 1, 1, 0>, std::multiplies<float>, float)",11265.033203125,11942.0,,ok,torch.profiler,small_c1024
7,1024,0,1661.5350000000035,fp32,,train_step,small,"void at::native::(anonymous namespace)::multi_tensor_apply_kernel<at::native::(anonymous namespace)::TensorListMetadata<2>, at::native::(anonymous namespace)::TernaryOpScalarFunctor<float, 2, 2, 0>, at::native::LerpFunctor<float>, float>(at::native::(anonymous namespace)::TensorListMetadata<2>, at::native::(anonymous namespace)::TernaryOpScalarFunctor<float, 2, 2, 0>, at::native::LerpFunctor<float>, float)",11265.033203125,11942.0,,ok,torch.profiler,small_c1024
7,1024,0,1665.4079999999958,fp32,,train_step,small,"void at::native::(anonymous namespace)::multi_tensor_apply_kernel<at::native::(anonymous namespace)::TensorListMetadata<3>, at::native::(anonymous namespace)::PointwiseOpScalarFunctor<float, 3, 3, 0>, std::multiplies<float>, float>(at::native::(anonymous namespace)::TensorListMetadata<3>, at::native::(anonymous namespace)::PointwiseOpScalarFunctor<float, 3, 3, 0>, std::multiplies<float>, float)",11265.033203125,11942.0,,ok,torch.profiler,small_c1024
7,1024,0,1125.9190000000235,fp32,,train_step,small,"void at::native::(anonymous namespace)::multi_tensor_apply_kernel<at::native::(anonymous namespace)::TensorListMetadata<2>, at::native::(anonymous namespace)::UnaryOpFunctor<float, 2, 1, 1>, at::native::Sqrt<float> >(at::native::(anonymous namespace)::TensorListMetadata<2>, at::native::(anonymous namespace)::UnaryOpFunctor<float, 2, 1, 1>, at::native::Sqrt<float>)",11265.033203125,11942.0,,ok,torch.profiler,small_c1024
7,1024,0,1129.695999999938,fp32,,train_step,small,"void at::native::(anonymous namespace)::multi_tensor_apply_kernel<at::native::(anonymous namespace)::TensorListScalarListMetadata<float, 1>, at::native::(anonymous namespace)::BinaryOpScalarListFunctor<float, 1, 1, 0>, std::divides<float> >(at::native::(anonymous namespace)::TensorListScalarListMetadata<float, 1>, at::native::(anonymous namespace)::BinaryOpScalarListFunctor<float, 1, 1, 0>, std::divides<float>)",11265.033203125,11942.0,,ok,torch.profiler,small_c1024
7,1024,0,1129.1839999999502,fp32,,train_step,small,"void at::native::(anonymous namespace)::multi_tensor_apply_kernel<at::native::(anonymous namespace)::TensorListMetadata<1>, at::native::(anonymous namespace)::BinaryOpScalarFunctor<float, 1, 1, 0>, std::plus<float>, float>(at::native::(anonymous namespace)::TensorListMetadata<1>, at::native::(anonymous namespace)::BinaryOpScalarFunctor<float, 1, 1, 0>, std::plus<float>, float)",11265.033203125,11942.0,,ok,torch.profiler,small_c1024
7,1024,0,2196.5770000000484,fp32,,train_step,small,"void at::native::(anonymous namespace)::multi_tensor_apply_kernel<at::native::(anonymous namespace)::TensorListScalarListMetadata<float, 3>, at::native::(anonymous namespace)::PointwiseOpScalarListFunctor<float, 3, 3, 0>, std::divides<float> >(at::native::(anonymous namespace)::TensorListScalarListMetadata<float, 3>, at::native::(anonymous namespace)::PointwiseOpScalarListFunctor<float, 3, 3, 0>, std::divides<float>)",11265.033203125,11942.0,,ok,torch.profiler,small_c1024
1,256,205256.731,67124.0720000001,fp32,,train_step,medium,ProfilerStep*,8731.0869140625,8756.0,,ok,torch.profiler,medium_c256
1,256,172785.519,67124.0720000001,fp32,,train_step,medium,profile/measure/train_step/0,8731.0869140625,8756.0,,ok,torch.profiler,medium_c256
1,256,252.744,0,fp32,,train_step,medium,Optimizer.zero_grad#AdamW.zero_grad,8731.0869140625,8756.0,optimizer,ok,torch.profiler,medium_c256
1,256,62717.691000000006,30418.201999999983,fp32,,train_step,medium,forward,8731.0869140625,8756.0,forward,ok,torch.profiler,medium_c256
1,256,599.8039999999999,0,fp32,,train_step,medium,Unrecognized,8731.0869140625,8756.0,,ok,torch.profiler,medium_c256
1,256,1256.06,0,fp32,,train_step,medium,aten::index,8731.0869140625,8756.0,,ok,torch.profiler,medium_c256
4007,256,2844.4649999990743,0,fp32,,train_step,medium,aten::as_strided,8731.0869140625,8756.0,,ok,torch.profiler,medium_c256
1592,256,10483.96799999951,972.7649999999421,fp32,,train_step,medium,aten::reshape,8731.0869140625,8756.0,,ok,torch.profiler,medium_c256
1594,256,2862.728999999943,0,fp32,,train_step,medium,aten::view,8731.0869140625,8756.0,,ok,torch.profiler,medium_c256
3515,256,20524.054999999204,0,fp32,,train_step,medium,cudaLaunchKernel,8731.0869140625,8756.0,,ok,torch.profiler,medium_c256
298,256,120.96300000010842,0,fp32,,train_step,medium,aten::to,8731.0869140625,8756.0,,ok,torch.profiler,medium_c256
149,256,3349.3889999998673,489.8239999999455,fp32,,train_step,medium,aten::pow,8731.0869140625,8756.0,,ok,torch.profiler,medium_c256
149,256,72.75900000003958,0,fp32,,train_step,medium,aten::result_type,8731.0869140625,8756.0,,ok,torch.profiler,medium_c256
1,256,0,61454.096,fp32,,train_step,medium,forward,8731.0869140625,8756.0,forward,ok,torch.profiler,medium_c256
50,256,0,207.16599999998607,fp32,,train_step,medium,"void at::native::vectorized_elementwise_kernel<4, at::native::(anonymous namespace)::pow_tensor_scalar_kernel_impl<float, float>(at::TensorIteratorBase&, float)::{lambda(float)#1}, std::array<char*, 2ul> >(int, at::native::(anonymous namespace)::pow_tensor_scalar_kernel_impl<float, float>(at::TensorIteratorBase&, float)::{lambda(float)#1}, std::array<char*, 2ul>)",8731.0869140625,8756.0,,ok,torch.profiler,medium_c256
50,256,1072.727000000004,175.23000000001048,fp32,,train_step,medium,aten::mean,8731.0869140625,8756.0,,ok,torch.profiler,medium_c256
50,256,0,174.91000000001077,fp32,,train_step,medium,"void at::native::reduce_kernel<512, 1, at::native::ReduceOp<float, at::native::MeanOps<float, float, float, float>, unsigned int, float, 4, 4> >(at::native::ReduceOp<float, at::native::MeanOps<float, float, float, float>, unsigned int, float, 4, 4>)",8731.0869140625,8756.0,,ok,torch.profiler,medium_c256
193,256,3117.3350000000078,884.7039999999465,fp32,,train_step,medium,aten::add,8731.0869140625,8756.0,,ok,torch.profiler,medium_c256
49,256,0,49.760999999983596,fp32,,train_step,medium,"void at::native::vectorized_elementwise_kernel<4, at::native::CUDAFunctorOnSelf_add<float>, std::array<char*, 2ul> >(int, at::native::CUDAFunctorOnSelf_add<float>, std::array<char*, 2ul>)",8731.0869140625,8756.0,,ok,torch.profiler,medium_c256
49,256,746.1039999999957,51.03700000000799,fp32,,train_step,medium,aten::rsqrt,8731.0869140625,8756.0,,ok,torch.profiler,medium_c256
49,256,0,51.03700000000799,fp32,,train_step,medium,"void at::native::vectorized_elementwise_kernel<4, at::native::rsqrt_kernel_cuda(at::TensorIteratorBase&)::{lambda()#2}::operator()() const::{lambda()#2}::operator()() const::{lambda(float)#1}, std::array<char*, 2ul> >(int, at::native::rsqrt_kernel_cuda(at::TensorIteratorBase&)::{lambda()#2}::operator()() const::{lambda()#2}::operator()() const::{lambda(float)#1}, std::array<char*, 2ul>)",8731.0869140625,8756.0,,ok,torch.profiler,medium_c256
1069,256,15073.208000000288,8769.790000000197,fp32,,train_step,medium,aten::mul,8731.0869140625,8756.0,,ok,torch.profiler,medium_c256
580,256,0,2401.662000000108,fp32,,train_step,medium,"void at::native::elementwise_kernel<128, 2, at::native::gpu_kernel_impl_nocast<at::native::BinaryFunctor<float, float, float, at::native::binary_internal::MulFunctor<float> > >(at::TensorIteratorBase&, at::native::BinaryFunctor<float, float, float, at::native::binary_internal::MulFunctor<float> > const&)::{lambda(int)#1}>(int, at::native::gpu_kernel_impl_nocast<at::native::BinaryFunctor<float, float, float, at::native::binary_internal::MulFunctor<float> > >(at::TensorIteratorBase&, at::native::BinaryFunctor<float, float, float, at::native::binary_internal::MulFunctor<float> > const&)::{lambda(int)#1})",8731.0869140625,8756.0,,ok,torch.profiler,medium_c256
169,256,16766.342000000022,23030.06800000002,fp32,,train_step,medium,aten::einsum,8731.0869140625,8756.0,,ok,torch.profiler,medium_c256
531,256,2096.555999999969,0,fp32,,train_step,medium,aten::unsqueeze,8731.0869140625,8756.0,,ok,torch.profiler,medium_c256
1978,256,7197.251000000204,0,fp32,,train_step,medium,aten::permute,8731.0869140625,8756.0,,ok,torch.profiler,medium_c256
241,256,622.7510000000016,0,fp32,,train_step,medium,aten::_reshape_alias,8731.0869140625,8756.0,,ok,torch.profiler,medium_c256
651,256,19002.626999999848,61629.79900000013,fp32,,train_step,medium,aten::bmm,8731.0869140625,8756.0,,ok,torch.profiler,medium_c256
388,256,2090.2880000000314,0,fp32,,train_step,medium,cudaMemsetAsync,8731.0869140625,8756.0,,ok,torch.profiler,medium_c256
388,256,0,187.32300000004625,fp32,,train_step,medium,Memset (Device),8731.0869140625,8756.0,,ok,torch.profiler,medium_c256
169,256,0,22963.133000000023,fp32,,train_step,medium,ampere_sgemm_128x64_tn,8731.0869140625,8756.0,,ok,torch.profiler,medium_c256
96,256,931.0869999999964,0,fp32,,train_step,medium,aten::unbind,8731.0869140625,8756.0,,ok,torch.profiler,medium_c256
192,256,567.9100000000085,0,fp32,,train_step,medium,aten::select,8731.0869140625,8756.0,,ok,torch.profiler,medium_c256
48,256,88.58300000000827,0,fp32,,train_step,medium,aten::alias,8731.0869140625,8756.0,,ok,torch.profiler,medium_c256
72,256,1163.0859999999902,352.3200000000129,fp32,,train_step,medium,aten::sub,8731.0869140625,8756.0,,ok,torch.profiler,medium_c256
457,256,0,2361.250999999947,fp32,,train_step,medium,"void at::native::vectorized_elementwise_kernel<4, at::native::CUDAFunctor_add<float>, std::array<char*, 3ul> >(int, at::native::CUDAFunctor_add<float>, std::array<char*, 3ul>)",8731.0869140625,8756.0,,ok,torch.profiler,medium_c256
48,256,1017.6920000000282,277.2819999999915,fp32,,train_step,medium,aten::concat,8731.0869140625,8756.0,,ok,torch.profiler,medium_c256
96,256,1692.1000000000367,537.2829999999954,fp32,,train_step,medium,aten::cat,8731.0869140625,8756.0,,ok,torch.profiler,medium_c256
72,256,0,450.04899999998406,fp32,,train_step,medium,"void at::native::(anonymous namespace)::CatArrayBatchedCopy<at::native::(anonymous namespace)::OpaqueType<4u>, unsigned int, 4, 64, 64>(at::native::(anonymous namespace)::OpaqueType<4u>*, at::native::(anonymous namespace)::CatArrInputTensorMetadata<at::native::(anonymous namespace)::OpaqueType<4u>, unsigned int, 64, 64>, at::native::(anonymous namespace)::TensorSizeStride<unsigned int, 4u>, int, unsigned int)",8731.0869140625,8756.0,,ok,torch.profiler,medium_c256
50,256,986.1130000000298,44.42200000001321,fp32,,train_step,medium,aten::arange,8731.0869140625,8756.0,,ok,torch.profiler,medium_c256
341,256,1635.3899999999057,0,fp32,,train_step,medium,aten::empty,8731.0869140625,8756.0,,ok,torch.profiler,medium_c256
73,256,256.6460000000061,0,fp32,,train_step,medium,aten::resize_,8731.0869140625,8756.0,,ok,torch.profiler,medium_c256
25,256,0,22.211000000006607,fp32,,train_step,medium,"void (anonymous namespace)::elementwise_kernel_with_index<int, at::native::arange_cuda_out(c10::Scalar const&, c10::Scalar const&, c10::Scalar const&, at::Tensor&)::{lambda()#1}::operator()() const::{lambda()#4}::operator()() const::{lambda(long)#1}>(int, at::native::arange_cuda_out(c10::Scalar const&, c10::Scalar const&, c10::Scalar const&, at::Tensor&)::{lambda()#1}::operator()() const::{lambda()#4}::operator()() const::{lambda(long)#1}, function_traits<at::native::arange_cuda_out(c10::Scalar const&, c10::Scalar const&, c10::Scalar const&, at::Tensor&)::{lambda()#1}::operator()() const::{lambda()#4}::operator()() const::{lambda(long)#1}>::result_type*)",8731.0869140625,8756.0,,ok,torch.profiler,medium_c256
24,256,423.3849999999961,44.50899999999319,fp32,,train_step,medium,aten::ge,8731.0869140625,8756.0,,ok,torch.profiler,medium_c256
24,256,0,44.50899999999319,fp32,,train_step,medium,"void at::native::elementwise_kernel<128, 4, at::native::gpu_kernel_impl_nocast<at::native::(anonymous namespace)::CompareFunctor<long> >(at::TensorIteratorBase&, at::native::(anonymous namespace)::CompareFunctor<long> const&)::{lambda(int)#1}>(int, at::native::gpu_kernel_impl_nocast<at::native::(anonymous namespace)::CompareFunctor<long> >(at::TensorIteratorBase&, at::native::(anonymous namespace)::CompareFunctor<long> const&)::{lambda(int)#1})",8731.0869140625,8756.0,,ok,torch.profiler,medium_c256
24,256,3556.463000000008,964.674000000005,fp32,,train_step,medium,attention/scores,8731.0869140625,8756.0,attention/scores,ok,torch.profiler,medium_c256
482,256,1953.1439999998947,0,fp32,,train_step,medium,aten::transpose,8731.0869140625,8756.0,,ok,torch.profiler,medium_c256
48,256,4043.3019999999915,1215.903999999981,fp32,,train_step,medium,aten::matmul,8731.0869140625,8756.0,,ok,torch.profiler,medium_c256
171,256,926.2219999997787,0,fp32,,train_step,medium,aten::expand,8731.0869140625,8756.0,,ok,torch.profiler,medium_c256
24,256,0,1449.790000000004,fp32,,train_step,medium,attention/scores,8731.0869140625,8756.0,attention/scores,ok,torch.profiler,medium_c256
48,256,0,919.0680000000007,fp32,,train_step,medium,ampere_sgemm_128x128_tn,8731.0869140625,8756.0,,ok,torch.profiler,medium_c256
240,256,393.63700000012705,0,fp32,,train_step,medium,aten::_unsafe_view,8731.0869140625,8756.0,,ok,torch.profiler,medium_c256
194,256,3219.441000000147,2879.6199999999585,fp32,,train_step,medium,aten::div,8731.0869140625,8756.0,,ok,torch.profiler,medium_c256
48,256,0,754.5949999998893,fp32,,train_step,medium,"void at::native::vectorized_elementwise_kernel<4, at::native::BUnaryFunctor<float, float, float, at::native::binary_internal::MulFunctor<float> >, std::array<char*, 2ul> >(int, at::native::BUnaryFunctor<float, float, float, at::native::binary_internal::MulFunctor<float> >, std::array<char*, 2ul>)",8731.0869140625,8756.0,,ok,torch.profiler,medium_c256
24,256,2121.929000000004,305.98200000002,fp32,,train_step,medium,attention/mask,8731.0869140625,8756.0,,ok,torch.profiler,medium_c256
96,256,3749.5700000000793,1151.3890000001347,fp32,,train_step,medium,aten::where,8731.0869140625,8756.0,,ok,torch.profiler,medium_c256
48,256,1009.846000000035,42.589000000046326,fp32,,train_step,medium,aten::scalar_tensor,8731.0869140625,8756.0,,ok,torch.profiler,medium_c256
74,256,846.6100000000665,254.23700000005465,fp32,,train_step,medium,aten::fill_,8731.0869140625,8756.0,,ok,torch.profiler,medium_c256
24,256,0,1030.8470000000207,fp32,,train_step,medium,attention/mask,8731.0869140625,8756.0,,ok,torch.profiler,medium_c256
74,256,0,254.23700000005465,fp32,,train_step,medium,"void at::native::vectorized_elementwise_kernel<4, at::native::FillFunctor<float>, std::array<char*, 1ul> >(int, at::native::FillFunctor<float>, std::array<char*, 1ul>)",8731.0869140625,8756.0,,ok,torch.profiler,medium_c256
48,256,0,554.4000000000442,fp32,,train_step,medium,"void at::native::elementwise_kernel<128, 2, at::native::gpu_kernel_impl_nocast<at::native::(anonymous namespace)::where_kernel_impl(at::TensorIterator&)::{lambda()#1}::operator()() const::{lambda()#11}::operator()() const::{lambda(bool, float, float)#1}>(at::TensorIteratorBase&, at::native::(anonymous namespace)::where_kernel_impl(at::TensorIterator&)::{lambda()#1}::operator()() const::{lambda()#11}::operator()() const::{lambda(bool, float, float)#1} const&)::{lambda(int)#1}>(int, at::native::gpu_kernel_impl_nocast<at::native::(anonymous namespace)::where_kernel_impl(at::TensorIterator&)::{lambda()#1}::operator()() const::{lambda()#11}::operator()() const::{lambda(bool, float, float)#1}>(at::TensorIteratorBase&, at::native::(anonymous namespace)::where_kernel_impl(at::TensorIterator&)::{lambda()#1}::operator()() const::{lambda()#11}::operator()() const::{lambda(bool, float, float)#1} const&)::{lambda(int)#1})",8731.0869140625,8756.0,,ok,torch.profiler,medium_c256
24,256,3608.338999999995,1174.751000000022,fp32,,train_step,medium,attention/softmax,8731.0869140625,8756.0,attention/softmax,ok,torch.profiler,medium_c256
24,256,693.7920000000095,263.6469999999904,fp32,,train_step,medium,aten::max,8731.0869140625,8756.0,,ok,torch.profiler,medium_c256
24,256,0,2442.6900000000005,fp32,,train_step,medium,attention/softmax,8731.0869140625,8756.0,attention/softmax,ok,torch.profiler,medium_c256
24,256,0,263.6469999999904,fp32,,train_step,medium,"void at::native::reduce_kernel<512, 1, at::native::ReduceOp<float, at::native::MaxOps<float>, unsigned int, float, 4, 4> >(at::native::ReduceOp<float, at::native::MaxOps<float>, unsigned int, float, 4, 4>)",8731.0869140625,8756.0,,ok,torch.profiler,medium_c256
48,256,0,485.6950000000188,fp32,,train_step,medium,"void at::native::elementwise_kernel<128, 2, at::native::gpu_kernel_impl_nocast<at::native::CUDAFunctor_add<float> >(at::TensorIteratorBase&, at::native::CUDAFunctor_add<float> const&)::{lambda(int)#1}>(int, at::native::gpu_kernel_impl_nocast<at::native::CUDAFunctor_add<float> >(at::TensorIteratorBase&, at::native::CUDAFunctor_add<float> const&)::{lambda(int)#1})",8731.0869140625,8756.0,,ok,torch.profiler,medium_c256
24,256,377.6460000000134,234.71899999999823,fp32,,train_step,medium,aten::exp,8731.0869140625,8756.0,,ok,torch.profiler,medium_c256
24,256,0,234.71899999999823,fp32,,train_step,medium,"void at::native::vectorized_elementwise_kernel<4, at::native::exp_kernel_cuda(at::TensorIteratorBase&)::{lambda()#2}::operator()() const::{lambda()#2}::operator()() const::{lambda(float)#1}, std::array<char*, 2ul> >(int, at::native::exp_kernel_cuda(at::TensorIteratorBase&)::{lambda()#2}::operator()() const::{lambda()#2}::operator()() const::{lambda(float)#1}, std::array<char*, 2ul>)",8731.0869140625,8756.0,,ok,torch.profiler,medium_c256
170,256,3179.923999999973,962.1980000001668,fp32,,train_step,medium,aten::sum,8731.0869140625,8756.0,,ok,torch.profiler,medium_c256
121,256,0,646.0420000000768,fp32,,train_step,medium,"void at::native::reduce_kernel<512, 1, at::native::ReduceOp<float, at::native::func_wrapper_t<float, at::native::sum_functor<float, float, float>::operator()(at::TensorIterator&)::{lambda(float, float)#1}>, unsigned int, float, 4, 4> >(at::native::ReduceOp<float, at::native::func_wrapper_t<float, at::native::sum_functor<float, float, float>::operator()(at::TensorIterator&)::{lambda(float, float)#1}>, unsigned int, float, 4, 4>)",8731.0869140625,8756.0,,ok,torch.profiler,medium_c256
96,256,0,1937.5689999999545,fp32,,train_step,medium,"void at::native::elementwise_kernel<128, 2, at::native::gpu_kernel_impl_nocast<at::native::BinaryFunctor<float, float, float, at::native::binary_internal::DivFunctor<float> > >(at::TensorIteratorBase&, at::native::BinaryFunctor<float, float, float, at::native::binary_internal::DivFunctor<float> > const&)::{lambda(int)#1}>(int, at::native::gpu_kernel_impl_nocast<at::native::BinaryFunctor<float, float, float, at::native::binary_internal::DivFunctor<float> > >(at::TensorIteratorBase&, at::native::BinaryFunctor<float, float, float, at::native::binary_internal::DivFunctor<float> > const&)::{lambda(int)#1})",8731.0869140625,8756.0,,ok,torch.profiler,medium_c256
24,256,3071.3420000000115,784.8649999999752,fp32,,train_step,medium,attention/value,8731.0869140625,8756.0,attention/value,ok,torch.profiler,medium_c256
192,256,4503.9309999997695,972.7649999999421,fp32,,train_step,medium,aten::clone,8731.0869140625,8756.0,,ok,torch.profiler,medium_c256
195,256,1348.0039999999267,0,fp32,,train_step,medium,aten::empty_like,8731.0869140625,8756.0,,ok,torch.profiler,medium_c256
411,256,6210.716999999752,6954.199999999947,fp32,,train_step,medium,aten::copy_,8731.0869140625,8756.0,,ok,torch.profiler,medium_c256
24,256,0,1453.6979999999735,fp32,,train_step,medium,attention/value,8731.0869140625,8756.0,attention/value,ok,torch.profiler,medium_c256
361,256,0,6721.75299999994,fp32,,train_step,medium,"void at::native::elementwise_kernel<128, 2, at::native::gpu_kernel_impl_nocast<at::native::direct_copy_kernel_cuda(at::TensorIteratorBase&)::{lambda()#3}::operator()() const::{lambda()#7}::operator()() const::{lambda(float)#1}>(at::TensorIteratorBase&, at::native::direct_copy_kernel_cuda(at::TensorIteratorBase&)::{lambda()#3}::operator()() const::{lambda()#7}::operator()() const::{lambda(float)#1} const&)::{lambda(int)#1}>(int, at::native::gpu_kernel_impl_nocast<at::native::direct_copy_kernel_cuda(at::TensorIteratorBase&)::{lambda()#3}::operator()() const::{lambda()#7}::operator()() const::{lambda(float)#1}>(at::TensorIteratorBase&, at::native::direct_copy_kernel_cuda(at::TensorIteratorBase&)::{lambda()#3}::operator()() const::{lambda()#7}::operator()() const::{lambda(float)#1} const&)::{lambda(int)#1})",8731.0869140625,8756.0,,ok,torch.profiler,medium_c256
48,256,0,1217.8909999999814,fp32,,train_step,medium,ampere_sgemm_128x128_nn,8731.0869140625,8756.0,,ok,torch.profiler,medium_c256
49,256,63.41800000002149,0,fp32,,train_step,medium,cudaOccupancyMaxActiveBlocksPerMultiprocessor,8731.0869140625,8756.0,,ok,torch.profiler,medium_c256
24,256,488.8710000000092,523.8089999999847,fp32,,train_step,medium,aten::sigmoid,8731.0869140625,8756.0,,ok,torch.profiler,medium_c256
24,256,0,523.8089999999847,fp32,,train_step,medium,"void at::native::vectorized_elementwise_kernel<4, at::native::sigmoid_kernel_cuda(at::TensorIteratorBase&)::{lambda()#2}::operator()() const::{lambda()#2}::operator()() const::{lambda(float)#1}, std::array<char*, 2ul> >(int, at::native::sigmoid_kernel_cuda(at::TensorIteratorBase&)::{lambda()#2}::operator()() const::{lambda()#2}::operator()() const::{lambda(float)#1}, std::array<char*, 2ul>)",8731.0869140625,8756.0,,ok,torch.profiler,medium_c256
389,256,0,6123.330000000087,fp32,,train_step,medium,"void at::native::vectorized_elementwise_kernel<4, at::native::BinaryFunctor<float, float, float, at::native::binary_internal::MulFunctor<float> >, std::array<char*, 3ul> >(int, at::native::BinaryFunctor<float, float, float, at::native::binary_internal::MulFunctor<float> >, std::array<char*, 3ul>)",8731.0869140625,8756.0,,ok,torch.profiler,medium_c256
1,256,103.43299999999726,61.66399999999703,fp32,,train_step,medium,loss,8731.0869140625,8756.0,,ok,torch.profiler,medium_c256
1,256,32.24500000000262,48.73599999999715,fp32,,train_step,medium,aten::square,8731.0869140625,8756.0,,ok,torch.profiler,medium_c256
1,256,103899.913,1.184000000001106,fp32,,train_step,medium,backward,8731.0869140625,8756.0,backward,ok,torch.profiler,medium_c256
1,256,29.564999999995052,1.184000000001106,fp32,,train_step,medium,aten::ones_like,8731.0869140625,8756.0,,ok,torch.profiler,medium_c256
389,256,1660.9299999998184,0,fp32,,train_step,medium,aten::empty_strided,8731.0869140625,8756.0,,ok,torch.profiler,medium_c256
1,256,0,64.31999999999971,fp32,,train_step,medium,loss,8731.0869140625,8756.0,,ok,torch.profiler,medium_c256
1,256,0,1.184000000001106,fp32,,train_step,medium,backward,8731.0869140625,8756.0,backward,ok,torch.profiler,medium_c256
1,256,79.20499999999447,20.70400000000518,fp32,,train_step,medium,autograd::engine::evaluate_function: MeanBackward0,8731.0869140625,8756.0,backward,ok,torch.profiler,medium_c256
1,256,61.28100000000268,20.70400000000518,fp32,,train_step,medium,MeanBackward0,8731.0869140625,8756.0,backward,ok,torch.profiler,medium_c256
50,256,0,187.45600000011473,fp32,,train_step,medium,"void at::native::elementwise_kernel<128, 2, at::native::gpu_kernel_impl_nocast<at::native::BUnaryFunctor<float, float, float, at::native::binary_internal::MulFunctor<float> > >(at::TensorIteratorBase&, at::native::BUnaryFunctor<float, float, float, at::native::binary_internal::MulFunctor<float> > const&)::{lambda(int)#1}>(int, at::native::gpu_kernel_impl_nocast<at::native::BUnaryFunctor<float, float, float, at::native::binary_internal::MulFunctor<float> > >(at::TensorIteratorBase&, at::native::BUnaryFunctor<float, float, float, at::native::binary_internal::MulFunctor<float> > const&)::{lambda(int)#1})",8731.0869140625,8756.0,,ok,torch.profiler,medium_c256
50,256,3884.3189999999086,912.2240000000384,fp32,,train_step,medium,autograd::engine::evaluate_function: PowBackward0,8731.0869140625,8756.0,backward,ok,torch.profiler,medium_c256
50,256,2847.1859999999724,721.79000000003,fp32,,train_step,medium,PowBackward0,8731.0869140625,8756.0,backward,ok,torch.profiler,medium_c256
50,256,573.752000000095,0,fp32,,train_step,medium,cudaMemcpyAsync,8731.0869140625,8756.0,,ok,torch.profiler,medium_c256
50,256,0,232.4470000000074,fp32,,train_step,medium,Memcpy DtoD (Device -> Device),8731.0869140625,8756.0,,ok,torch.profiler,medium_c256
627,256,6387.648000000256,380.92499999990105,fp32,,train_step,medium,autograd::engine::evaluate_function: ViewBackward0,8731.0869140625,8756.0,backward,ok,torch.profiler,medium_c256
627,256,3965.5689999997194,380.92499999990105,fp32,,train_step,medium,ViewBackward0,8731.0869140625,8756.0,backward,ok,torch.profiler,medium_c256
989,256,8709.064999999944,0,fp32,,train_step,medium,autograd::engine::evaluate_function: PermuteBackward0,8731.0869140625,8756.0,backward,ok,torch.profiler,medium_c256
99,256,0,243.67800000000716,fp32,,train_step,medium,"void at::native::vectorized_elementwise_kernel<4, at::native::AUnaryFunctor<float, float, float, at::native::binary_internal::MulFunctor<float> >, std::array<char*, 2ul> >(int, at::native::AUnaryFunctor<float, float, float, at::native::binary_internal::MulFunctor<float> >, std::array<char*, 2ul>)",8731.0869140625,8756.0,,ok,torch.profiler,medium_c256
989,256,4894.4119999998875,0,fp32,,train_step,medium,PermuteBackward0,8731.0869140625,8756.0,backward,ok,torch.profiler,medium_c256
217,256,15980.495999999715,37604.01800000013,fp32,,train_step,medium,autograd::engine::evaluate_function: BmmBackward0,8731.0869140625,8756.0,backward,ok,torch.profiler,medium_c256
217,256,14241.276000000027,37604.01800000013,fp32,,train_step,medium,BmmBackward0,8731.0869140625,8756.0,backward,ok,torch.profiler,medium_c256
338,256,142.26899999998568,0,fp32,,train_step,medium,cudaDeviceGetAttribute,8731.0869140625,8756.0,,ok,torch.profiler,medium_c256
338,256,1772.341000000204,0,fp32,,train_step,medium,cuLaunchKernel,8731.0869140625,8756.0,,ok,torch.profiler,medium_c256
241,256,3439.9650000000765,179.45799999996962,fp32,,train_step,medium,autograd::engine::evaluate_function: ReshapeAliasBackward0,8731.0869140625,8756.0,backward,ok,torch.profiler,medium_c256
241,256,2400.0399999998626,179.45799999996962,fp32,,train_step,medium,ReshapeAliasBackward0,8731.0869140625,8756.0,backward,ok,torch.profiler,medium_c256
73,256,0,11235.619999999799,fp32,,train_step,medium,void cutlass::Kernel2<cutlass_80_simt_sgemm_128x256_8x4_nt_align1>(cutlass_80_simt_sgemm_128x256_8x4_nt_align1::Params),8731.0869140625,8756.0,,ok,torch.profiler,medium_c256
507,256,5381.275999999685,389.2760000000271,fp32,,train_step,medium,autograd::engine::evaluate_function: UnsqueezeBackward0,8731.0869140625,8756.0,backward,ok,torch.profiler,medium_c256
507,256,2042.9749999999403,0,fp32,,train_step,medium,UnsqueezeBackward0,8731.0869140625,8756.0,backward,ok,torch.profiler,medium_c256
507,256,1538.409999999858,0,fp32,,train_step,medium,aten::squeeze,8731.0869140625,8756.0,,ok,torch.profiler,medium_c256
219,256,5992.879999999808,5748.987999999998,fp32,,train_step,medium,autograd::engine::evaluate_function: torch::autograd::AccumulateGrad,8731.0869140625,8756.0,,ok,torch.profiler,medium_c256
219,256,5183.507999999914,5748.987999999998,fp32,,train_step,medium,torch::autograd::AccumulateGrad,8731.0869140625,8756.0,,ok,torch.profiler,medium_c256
169,256,1240.2629999998317,0,fp32,,train_step,medium,aten::new_empty_strided,8731.0869140625,8756.0,,ok,torch.profiler,medium_c256
338,256,13787.807000000263,6105.616000000184,fp32,,train_step,medium,autograd::engine::evaluate_function: MulBackward0,8731.0869140625,8756.0,backward,ok,torch.profiler,medium_c256
338,256,7306.571000000011,5111.605000000069,fp32,,train_step,medium,MulBackward0,8731.0869140625,8756.0,backward,ok,torch.profiler,medium_c256
50,256,117.99899999996705,0,fp32,,train_step,medium,aten::detach,8731.0869140625,8756.0,,ok,torch.profiler,medium_c256
50,256,72.62499999997817,0,fp32,,train_step,medium,detach,8731.0869140625,8756.0,,ok,torch.profiler,medium_c256
49,256,2853.681999999979,152.13399999999092,fp32,,train_step,medium,autograd::engine::evaluate_function: RsqrtBackward0,8731.0869140625,8756.0,backward,ok,torch.profiler,medium_c256
49,256,2586.489000000023,152.13399999999092,fp32,,train_step,medium,RsqrtBackward0,8731.0869140625,8756.0,backward,ok,torch.profiler,medium_c256
145,256,704.9999999999491,0,fp32,,train_step,medium,autograd::engine::evaluate_function: AddBackward0,8731.0869140625,8756.0,backward,ok,torch.profiler,medium_c256
145,256,115.63099999999395,0,fp32,,train_step,medium,AddBackward0,8731.0869140625,8756.0,backward,ok,torch.profiler,medium_c256
49,256,1587.9380000000674,166.75200000010955,fp32,,train_step,medium,autograd::engine::evaluate_function: MeanBackward1,8731.0869140625,8756.0,backward,ok,torch.profiler,medium_c256
49,256,1358.1679999999687,166.75200000010955,fp32,,train_step,medium,MeanBackward1,8731.0869140625,8756.0,backward,ok,torch.profiler,medium_c256
73,256,0,14001.44799999999,fp32,,train_step,medium,void cutlass::Kernel2<cutlass_80_simt_sgemm_256x128_8x4_nn_align1>(cutlass_80_simt_sgemm_256x128_8x4_nn_align1::Params),8731.0869140625,8756.0,,ok,torch.profiler,medium_c256
508,256,3091.5139999995445,1659.68299999999,fp32,,train_step,medium,aten::add_,8731.0869140625,8756.0,,ok,torch.profiler,medium_c256
49,256,0,281.11700000007113,fp32,,train_step,medium,"void at::native::reduce_kernel<128, 4, at::native::ReduceOp<float, at::native::func_wrapper_t<float, at::native::sum_functor<float, float, float>::operator()(at::TensorIterator&)::{lambda(float, float)#1}>, unsigned int, float, 4, 4> >(at::native::ReduceOp<float, at::native::func_wrapper_t<float, at::native::sum_functor<float, float, float>::operator()(at::TensorIterator&)::{lambda(float, float)#1}>, unsigned int, float, 4, 4>)",8731.0869140625,8756.0,,ok,torch.profiler,medium_c256
49,256,0,50.21099999995204,fp32,,train_step,medium,"void at::native::vectorized_elementwise_kernel<4, at::native::(anonymous namespace)::pow_tensor_scalar_kernel_impl<float, float>(at::TensorIteratorBase&, float)::{lambda(float)#2}, std::array<char*, 2ul> >(int, at::native::(anonymous namespace)::pow_tensor_scalar_kernel_impl<float, float>(at::TensorIteratorBase&, float)::{lambda(float)#2}, std::array<char*, 2ul>)",8731.0869140625,8756.0,,ok,torch.profiler,medium_c256
24,256,868.3250000000116,760.4479999999312,fp32,,train_step,medium,autograd::engine::evaluate_function: SigmoidBackward0,8731.0869140625,8756.0,backward,ok,torch.profiler,medium_c256
24,256,404.4479999999312,426.4959999999701,fp32,,train_step,medium,SigmoidBackward0,8731.0869140625,8756.0,backward,ok,torch.profiler,medium_c256
24,256,316.6339999999909,426.4959999999701,fp32,,train_step,medium,aten::sigmoid_backward,8731.0869140625,8756.0,backward,ok,torch.profiler,medium_c256
24,256,0,426.4959999999701,fp32,,train_step,medium,"void at::native::vectorized_elementwise_kernel<4, at::native::sigmoid_backward_kernel_cuda(at::TensorIteratorBase&)::{lambda()#2}::operator()() const::{lambda()#2}::operator()() const::{lambda(float, float)#1}, std::array<char*, 3ul> >(int, at::native::sigmoid_backward_kernel_cuda(at::TensorIteratorBase&)::{lambda()#2}::operator()() const::{lambda()#2}::operator()() const::{lambda(float, float)#1}, std::array<char*, 3ul>)",8731.0869140625,8756.0,backward,ok,torch.profiler,medium_c256
96,256,1479.3050000001822,90.49400000004971,fp32,,train_step,medium,autograd::engine::evaluate_function: UnsafeViewBackward0,8731.0869140625,8756.0,backward,ok,torch.profiler,medium_c256
96,256,1086.8630000000994,90.49400000004971,fp32,,train_step,medium,UnsafeViewBackward0,8731.0869140625,8756.0,backward,ok,torch.profiler,medium_c256
48,256,183.59900000000198,0,fp32,,train_step,medium,autograd::engine::evaluate_function: CloneBackward0,8731.0869140625,8756.0,backward,ok,torch.profiler,medium_c256
48,256,16.54799999986426,0,fp32,,train_step,medium,CloneBackward0,8731.0869140625,8756.0,backward,ok,torch.profiler,medium_c256
96,256,377.2440000000788,0,fp32,,train_step,medium,autograd::engine::evaluate_function: ExpandBackward0,8731.0869140625,8756.0,backward,ok,torch.profiler,medium_c256
96,256,45.64100000003236,0,fp32,,train_step,medium,ExpandBackward0,8731.0869140625,8756.0,backward,ok,torch.profiler,medium_c256
48,256,2996.2950000000274,3207.713999999891,fp32,,train_step,medium,autograd::engine::evaluate_function: DivBackward0,8731.0869140625,8756.0,backward,ok,torch.profiler,medium_c256
48,256,2174.91600000007,3043.394999999902,fp32,,train_step,medium,DivBackward0,8731.0869140625,8756.0,backward,ok,torch.profiler,medium_c256
96,256,1234.6000000000495,1279.4899999999907,fp32,,train_step,medium,aten::neg,8731.0869140625,8756.0,,ok,torch.profiler,medium_c256
24,256,673.7099999999919,244.19200000001,fp32,,train_step,medium,autograd::engine::evaluate_function: SumBackward1,8731.0869140625,8756.0,backward,ok,torch.profiler,medium_c256
24,256,165.25300000002608,0,fp32,,train_step,medium,SumBackward1,8731.0869140625,8756.0,backward,ok,torch.profiler,medium_c256
24,256,495.47400000001653,599.2950000000128,fp32,,train_step,medium,autograd::engine::evaluate_function: ExpBackward0,8731.0869140625,8756.0,backward,ok,torch.profiler,medium_c256
24,256,366.3050000000221,599.2950000000128,fp32,,train_step,medium,ExpBackward0,8731.0869140625,8756.0,backward,ok,torch.profiler,medium_c256
72,256,1830.876000000164,622.0469999999768,fp32,,train_step,medium,autograd::engine::evaluate_function: SubBackward0,8731.0869140625,8756.0,backward,ok,torch.profiler,medium_c256
72,256,1062.3439999999973,469.05500000000757,fp32,,train_step,medium,SubBackward0,8731.0869140625,8756.0,backward,ok,torch.profiler,medium_c256
96,256,0,5197.024999999921,fp32,,train_step,medium,void cutlass::Kernel2<cutlass_80_simt_sgemm_64x64_8x5_nt_align1>(cutlass_80_simt_sgemm_64x64_8x5_nt_align1::Params),8731.0869140625,8756.0,,ok,torch.profiler,medium_c256
24,256,1654.6119999999064,599.83900000008,fp32,,train_step,medium,autograd::engine::evaluate_function: MaxBackward0,8731.0869140625,8756.0,backward,ok,torch.profiler,medium_c256
24,256,1150.8459999999322,311.9030000000348,fp32,,train_step,medium,MaxBackward0,8731.0869140625,8756.0,backward,ok,torch.profiler,medium_c256
24,256,1079.7840000000142,311.9030000000348,fp32,,train_step,medium,aten::value_selecting_reduction_backward,8731.0869140625,8756.0,backward,ok,torch.profiler,medium_c256
24,256,508.9649999999674,187.93600000001607,fp32,,train_step,medium,aten::zeros,8731.0869140625,8756.0,,ok,torch.profiler,medium_c256
25,256,325.5730000000185,210.46400000000722,fp32,,train_step,medium,aten::zero_,8731.0869140625,8756.0,,ok,torch.profiler,medium_c256
24,256,455.2810000000609,123.96700000001874,fp32,,train_step,medium,aten::scatter_,8731.0869140625,8756.0,,ok,torch.profiler,medium_c256
96,256,0,4792.159000000276,fp32,,train_step,medium,void cutlass::Kernel2<cutlass_80_simt_sgemm_128x64_8x5_nn_align1>(cutlass_80_simt_sgemm_128x64_8x5_nn_align1::Params),8731.0869140625,8756.0,,ok,torch.profiler,medium_c256
24,256,1314.0379999999714,291.00700000007055,fp32,,train_step,medium,autograd::engine::evaluate_function: WhereBackward0,8731.0869140625,8756.0,backward,ok,torch.profiler,medium_c256
24,256,1138.373999999967,291.00700000007055,fp32,,train_step,medium,WhereBackward0,8731.0869140625,8756.0,backward,ok,torch.profiler,medium_c256
48,256,0,1151.491000000111,fp32,,train_step,medium,ampere_sgemm_128x128_nt,8731.0869140625,8756.0,,ok,torch.profiler,medium_c256
48,256,0,1055.5549999999785,fp32,,train_step,medium,"void at::native::vectorized_elementwise_kernel<4, at::native::neg_kernel_cuda(at::TensorIteratorBase&)::{lambda()#2}::operator()() const::{lambda()#7}::operator()() const::{lambda(float)#1}, std::array<char*, 2ul> >(int, at::native::neg_kernel_cuda(at::TensorIteratorBase&)::{lambda()#2}::operator()() const::{lambda()#7}::operator()() const::{lambda(float)#1}, std::array<char*, 2ul>)",8731.0869140625,8756.0,,ok,torch.profiler,medium_c256
24,256,200.17200000003504,0,fp32,,train_step,medium,autograd::engine::evaluate_function: TransposeBackward0,8731.0869140625,8756.0,backward,ok,torch.profiler,medium_c256
24,256,112.3639999999723,0,fp32,,train_step,medium,TransposeBackward0,8731.0869140625,8756.0,backward,ok,torch.profiler,medium_c256
48,256,978.5899999999529,0,fp32,,train_step,medium,autograd::engine::evaluate_function: CatBackward0,8731.0869140625,8756.0,backward,ok,torch.profiler,medium_c256
48,256,747.446999999971,0,fp32,,train_step,medium,CatBackward0,8731.0869140625,8756.0,backward,ok,torch.profiler,medium_c256
96,256,620.5000000002474,0,fp32,,train_step,medium,aten::narrow,8731.0869140625,8756.0,,ok,torch.profiler,medium_c256
96,256,456.22700000005716,0,fp32,,train_step,medium,aten::slice,8731.0869140625,8756.0,,ok,torch.profiler,medium_c256
24,256,0,123.96700000001874,fp32,,train_step,medium,"void at::native::_scatter_gather_elementwise_kernel<128, 8, at::native::_cuda_scatter_gather_internal_kernel<true, at::native::OpaqueType<4>, long>::operator()<at::native::TensorAssign>(at::TensorIterator&, long, long, long, at::native::TensorAssign const&)::{lambda(int)#1}>(int, at::native::_cuda_scatter_gather_internal_kernel<true, at::native::OpaqueType<4>, long>::operator()<at::native::TensorAssign>(at::TensorIterator&, long, long, long, at::native::TensorAssign const&)::{lambda(int)#1})",8731.0869140625,8756.0,,ok,torch.profiler,medium_c256
48,256,0,223.93500000001222,fp32,,train_step,medium,"void at::native::elementwise_kernel<128, 2, at::native::gpu_kernel_impl_nocast<at::native::neg_kernel_cuda(at::TensorIteratorBase&)::{lambda()#2}::operator()() const::{lambda()#7}::operator()() const::{lambda(float)#1}>(at::TensorIteratorBase&, at::native::neg_kernel_cuda(at::TensorIteratorBase&)::{lambda()#2}::operator()() const::{lambda()#7}::operator()() const::{lambda(float)#1} const&)::{lambda(int)#1}>(int, at::native::gpu_kernel_impl_nocast<at::native::neg_kernel_cuda(at::TensorIteratorBase&)::{lambda()#2}::operator()() const::{lambda()#7}::operator()() const::{lambda(float)#1}>(at::TensorIteratorBase&, at::native::neg_kernel_cuda(at::TensorIteratorBase&)::{lambda()#2}::operator()() const::{lambda()#7}::operator()() const::{lambda(float)#1} const&)::{lambda(int)#1})",8731.0869140625,8756.0,,ok,torch.profiler,medium_c256
48,256,1454.336999999854,260.00100000000384,fp32,,train_step,medium,autograd::engine::evaluate_function: UnbindBackward0,8731.0869140625,8756.0,backward,ok,torch.profiler,medium_c256
48,256,1188.531999999992,260.00100000000384,fp32,,train_step,medium,UnbindBackward0,8731.0869140625,8756.0,backward,ok,torch.profiler,medium_c256
48,256,1084.5490000000573,260.00100000000384,fp32,,train_step,medium,aten::stack,8731.0869140625,8756.0,,ok,torch.profiler,medium_c256
24,256,0,87.23400000001129,fp32,,train_step,medium,"void at::native::(anonymous namespace)::CatArrayBatchedCopy_vectorized<at::native::(anonymous namespace)::OpaqueType<4u>, unsigned int, 1, 128, 1, 16, 4>(char*, at::native::(anonymous namespace)::CatArrInputTensorMetadata<at::native::(anonymous namespace)::OpaqueType<4u>, unsigned int, 128, 1>, at::native::(anonymous namespace)::TensorSizeStride<unsigned int, 4u>, int, unsigned int)",8731.0869140625,8756.0,,ok,torch.profiler,medium_c256
1,256,213.3389999999781,38.59199999997509,fp32,,train_step,medium,autograd::engine::evaluate_function: IndexBackward0,8731.0869140625,8756.0,backward,ok,torch.profiler,medium_c256
1,256,204.9419999999809,38.59199999997509,fp32,,train_step,medium,IndexBackward0,8731.0869140625,8756.0,backward,ok,torch.profiler,medium_c256
1,256,22.79800000000978,22.527999999991152,fp32,,train_step,medium,aten::new_zeros,8731.0869140625,8756.0,,ok,torch.profiler,medium_c256
1,256,6.918000000005122,0,fp32,,train_step,medium,aten::new_empty,8731.0869140625,8756.0,,ok,torch.profiler,medium_c256
1,256,170.9079999999958,16.063999999983935,fp32,,train_step,medium,aten::_index_put_impl_,8731.0869140625,8756.0,,ok,torch.profiler,medium_c256
1,256,22.104999999981374,1.7919999999867287,fp32,,train_step,medium,aten::remainder,8731.0869140625,8756.0,,ok,torch.profiler,medium_c256
1,256,0,1.7919999999867287,fp32,,train_step,medium,"void at::native::vectorized_elementwise_kernel<2, at::native::BUnaryFunctor<long, long, long, at::native::remainder_kernel_cuda(at::TensorIteratorBase&)::{lambda()#1}::operator()() const::{lambda()#4}::operator()() const::{lambda(long, long)#1}>, std::array<char*, 2ul> >(int, at::native::BUnaryFunctor<long, long, long, at::native::remainder_kernel_cuda(at::TensorIteratorBase&)::{lambda()#1}::operator()() const::{lambda()#4}::operator()() const::{lambda(long, long)#1}>, std::array<char*, 2ul>)",8731.0869140625,8756.0,,ok,torch.profiler,medium_c256
1,256,0,1.1199999999953434,fp32,,train_step,medium,"void at::native::vectorized_elementwise_kernel<2, at::native::AUnaryFunctor<long, long, long, at::native::binary_internal::MulFunctor<long> >, std::array<char*, 2ul> >(int, at::native::AUnaryFunctor<long, long, long, at::native::binary_internal::MulFunctor<long> >, std::array<char*, 2ul>)",8731.0869140625,8756.0,,ok,torch.profiler,medium_c256
1,256,22.28299999999581,1.599999999976717,fp32,,train_step,medium,aten::divide_,8731.0869140625,8756.0,,ok,torch.profiler,medium_c256
1,256,19.470999999990454,1.599999999976717,fp32,,train_step,medium,aten::div_,8731.0869140625,8756.0,,ok,torch.profiler,medium_c256
1,256,0,1.599999999976717,fp32,,train_step,medium,"void at::native::vectorized_elementwise_kernel<2, at::native::BUnaryFunctor<long, long, long, at::native::binary_internal::div_trunc_kernel_cuda(at::TensorIteratorBase&)::{lambda()#1}::operator()() const::{lambda()#4}::operator()() const::{lambda(long, long)#1}>, std::array<char*, 2ul> >(int, at::native::BUnaryFunctor<long, long, long, at::native::binary_internal::div_trunc_kernel_cuda(at::TensorIteratorBase&)::{lambda()#1}::operator()() const::{lambda()#4}::operator()() const::{lambda(long, long)#1}>, std::array<char*, 2ul>)",8731.0869140625,8756.0,,ok,torch.profiler,medium_c256
1,256,0,5.279999999998836,fp32,,train_step,medium,"void at_cuda_detail::cub::DeviceRadixSortSingleTileKernel<at_cuda_detail::cub::DeviceRadixSortPolicy<long, at::cuda::cub::detail::OpaqueType<8>, unsigned long long>::Policy900, false, long, at::cuda::cub::detail::OpaqueType<8>, unsigned long long, at_cuda_detail::cub::detail::identity_decomposer_t>(long const*, long*, at::cuda::cub::detail::OpaqueType<8> const*, at::cuda::cub::detail::OpaqueType<8>*, unsigned long long, int, int, at_cuda_detail::cub::detail::identity_decomposer_t)",8731.0869140625,8756.0,,ok,torch.profiler,medium_c256
2,256,0.1790000000037253,0,fp32,,train_step,medium,cudaPeekAtLastError,8731.0869140625,8756.0,,ok,torch.profiler,medium_c256
1,256,0,5.376000000018394,fp32,,train_step,medium,"void (anonymous namespace)::indexing_backward_kernel<float, 4>(long const*, long const*, float const*, float*, long, long, long, long, bool)",8731.0869140625,8756.0,backward,ok,torch.profiler,medium_c256
1,256,5714.992999999988,36643.02200000011,fp32,,train_step,medium,optimizer,8731.0869140625,8756.0,optimizer,ok,torch.profiler,medium_c256
1,256,5611.551000000007,36643.02200000011,fp32,,train_step,medium,Optimizer.step#AdamW.step,8731.0869140625,8756.0,optimizer,ok,torch.profiler,medium_c256
1,256,2.1149999999906868,0,fp32,,train_step,medium,cudaStreamIsCapturing,8731.0869140625,8756.0,,ok,torch.profiler,medium_c256
1,256,0.35099999999511056,0,fp32,,train_step,medium,aten::lift_fresh,8731.0869140625,8756.0,,ok,torch.profiler,medium_c256
1,256,2.437000000005355,0,fp32,,train_step,medium,aten::detach_,8731.0869140625,8756.0,,ok,torch.profiler,medium_c256
1,256,0.9460000000253785,0,fp32,,train_step,medium,detach_,8731.0869140625,8756.0,,ok,torch.profiler,medium_c256
2,256,513.0829999999842,3705.023999999976,fp32,,train_step,medium,aten::_foreach_add_,8731.0869140625,8756.0,,ok,torch.profiler,medium_c256
2,256,315.9320000000298,7425.219000000041,fp32,,train_step,medium,aten::_foreach_mul_,8731.0869140625,8756.0,,ok,torch.profiler,medium_c256
1,256,0,36750.120999999985,fp32,,train_step,medium,Optimizer.step#AdamW.step,8731.0869140625,8756.0,optimizer,ok,torch.profiler,medium_c256
42,256,0,7425.219000000041,fp32,,train_step,medium,"void at::native::(anonymous namespace)::multi_tensor_apply_kernel<at::native::(anonymous namespace)::TensorListMetadata<1>, at::native::(anonymous namespace)::BinaryOpScalarFunctor<float, 1, 1, 0>, std::multiplies<float>, float>(at::native::(anonymous namespace)::TensorListMetadata<1>, at::native::(anonymous namespace)::BinaryOpScalarFunctor<float, 1, 1, 0>, std::multiplies<float>, float)",8731.0869140625,8756.0,,ok,torch.profiler,medium_c256
1,256,168.14100000000326,5453.66300000003,fp32,,train_step,medium,aten::_foreach_lerp_,8731.0869140625,8756.0,,ok,torch.profiler,medium_c256
1,256,180.49600000001374,5455.684000000008,fp32,,train_step,medium,aten::_foreach_addcmul_,8731.0869140625,8756.0,,ok,torch.profiler,medium_c256
438,256,588.8179999999411,0,fp32,,train_step,medium,aten::item,8731.0869140625,8756.0,,ok,torch.profiler,medium_c256
438,256,114.62499999994179,0,fp32,,train_step,medium,aten::_local_scalar_dense,8731.0869140625,8756.0,,ok,torch.profiler,medium_c256
1,256,1176.8010000000068,3704.675000000134,fp32,,train_step,medium,aten::_foreach_sqrt,8731.0869140625,8756.0,,ok,torch.profiler,medium_c256
1,256,149.49800000002142,3713.3779999999388,fp32,,train_step,medium,aten::_foreach_div_,8731.0869140625,8756.0,,ok,torch.profiler,medium_c256
21,256,0,5453.66300000003,fp32,,train_step,medium,"void at::native::(anonymous namespace)::multi_tensor_apply_kernel<at::native::(anonymous namespace)::TensorListMetadata<2>, at::native::(anonymous namespace)::TernaryOpScalarFunctor<float, 2, 2, 0>, at::native::LerpFunctor<float>, float>(at::native::(anonymous namespace)::TensorListMetadata<2>, at::native::(anonymous namespace)::TernaryOpScalarFunctor<float, 2, 2, 0>, at::native::LerpFunctor<float>, float)",8731.0869140625,8756.0,,ok,torch.profiler,medium_c256
1,256,198.14400000000023,7185.378999999986,fp32,,train_step,medium,aten::_foreach_addcdiv_,8731.0869140625,8756.0,,ok,torch.profiler,medium_c256
2,256,31335.628999999986,0,fp32,,train_step,medium,cudaDeviceSynchronize,8731.0869140625,8756.0,,ok,torch.profiler,medium_c256
21,256,0,5455.684000000008,fp32,,train_step,medium,"void at::native::(anonymous namespace)::multi_tensor_apply_kernel<at::native::(anonymous namespace)::TensorListMetadata<3>, at::native::(anonymous namespace)::PointwiseOpScalarFunctor<float, 3, 3, 0>, std::multiplies<float>, float>(at::native::(anonymous namespace)::TensorListMetadata<3>, at::native::(anonymous namespace)::PointwiseOpScalarFunctor<float, 3, 3, 0>, std::multiplies<float>, float)",8731.0869140625,8756.0,,ok,torch.profiler,medium_c256
21,256,0,3704.675000000134,fp32,,train_step,medium,"void at::native::(anonymous namespace)::multi_tensor_apply_kernel<at::native::(anonymous namespace)::TensorListMetadata<2>, at::native::(anonymous namespace)::UnaryOpFunctor<float, 2, 1, 1>, at::native::Sqrt<float> >(at::native::(anonymous namespace)::TensorListMetadata<2>, at::native::(anonymous namespace)::UnaryOpFunctor<float, 2, 1, 1>, at::native::Sqrt<float>)",8731.0869140625,8756.0,,ok,torch.profiler,medium_c256
21,256,0,3713.3779999999388,fp32,,train_step,medium,"void at::native::(anonymous namespace)::multi_tensor_apply_kernel<at::native::(anonymous namespace)::TensorListScalarListMetadata<float, 1>, at::native::(anonymous namespace)::BinaryOpScalarListFunctor<float, 1, 1, 0>, std::divides<float> >(at::native::(anonymous namespace)::TensorListScalarListMetadata<float, 1>, at::native::(anonymous namespace)::BinaryOpScalarListFunctor<float, 1, 1, 0>, std::divides<float>)",8731.0869140625,8756.0,,ok,torch.profiler,medium_c256
21,256,0,3705.023999999976,fp32,,train_step,medium,"void at::native::(anonymous namespace)::multi_tensor_apply_kernel<at::native::(anonymous namespace)::TensorListMetadata<1>, at::native::(anonymous namespace)::BinaryOpScalarFunctor<float, 1, 1, 0>, std::plus<float>, float>(at::native::(anonymous namespace)::TensorListMetadata<1>, at::native::(anonymous namespace)::BinaryOpScalarFunctor<float, 1, 1, 0>, std::plus<float>, float)",8731.0869140625,8756.0,,ok,torch.profiler,medium_c256
21,256,0,7185.378999999986,fp32,,train_step,medium,"void at::native::(anonymous namespace)::multi_tensor_apply_kernel<at::native::(anonymous namespace)::TensorListScalarListMetadata<float, 3>, at::native::(anonymous namespace)::PointwiseOpScalarListFunctor<float, 3, 3, 0>, std::divides<float> >(at::native::(anonymous namespace)::TensorListScalarListMetadata<float, 3>, at::native::(anonymous namespace)::PointwiseOpScalarListFunctor<float, 3, 3, 0>, std::divides<float>)",8731.0869140625,8756.0,,ok,torch.profiler,medium_c256
1,512,268373.139,326956.907,fp32,,train_step,medium,ProfilerStep*,14126.9736328125,14614.0,,ok,torch.profiler,medium_c512
1,512,186944.339,326956.907,fp32,,train_step,medium,profile/measure/train_step/0,14126.9736328125,14614.0,,ok,torch.profiler,medium_c512
1,512,264.96299999999997,0,fp32,,train_step,medium,Optimizer.zero_grad#AdamW.zero_grad,14126.9736328125,14614.0,optimizer,ok,torch.profiler,medium_c512
1,512,63011.289000000004,73321.89500000006,fp32,,train_step,medium,forward,14126.9736328125,14614.0,forward,ok,torch.profiler,medium_c512
1,512,606.754,0,fp32,,train_step,medium,Unrecognized,14126.9736328125,14614.0,,ok,torch.profiler,medium_c512
1,512,1303.5919999999999,0,fp32,,train_step,medium,aten::index,14126.9736328125,14614.0,,ok,torch.profiler,medium_c512
4007,512,2798.927000000742,0,fp32,,train_step,medium,aten::as_strided,14126.9736328125,14614.0,,ok,torch.profiler,medium_c512
1592,512,10581.245999999928,1761.6299999999337,fp32,,train_step,medium,aten::reshape,14126.9736328125,14614.0,,ok,torch.profiler,medium_c512
1594,512,2870.8539999998748,0,fp32,,train_step,medium,aten::view,14126.9736328125,14614.0,,ok,torch.profiler,medium_c512
3611,512,29196.372999999527,216724.92299999975,fp32,,train_step,medium,cudaLaunchKernel,14126.9736328125,14614.0,,ok,torch.profiler,medium_c512
298,512,120.88600000004635,0,fp32,,train_step,medium,aten::to,14126.9736328125,14614.0,,ok,torch.profiler,medium_c512
149,512,3298.584000000115,923.6170000001562,fp32,,train_step,medium,aten::pow,14126.9736328125,14614.0,,ok,torch.profiler,medium_c512
149,512,72.33099999990827,0,fp32,,train_step,medium,aten::result_type,14126.9736328125,14614.0,,ok,torch.profiler,medium_c512
1,512,0,75097.169,fp32,,train_step,medium,forward,14126.9736328125,14614.0,forward,ok,torch.profiler,medium_c512
50,512,0,428.929000000016,fp32,,train_step,medium,"void at::native::vectorized_elementwise_kernel<4, at::native::(anonymous namespace)::pow_tensor_scalar_kernel_impl<float, float>(at::TensorIteratorBase&, float)::{lambda(float)#1}, std::array<char*, 2ul> >(int, at::native::(anonymous namespace)::pow_tensor_scalar_kernel_impl<float, float>(at::TensorIteratorBase&, float)::{lambda(float)#1}, std::array<char*, 2ul>)",14126.9736328125,14614.0,,ok,torch.profiler,medium_c512
50,512,1078.0530000000163,283.17400000000407,fp32,,train_step,medium,aten::mean,14126.9736328125,14614.0,,ok,torch.profiler,medium_c512
50,512,0,282.0540000000087,fp32,,train_step,medium,"void at::native::reduce_kernel<512, 1, at::native::ReduceOp<float, at::native::MeanOps<float, float, float, float>, unsigned int, float, 4, 4> >(at::native::ReduceOp<float, at::native::MeanOps<float, float, float, float>, unsigned int, float, 4, 4>)",14126.9736328125,14614.0,,ok,torch.profiler,medium_c512
193,512,3966.424999999994,1498.632999999912,fp32,,train_step,medium,aten::add,14126.9736328125,14614.0,,ok,torch.profiler,medium_c512
49,512,0,50.75600000002623,fp32,,train_step,medium,"void at::native::vectorized_elementwise_kernel<4, at::native::CUDAFunctorOnSelf_add<float>, std::array<char*, 2ul> >(int, at::native::CUDAFunctorOnSelf_add<float>, std::array<char*, 2ul>)",14126.9736328125,14614.0,,ok,torch.profiler,medium_c512
49,512,742.076000000005,52.3799999999851,fp32,,train_step,medium,aten::rsqrt,14126.9736328125,14614.0,,ok,torch.profiler,medium_c512
49,512,0,52.3799999999851,fp32,,train_step,medium,"void at::native::vectorized_elementwise_kernel<4, at::native::rsqrt_kernel_cuda(at::TensorIteratorBase&)::{lambda()#2}::operator()() const::{lambda()#2}::operator()() const::{lambda(float)#1}, std::array<char*, 2ul> >(int, at::native::rsqrt_kernel_cuda(at::TensorIteratorBase&)::{lambda()#2}::operator()() const::{lambda()#2}::operator()() const::{lambda(float)#1}, std::array<char*, 2ul>)",14126.9736328125,14614.0,,ok,torch.profiler,medium_c512
1069,512,16891.060999999772,29552.13899999942,fp32,,train_step,medium,aten::mul,14126.9736328125,14614.0,,ok,torch.profiler,medium_c512
580,512,0,3668.7759999997716,fp32,,train_step,medium,"void at::native::elementwise_kernel<128, 2, at::native::gpu_kernel_impl_nocast<at::native::BinaryFunctor<float, float, float, at::native::binary_internal::MulFunctor<float> > >(at::TensorIteratorBase&, at::native::BinaryFunctor<float, float, float, at::native::binary_internal::MulFunctor<float> > const&)::{lambda(int)#1}>(int, at::native::gpu_kernel_impl_nocast<at::native::BinaryFunctor<float, float, float, at::native::binary_internal::MulFunctor<float> > >(at::TensorIteratorBase&, at::native::BinaryFunctor<float, float, float, at::native::binary_internal::MulFunctor<float> > const&)::{lambda(int)#1})",14126.9736328125,14614.0,,ok,torch.profiler,medium_c512
169,512,16826.162999999986,42388.078000000045,fp32,,train_step,medium,aten::einsum,14126.9736328125,14614.0,,ok,torch.profiler,medium_c512
531,512,2104.705999999954,0,fp32,,train_step,medium,aten::unsqueeze,14126.9736328125,14614.0,,ok,torch.profiler,medium_c512
1978,512,7174.398000000409,0,fp32,,train_step,medium,aten::permute,14126.9736328125,14614.0,,ok,torch.profiler,medium_c512
241,512,627.8139999999994,0,fp32,,train_step,medium,aten::_reshape_alias,14126.9736328125,14614.0,,ok,torch.profiler,medium_c512
651,512,25896.648999999983,123356.66999999929,fp32,,train_step,medium,aten::bmm,14126.9736328125,14614.0,,ok,torch.profiler,medium_c512
508,512,4242.88299999992,0,fp32,,train_step,medium,cudaMemsetAsync,14126.9736328125,14614.0,,ok,torch.profiler,medium_c512
265,512,278.75800000018035,0,fp32,,train_step,medium,cudaOccupancyMaxActiveBlocksPerMultiprocessor,14126.9736328125,14614.0,,ok,torch.profiler,medium_c512
508,512,0,577.0489999996844,fp32,,train_step,medium,Memset (Device),14126.9736328125,14614.0,,ok,torch.profiler,medium_c512
168,512,0,41314.47999999997,fp32,,train_step,medium,ampere_sgemm_128x64_tn,14126.9736328125,14614.0,,ok,torch.profiler,medium_c512
96,512,935.5870000000195,0,fp32,,train_step,medium,aten::unbind,14126.9736328125,14614.0,,ok,torch.profiler,medium_c512
192,512,574.3310000000038,0,fp32,,train_step,medium,aten::select,14126.9736328125,14614.0,,ok,torch.profiler,medium_c512
48,512,88.17699999999786,0,fp32,,train_step,medium,aten::alias,14126.9736328125,14614.0,,ok,torch.profiler,medium_c512
72,512,1136.074999999998,2804.325000000005,fp32,,train_step,medium,aten::sub,14126.9736328125,14614.0,,ok,torch.profiler,medium_c512
457,512,0,9403.851999999595,fp32,,train_step,medium,"void at::native::vectorized_elementwise_kernel<4, at::native::CUDAFunctor_add<float>, std::array<char*, 3ul> >(int, at::native::CUDAFunctor_add<float>, std::array<char*, 3ul>)",14126.9736328125,14614.0,,ok,torch.profiler,medium_c512
48,512,1004.8170000000032,436.6400000000135,fp32,,train_step,medium,aten::concat,14126.9736328125,14614.0,,ok,torch.profiler,medium_c512
96,512,1687.0800000000681,851.5810000000197,fp32,,train_step,medium,aten::cat,14126.9736328125,14614.0,,ok,torch.profiler,medium_c512
72,512,0,713.6299999999896,fp32,,train_step,medium,"void at::native::(anonymous namespace)::CatArrayBatchedCopy<at::native::(anonymous namespace)::OpaqueType<4u>, unsigned int, 4, 64, 64>(at::native::(anonymous namespace)::OpaqueType<4u>*, at::native::(anonymous namespace)::CatArrInputTensorMetadata<at::native::(anonymous namespace)::OpaqueType<4u>, unsigned int, 64, 64>, at::native::(anonymous namespace)::TensorSizeStride<unsigned int, 4u>, int, unsigned int)",14126.9736328125,14614.0,,ok,torch.profiler,medium_c512
50,512,996.0569999999902,45.88600000000133,fp32,,train_step,medium,aten::arange,14126.9736328125,14614.0,,ok,torch.profiler,medium_c512
341,512,1635.0760000002347,0,fp32,,train_step,medium,aten::empty,14126.9736328125,14614.0,,ok,torch.profiler,medium_c512
73,512,259.42400000001317,0,fp32,,train_step,medium,aten::resize_,14126.9736328125,14614.0,,ok,torch.profiler,medium_c512
25,512,0,22.943000000000666,fp32,,train_step,medium,"void (anonymous namespace)::elementwise_kernel_with_index<int, at::native::arange_cuda_out(c10::Scalar const&, c10::Scalar const&, c10::Scalar const&, at::Tensor&)::{lambda()#1}::operator()() const::{lambda()#4}::operator()() const::{lambda(long)#1}>(int, at::native::arange_cuda_out(c10::Scalar const&, c10::Scalar const&, c10::Scalar const&, at::Tensor&)::{lambda()#1}::operator()() const::{lambda()#4}::operator()() const::{lambda(long)#1}, function_traits<at::native::arange_cuda_out(c10::Scalar const&, c10::Scalar const&, c10::Scalar const&, at::Tensor&)::{lambda()#1}::operator()() const::{lambda()#4}::operator()() const::{lambda(long)#1}>::result_type*)",14126.9736328125,14614.0,,ok,torch.profiler,medium_c512
24,512,435.0589999999934,54.399000000001706,fp32,,train_step,medium,aten::ge,14126.9736328125,14614.0,,ok,torch.profiler,medium_c512
24,512,0,54.399000000001706,fp32,,train_step,medium,"void at::native::elementwise_kernel<128, 4, at::native::gpu_kernel_impl_nocast<at::native::(anonymous namespace)::CompareFunctor<long> >(at::TensorIteratorBase&, at::native::(anonymous namespace)::CompareFunctor<long> const&)::{lambda(int)#1}>(int, at::native::gpu_kernel_impl_nocast<at::native::(anonymous namespace)::CompareFunctor<long> >(at::TensorIteratorBase&, at::native::(anonymous namespace)::CompareFunctor<long> const&)::{lambda(int)#1})",14126.9736328125,14614.0,,ok,torch.profiler,medium_c512
24,512,3565.3429999999967,4943.263999999983,fp32,,train_step,medium,attention/scores,14126.9736328125,14614.0,attention/scores,ok,torch.profiler,medium_c512
482,512,1954.2709999997405,0,fp32,,train_step,medium,aten::transpose,14126.9736328125,14614.0,,ok,torch.profiler,medium_c512
48,512,4073.998000000004,4473.215999999971,fp32,,train_step,medium,aten::matmul,14126.9736328125,14614.0,,ok,torch.profiler,medium_c512
171,512,961.290000000005,0,fp32,,train_step,medium,aten::expand,14126.9736328125,14614.0,,ok,torch.profiler,medium_c512
24,512,0,4959.681000000002,fp32,,train_step,medium,attention/scores,14126.9736328125,14614.0,attention/scores,ok,torch.profiler,medium_c512
49,512,0,4274.656999999999,fp32,,train_step,medium,ampere_sgemm_128x128_tn,14126.9736328125,14614.0,,ok,torch.profiler,medium_c512
240,512,397.1890000000085,0,fp32,,train_step,medium,aten::_unsafe_view,14126.9736328125,14614.0,,ok,torch.profiler,medium_c512
194,512,3211.9940000002193,19968.32400000002,fp32,,train_step,medium,aten::div,14126.9736328125,14614.0,,ok,torch.profiler,medium_c512
48,512,0,6752.225999999989,fp32,,train_step,medium,"void at::native::vectorized_elementwise_kernel<4, at::native::BUnaryFunctor<float, float, float, at::native::binary_internal::MulFunctor<float> >, std::array<char*, 2ul> >(int, at::native::BUnaryFunctor<float, float, float, at::native::binary_internal::MulFunctor<float> >, std::array<char*, 2ul>)",14126.9736328125,14614.0,,ok,torch.profiler,medium_c512
24,512,2116.6370000000097,2637.538000000025,fp32,,train_step,medium,attention/mask,14126.9736328125,14614.0,,ok,torch.profiler,medium_c512
96,512,3734.7359999999953,10525.568000000096,fp32,,train_step,medium,aten::where,14126.9736328125,14614.0,,ok,torch.profiler,medium_c512
48,512,1014.0910000000085,65.66599999997925,fp32,,train_step,medium,aten::scalar_tensor,14126.9736328125,14614.0,,ok,torch.profiler,medium_c512
74,512,838.6919999999295,1124.515000000054,fp32,,train_step,medium,aten::fill_,14126.9736328125,14614.0,,ok,torch.profiler,medium_c512
24,512,3645.8380000000084,11229.986999999981,fp32,,train_step,medium,attention/softmax,14126.9736328125,14614.0,attention/softmax,ok,torch.profiler,medium_c512
24,512,0,2653.6330000000203,fp32,,train_step,medium,attention/mask,14126.9736328125,14614.0,,ok,torch.profiler,medium_c512
74,512,0,1124.515000000054,fp32,,train_step,medium,"void at::native::vectorized_elementwise_kernel<4, at::native::FillFunctor<float>, std::array<char*, 1ul> >(int, at::native::FillFunctor<float>, std::array<char*, 1ul>)",14126.9736328125,14614.0,,ok,torch.profiler,medium_c512
24,512,705.3759999999875,1314.9749999999935,fp32,,train_step,medium,aten::max,14126.9736328125,14614.0,,ok,torch.profiler,medium_c512
48,512,0,5229.951000000058,fp32,,train_step,medium,"void at::native::elementwise_kernel<128, 2, at::native::gpu_kernel_impl_nocast<at::native::(anonymous namespace)::where_kernel_impl(at::TensorIterator&)::{lambda()#1}::operator()() const::{lambda()#11}::operator()() const::{lambda(bool, float, float)#1}>(at::TensorIteratorBase&, at::native::(anonymous namespace)::where_kernel_impl(at::TensorIterator&)::{lambda()#1}::operator()() const::{lambda()#11}::operator()() const::{lambda(bool, float, float)#1} const&)::{lambda(int)#1}>(int, at::native::gpu_kernel_impl_nocast<at::native::(anonymous namespace)::where_kernel_impl(at::TensorIterator&)::{lambda()#1}::operator()() const::{lambda()#11}::operator()() const::{lambda(bool, float, float)#1}>(at::TensorIteratorBase&, at::native::(anonymous namespace)::where_kernel_impl(at::TensorIterator&)::{lambda()#1}::operator()() const::{lambda()#11}::operator()() const::{lambda(bool, float, float)#1} const&)::{lambda(int)#1})",14126.9736328125,14614.0,,ok,torch.profiler,medium_c512
24,512,384.35400000001164,3351.1070000000072,fp32,,train_step,medium,aten::exp,14126.9736328125,14614.0,,ok,torch.profiler,medium_c512
170,512,3171.3840000000196,5456.356999999883,fp32,,train_step,medium,aten::sum,14126.9736328125,14614.0,,ok,torch.profiler,medium_c512
24,512,0,11294.496,fp32,,train_step,medium,attention/softmax,14126.9736328125,14614.0,attention/softmax,ok,torch.profiler,medium_c512
24,512,0,1314.9749999999935,fp32,,train_step,medium,"void at::native::reduce_kernel<512, 1, at::native::ReduceOp<float, at::native::MaxOps<float>, unsigned int, float, 4, 4> >(at::native::ReduceOp<float, at::native::MaxOps<float>, unsigned int, float, 4, 4>)",14126.9736328125,14614.0,,ok,torch.profiler,medium_c512
24,512,3113.3680000000068,2833.823999999986,fp32,,train_step,medium,attention/value,14126.9736328125,14614.0,attention/value,ok,torch.profiler,medium_c512
48,512,0,5179.520000000075,fp32,,train_step,medium,"void at::native::elementwise_kernel<128, 2, at::native::gpu_kernel_impl_nocast<at::native::CUDAFunctor_add<float> >(at::TensorIteratorBase&, at::native::CUDAFunctor_add<float> const&)::{lambda(int)#1}>(int, at::native::gpu_kernel_impl_nocast<at::native::CUDAFunctor_add<float> >(at::TensorIteratorBase&, at::native::CUDAFunctor_add<float> const&)::{lambda(int)#1})",14126.9736328125,14614.0,,ok,torch.profiler,medium_c512
192,512,4525.402000000122,1761.6299999999337,fp32,,train_step,medium,aten::clone,14126.9736328125,14614.0,,ok,torch.profiler,medium_c512
195,512,1361.054999999923,0,fp32,,train_step,medium,aten::empty_like,14126.9736328125,14614.0,,ok,torch.profiler,medium_c512
411,512,6231.817999999929,8160.834000000295,fp32,,train_step,medium,aten::copy_,14126.9736328125,14614.0,,ok,torch.profiler,medium_c512
24,512,0,3351.1070000000072,fp32,,train_step,medium,"void at::native::vectorized_elementwise_kernel<4, at::native::exp_kernel_cuda(at::TensorIteratorBase&)::{lambda()#2}::operator()() const::{lambda()#2}::operator()() const::{lambda(float)#1}, std::array<char*, 2ul> >(int, at::native::exp_kernel_cuda(at::TensorIteratorBase&)::{lambda()#2}::operator()() const::{lambda()#2}::operator()() const::{lambda(float)#1}, std::array<char*, 2ul>)",14126.9736328125,14614.0,,ok,torch.profiler,medium_c512
121,512,0,5034.529999999994,fp32,,train_step,medium,"void at::native::reduce_kernel<512, 1, at::native::ReduceOp<float, at::native::func_wrapper_t<float, at::native::sum_functor<float, float, float>::operator()(at::TensorIterator&)::{lambda(float, float)#1}>, unsigned int, float, 4, 4> >(at::native::ReduceOp<float, at::native::func_wrapper_t<float, at::native::sum_functor<float, float, float>::operator()(at::TensorIterator&)::{lambda(float, float)#1}>, unsigned int, float, 4, 4>)",14126.9736328125,14614.0,,ok,torch.profiler,medium_c512
96,512,0,12892.543999999996,fp32,,train_step,medium,"void at::native::elementwise_kernel<128, 2, at::native::gpu_kernel_impl_nocast<at::native::BinaryFunctor<float, float, float, at::native::binary_internal::DivFunctor<float> > >(at::TensorIteratorBase&, at::native::BinaryFunctor<float, float, float, at::native::binary_internal::DivFunctor<float> > const&)::{lambda(int)#1}>(int, at::native::gpu_kernel_impl_nocast<at::native::BinaryFunctor<float, float, float, at::native::binary_internal::DivFunctor<float> > >(at::TensorIteratorBase&, at::native::BinaryFunctor<float, float, float, at::native::binary_internal::DivFunctor<float> > const&)::{lambda(int)#1})",14126.9736328125,14614.0,,ok,torch.profiler,medium_c512
24,512,0,2850.1770000000124,fp32,,train_step,medium,attention/value,14126.9736328125,14614.0,attention/value,ok,torch.profiler,medium_c512
361,512,0,7727.650000000171,fp32,,train_step,medium,"void at::native::elementwise_kernel<128, 2, at::native::gpu_kernel_impl_nocast<at::native::direct_copy_kernel_cuda(at::TensorIteratorBase&)::{lambda()#3}::operator()() const::{lambda()#7}::operator()() const::{lambda(float)#1}>(at::TensorIteratorBase&, at::native::direct_copy_kernel_cuda(at::TensorIteratorBase&)::{lambda()#3}::operator()() const::{lambda()#7}::operator()() const::{lambda(float)#1} const&)::{lambda(int)#1}>(int, at::native::gpu_kernel_impl_nocast<at::native::direct_copy_kernel_cuda(at::TensorIteratorBase&)::{lambda()#3}::operator()() const::{lambda()#7}::operator()() const::{lambda(float)#1}>(at::TensorIteratorBase&, at::native::direct_copy_kernel_cuda(at::TensorIteratorBase&)::{lambda()#3}::operator()() const::{lambda()#7}::operator()() const::{lambda(float)#1} const&)::{lambda(int)#1})",14126.9736328125,14614.0,,ok,torch.profiler,medium_c512
48,512,0,4714.850000000017,fp32,,train_step,medium,ampere_sgemm_128x128_nn,14126.9736328125,14614.0,,ok,torch.profiler,medium_c512
24,512,478.51700000001165,1369.3440000000146,fp32,,train_step,medium,aten::sigmoid,14126.9736328125,14614.0,,ok,torch.profiler,medium_c512
24,512,0,1369.3440000000146,fp32,,train_step,medium,"void at::native::vectorized_elementwise_kernel<4, at::native::sigmoid_kernel_cuda(at::TensorIteratorBase&)::{lambda()#2}::operator()() const::{lambda()#2}::operator()() const::{lambda(float)#1}, std::array<char*, 2ul> >(int, at::native::sigmoid_kernel_cuda(at::TensorIteratorBase&)::{lambda()#2}::operator()() const::{lambda()#2}::operator()() const::{lambda(float)#1}, std::array<char*, 2ul>)",14126.9736328125,14614.0,,ok,torch.profiler,medium_c512
389,512,0,25394.783999999796,fp32,,train_step,medium,"void at::native::vectorized_elementwise_kernel<4, at::native::BinaryFunctor<float, float, float, at::native::binary_internal::MulFunctor<float> >, std::array<char*, 3ul> >(int, at::native::BinaryFunctor<float, float, float, at::native::binary_internal::MulFunctor<float> >, std::array<char*, 3ul>)",14126.9736328125,14614.0,,ok,torch.profiler,medium_c512
1,512,106.65899999999965,238.01600000000326,fp32,,train_step,medium,loss,14126.9736328125,14614.0,,ok,torch.profiler,medium_c512
1,512,33.025000000001455,153.60000000000582,fp32,,train_step,medium,aten::square,14126.9736328125,14614.0,,ok,torch.profiler,medium_c512
1,512,114757.677,1.2160000000003492,fp32,,train_step,medium,backward,14126.9736328125,14614.0,backward,ok,torch.profiler,medium_c512
1,512,30.12999999999738,1.2160000000003492,fp32,,train_step,medium,aten::ones_like,14126.9736328125,14614.0,,ok,torch.profiler,medium_c512
389,512,1683.389999999752,0,fp32,,train_step,medium,aten::empty_strided,14126.9736328125,14614.0,,ok,torch.profiler,medium_c512
1,512,97.49500000000262,56.80000000000291,fp32,,train_step,medium,autograd::engine::evaluate_function: MeanBackward0,14126.9736328125,14614.0,backward,ok,torch.profiler,medium_c512
1,512,70.41500000000087,56.80000000000291,fp32,,train_step,medium,MeanBackward0,14126.9736328125,14614.0,backward,ok,torch.profiler,medium_c512
50,512,3852.0620000000417,1819.935999999696,fp32,,train_step,medium,autograd::engine::evaluate_function: PowBackward0,14126.9736328125,14614.0,backward,ok,torch.profiler,medium_c512
50,512,2825.079000000005,1471.0749999997788,fp32,,train_step,medium,PowBackward0,14126.9736328125,14614.0,backward,ok,torch.profiler,medium_c512
50,512,559.4759999999587,0,fp32,,train_step,medium,cudaMemcpyAsync,14126.9736328125,14614.0,,ok,torch.profiler,medium_c512
627,512,6459.944000000032,632.5129999999481,fp32,,train_step,medium,autograd::engine::evaluate_function: ViewBackward0,14126.9736328125,14614.0,backward,ok,torch.profiler,medium_c512
627,512,4050.707999999904,632.5129999999481,fp32,,train_step,medium,ViewBackward0,14126.9736328125,14614.0,backward,ok,torch.profiler,medium_c512
989,512,8799.120999999868,0,fp32,,train_step,medium,autograd::engine::evaluate_function: PermuteBackward0,14126.9736328125,14614.0,backward,ok,torch.profiler,medium_c512
989,512,4930.4230000002935,0,fp32,,train_step,medium,PermuteBackward0,14126.9736328125,14614.0,backward,ok,torch.profiler,medium_c512
217,512,22955.319000000134,76944.78199999926,fp32,,train_step,medium,autograd::engine::evaluate_function: BmmBackward0,14126.9736328125,14614.0,backward,ok,torch.profiler,medium_c512
217,512,21125.25599999998,76944.78199999926,fp32,,train_step,medium,BmmBackward0,14126.9736328125,14614.0,backward,ok,torch.profiler,medium_c512
242,512,119.53000000000611,0,fp32,,train_step,medium,cudaDeviceGetAttribute,14126.9736328125,14614.0,,ok,torch.profiler,medium_c512
242,512,3717.216999999786,0,fp32,,train_step,medium,cuLaunchKernel,14126.9736328125,14614.0,,ok,torch.profiler,medium_c512
241,512,3474.087999999945,295.1659999999829,fp32,,train_step,medium,autograd::engine::evaluate_function: ReshapeAliasBackward0,14126.9736328125,14614.0,backward,ok,torch.profiler,medium_c512
241,512,2389.8880000002537,295.1659999999829,fp32,,train_step,medium,ReshapeAliasBackward0,14126.9736328125,14614.0,backward,ok,torch.profiler,medium_c512
507,512,6326.297999999966,812.9959999998391,fp32,,train_step,medium,autograd::engine::evaluate_function: UnsqueezeBackward0,14126.9736328125,14614.0,backward,ok,torch.profiler,medium_c512
507,512,2097.273999999925,0,fp32,,train_step,medium,UnsqueezeBackward0,14126.9736328125,14614.0,backward,ok,torch.profiler,medium_c512
507,512,1584.3049999999712,0,fp32,,train_step,medium,aten::squeeze,14126.9736328125,14614.0,,ok,torch.profiler,medium_c512
219,512,6073.80799999999,5966.020000000237,fp32,,train_step,medium,autograd::engine::evaluate_function: torch::autograd::AccumulateGrad,14126.9736328125,14614.0,,ok,torch.profiler,medium_c512
219,512,5266.880000000128,5966.020000000237,fp32,,train_step,medium,torch::autograd::AccumulateGrad,14126.9736328125,14614.0,,ok,torch.profiler,medium_c512
169,512,1269.936999999889,0,fp32,,train_step,medium,aten::new_empty_strided,14126.9736328125,14614.0,,ok,torch.profiler,medium_c512
338,512,15657.65599999998,14103.113999999492,fp32,,train_step,medium,autograd::engine::evaluate_function: MulBackward0,14126.9736328125,14614.0,backward,ok,torch.profiler,medium_c512
338,512,9160.81300000001,12503.427999999694,fp32,,train_step,medium,MulBackward0,14126.9736328125,14614.0,backward,ok,torch.profiler,medium_c512
50,512,114.46999999994296,0,fp32,,train_step,medium,aten::detach,14126.9736328125,14614.0,,ok,torch.profiler,medium_c512
50,512,68.9969999999812,0,fp32,,train_step,medium,detach,14126.9736328125,14614.0,,ok,torch.profiler,medium_c512
49,512,2835.6859999999288,165.40700000005018,fp32,,train_step,medium,autograd::engine::evaluate_function: RsqrtBackward0,14126.9736328125,14614.0,backward,ok,torch.profiler,medium_c512
49,512,2557.681999999935,165.40700000005018,fp32,,train_step,medium,RsqrtBackward0,14126.9736328125,14614.0,backward,ok,torch.profiler,medium_c512
145,512,710.2680000001783,0,fp32,,train_step,medium,autograd::engine::evaluate_function: AddBackward0,14126.9736328125,14614.0,backward,ok,torch.profiler,medium_c512
145,512,117.93200000006618,0,fp32,,train_step,medium,AddBackward0,14126.9736328125,14614.0,backward,ok,torch.profiler,medium_c512
49,512,1570.561999999998,266.7540000000299,fp32,,train_step,medium,autograd::engine::evaluate_function: MeanBackward1,14126.9736328125,14614.0,backward,ok,torch.profiler,medium_c512
49,512,1338.8409999998912,266.7540000000299,fp32,,train_step,medium,MeanBackward1,14126.9736328125,14614.0,backward,ok,torch.profiler,medium_c512
508,512,3267.5489999999845,10331.16999999978,fp32,,train_step,medium,aten::add_,14126.9736328125,14614.0,,ok,torch.profiler,medium_c512
24,512,1597.0910000000295,4021.1249999999563,fp32,,train_step,medium,autograd::engine::evaluate_function: SigmoidBackward0,14126.9736328125,14614.0,backward,ok,torch.profiler,medium_c512
24,512,947.0499999999884,2517.025999999969,fp32,,train_step,medium,SigmoidBackward0,14126.9736328125,14614.0,backward,ok,torch.profiler,medium_c512
24,512,859.8039999999892,2517.025999999969,fp32,,train_step,medium,aten::sigmoid_backward,14126.9736328125,14614.0,backward,ok,torch.profiler,medium_c512
96,512,1492.270000000106,216.95999999999185,fp32,,train_step,medium,autograd::engine::evaluate_function: UnsafeViewBackward0,14126.9736328125,14614.0,backward,ok,torch.profiler,medium_c512
96,512,1096.608999999924,216.95999999999185,fp32,,train_step,medium,UnsafeViewBackward0,14126.9736328125,14614.0,backward,ok,torch.profiler,medium_c512
48,512,179.78599999999278,0,fp32,,train_step,medium,autograd::engine::evaluate_function: CloneBackward0,14126.9736328125,14614.0,backward,ok,torch.profiler,medium_c512
48,512,16.487999999997555,0,fp32,,train_step,medium,CloneBackward0,14126.9736328125,14614.0,backward,ok,torch.profiler,medium_c512
96,512,397.8449999999575,0,fp32,,train_step,medium,autograd::engine::evaluate_function: ExpandBackward0,14126.9736328125,14614.0,backward,ok,torch.profiler,medium_c512
96,512,53.211000000010245,0,fp32,,train_step,medium,ExpandBackward0,14126.9736328125,14614.0,backward,ok,torch.profiler,medium_c512
48,512,2972.7710000000225,24581.53600000014,fp32,,train_step,medium,autograd::engine::evaluate_function: DivBackward0,14126.9736328125,14614.0,backward,ok,torch.profiler,medium_c512
48,512,2162.2509999999893,22190.688000000067,fp32,,train_step,medium,DivBackward0,14126.9736328125,14614.0,backward,ok,torch.profiler,medium_c512
96,512,1227.2189999999973,7013.409000000131,fp32,,train_step,medium,aten::neg,14126.9736328125,14614.0,,ok,torch.profiler,medium_c512
24,512,669.9000000000233,2563.4230000000825,fp32,,train_step,medium,autograd::engine::evaluate_function: SumBackward1,14126.9736328125,14614.0,backward,ok,torch.profiler,medium_c512
24,512,166.95200000000477,0,fp32,,train_step,medium,SumBackward1,14126.9736328125,14614.0,backward,ok,torch.profiler,medium_c512
24,512,489.4730000000127,5075.553000000029,fp32,,train_step,medium,autograd::engine::evaluate_function: ExpBackward0,14126.9736328125,14614.0,backward,ok,torch.profiler,medium_c512
24,512,361.48300000003655,5075.553000000029,fp32,,train_step,medium,ExpBackward0,14126.9736328125,14614.0,backward,ok,torch.profiler,medium_c512
72,512,1831.4459999999526,4833.536999999997,fp32,,train_step,medium,autograd::engine::evaluate_function: SubBackward0,14126.9736328125,14614.0,backward,ok,torch.profiler,medium_c512
72,512,1061.0389999999315,3613.6650000000955,fp32,,train_step,medium,SubBackward0,14126.9736328125,14614.0,backward,ok,torch.profiler,medium_c512
24,512,1628.5219999999536,5996.831000000078,fp32,,train_step,medium,autograd::engine::evaluate_function: MaxBackward0,14126.9736328125,14614.0,backward,ok,torch.profiler,medium_c512
24,512,1131.6430000000255,1242.560000000114,fp32,,train_step,medium,MaxBackward0,14126.9736328125,14614.0,backward,ok,torch.profiler,medium_c512
24,512,1060.5660000000062,1242.560000000114,fp32,,train_step,medium,aten::value_selecting_reduction_backward,14126.9736328125,14614.0,backward,ok,torch.profiler,medium_c512
24,512,495.2790000000532,1033.2490000000544,fp32,,train_step,medium,aten::zeros,14126.9736328125,14614.0,,ok,torch.profiler,medium_c512
25,512,319.1369999999588,1057.6330000000744,fp32,,train_step,medium,aten::zero_,14126.9736328125,14614.0,,ok,torch.profiler,medium_c512
24,512,457.7900000000227,209.31100000005972,fp32,,train_step,medium,aten::scatter_,14126.9736328125,14614.0,,ok,torch.profiler,medium_c512
24,512,1301.7499999999272,2658.0790000000125,fp32,,train_step,medium,autograd::engine::evaluate_function: WhereBackward0,14126.9736328125,14614.0,backward,ok,torch.profiler,medium_c512
24,512,1127.4059999999736,2658.0790000000125,fp32,,train_step,medium,WhereBackward0,14126.9736328125,14614.0,backward,ok,torch.profiler,medium_c512
24,512,206.0779999999795,0,fp32,,train_step,medium,autograd::engine::evaluate_function: TransposeBackward0,14126.9736328125,14614.0,backward,ok,torch.profiler,medium_c512
24,512,117.54099999996834,0,fp32,,train_step,medium,TransposeBackward0,14126.9736328125,14614.0,backward,ok,torch.profiler,medium_c512
48,512,941.8709999999701,0,fp32,,train_step,medium,autograd::engine::evaluate_function: CatBackward0,14126.9736328125,14614.0,backward,ok,torch.profiler,medium_c512
48,512,711.2620000000315,0,fp32,,train_step,medium,CatBackward0,14126.9736328125,14614.0,backward,ok,torch.profiler,medium_c512
96,512,584.5169999998325,0,fp32,,train_step,medium,aten::narrow,14126.9736328125,14614.0,,ok,torch.profiler,medium_c512
96,512,419.194999999876,0,fp32,,train_step,medium,aten::slice,14126.9736328125,14614.0,,ok,torch.profiler,medium_c512
48,512,1450.8970000000263,414.94100000000617,fp32,,train_step,medium,autograd::engine::evaluate_function: UnbindBackward0,14126.9736328125,14614.0,backward,ok,torch.profiler,medium_c512
48,512,1198.9620000000432,414.94100000000617,fp32,,train_step,medium,UnbindBackward0,14126.9736328125,14614.0,backward,ok,torch.profiler,medium_c512
48,512,1093.2059999999328,414.94100000000617,fp32,,train_step,medium,aten::stack,14126.9736328125,14614.0,,ok,torch.profiler,medium_c512
1,512,0,240.03200000000652,fp32,,train_step,medium,loss,14126.9736328125,14614.0,,ok,torch.profiler,medium_c512
1,512,0,1.2160000000003492,fp32,,train_step,medium,backward,14126.9736328125,14614.0,backward,ok,torch.profiler,medium_c512
50,512,0,323.55400000003283,fp32,,train_step,medium,"void at::native::elementwise_kernel<128, 2, at::native::gpu_kernel_impl_nocast<at::native::BUnaryFunctor<float, float, float, at::native::binary_internal::MulFunctor<float> > >(at::TensorIteratorBase&, at::native::BUnaryFunctor<float, float, float, at::native::binary_internal::MulFunctor<float> > const&)::{lambda(int)#1}>(int, at::native::gpu_kernel_impl_nocast<at::native::BUnaryFunctor<float, float, float, at::native::binary_internal::MulFunctor<float> > >(at::TensorIteratorBase&, at::native::BUnaryFunctor<float, float, float, at::native::binary_internal::MulFunctor<float> > const&)::{lambda(int)#1})",14126.9736328125,14614.0,,ok,torch.profiler,medium_c512
50,512,0,433.1840000001248,fp32,,train_step,medium,Memcpy DtoD (Device -> Device),14126.9736328125,14614.0,,ok,torch.profiler,medium_c512
99,512,0,487.45799999986775,fp32,,train_step,medium,"void at::native::vectorized_elementwise_kernel<4, at::native::AUnaryFunctor<float, float, float, at::native::binary_internal::MulFunctor<float> >, std::array<char*, 2ul> >(int, at::native::AUnaryFunctor<float, float, float, at::native::binary_internal::MulFunctor<float> >, std::array<char*, 2ul>)",14126.9736328125,14614.0,,ok,torch.profiler,medium_c512
1,512,0,761.7280000000028,fp32,,train_step,medium,void cutlass::Kernel2<cutlass_80_simt_sgemm_128x256_8x4_nt_align1>(cutlass_80_simt_sgemm_128x256_8x4_nt_align1::Params),14126.9736328125,14614.0,,ok,torch.profiler,medium_c512
73,512,0,24733.030999999915,fp32,,train_step,medium,void cutlass::Kernel2<cutlass_80_simt_sgemm_256x128_8x4_nn_align1>(cutlass_80_simt_sgemm_256x128_8x4_nn_align1::Params),14126.9736328125,14614.0,,ok,torch.profiler,medium_c512
49,512,0,368.70699999993667,fp32,,train_step,medium,"void at::native::reduce_kernel<128, 4, at::native::ReduceOp<float, at::native::func_wrapper_t<float, at::native::sum_functor<float, float, float>::operator()(at::TensorIterator&)::{lambda(float, float)#1}>, unsigned int, float, 4, 4> >(at::native::ReduceOp<float, at::native::func_wrapper_t<float, at::native::sum_functor<float, float, float>::operator()(at::TensorIterator&)::{lambda(float, float)#1}>, unsigned int, float, 4, 4>)",14126.9736328125,14614.0,,ok,torch.profiler,medium_c512
49,512,0,61.50400000001537,fp32,,train_step,medium,"void at::native::vectorized_elementwise_kernel<4, at::native::(anonymous namespace)::pow_tensor_scalar_kernel_impl<float, float>(at::TensorIteratorBase&, float)::{lambda(float)#2}, std::array<char*, 2ul> >(int, at::native::(anonymous namespace)::pow_tensor_scalar_kernel_impl<float, float>(at::TensorIteratorBase&, float)::{lambda(float)#2}, std::array<char*, 2ul>)",14126.9736328125,14614.0,,ok,torch.profiler,medium_c512
72,512,0,21912.13399999999,fp32,,train_step,medium,void cutlass::Kernel2<cutlass_80_simt_sgemm_256x128_8x4_nt_align1>(cutlass_80_simt_sgemm_256x128_8x4_nt_align1::Params),14126.9736328125,14614.0,,ok,torch.profiler,medium_c512
24,512,0,2517.025999999969,fp32,,train_step,medium,"void at::native::vectorized_elementwise_kernel<4, at::native::sigmoid_backward_kernel_cuda(at::TensorIteratorBase&)::{lambda()#2}::operator()() const::{lambda()#2}::operator()() const::{lambda(float, float)#1}, std::array<char*, 3ul> >(int, at::native::sigmoid_backward_kernel_cuda(at::TensorIteratorBase&)::{lambda()#2}::operator()() const::{lambda()#2}::operator()() const::{lambda(float, float)#1}, std::array<char*, 3ul>)",14126.9736328125,14614.0,backward,ok,torch.profiler,medium_c512
96,512,0,10279.806999999782,fp32,,train_step,medium,void cutlass::Kernel2<cutlass_80_simt_sgemm_64x64_8x5_nt_align1>(cutlass_80_simt_sgemm_64x64_8x5_nt_align1::Params),14126.9736328125,14614.0,,ok,torch.profiler,medium_c512
96,512,0,10161.219999999972,fp32,,train_step,medium,ampere_sgemm_128x64_nn,14126.9736328125,14614.0,,ok,torch.profiler,medium_c512
48,512,0,4681.953999999896,fp32,,train_step,medium,ampere_sgemm_128x128_nt,14126.9736328125,14614.0,,ok,torch.profiler,medium_c512
48,512,0,6747.139000000097,fp32,,train_step,medium,"void at::native::vectorized_elementwise_kernel<4, at::native::neg_kernel_cuda(at::TensorIteratorBase&)::{lambda()#2}::operator()() const::{lambda()#7}::operator()() const::{lambda(float)#1}, std::array<char*, 2ul> >(int, at::native::neg_kernel_cuda(at::TensorIteratorBase&)::{lambda()#2}::operator()() const::{lambda()#7}::operator()() const::{lambda(float)#1}, std::array<char*, 2ul>)",14126.9736328125,14614.0,,ok,torch.profiler,medium_c512
24,512,0,209.31100000005972,fp32,,train_step,medium,"void at::native::_scatter_gather_elementwise_kernel<128, 8, at::native::_cuda_scatter_gather_internal_kernel<true, at::native::OpaqueType<4>, long>::operator()<at::native::TensorAssign>(at::TensorIterator&, long, long, long, at::native::TensorAssign const&)::{lambda(int)#1}>(int, at::native::_cuda_scatter_gather_internal_kernel<true, at::native::OpaqueType<4>, long>::operator()<at::native::TensorAssign>(at::TensorIterator&, long, long, long, at::native::TensorAssign const&)::{lambda(int)#1})",14126.9736328125,14614.0,,ok,torch.profiler,medium_c512
48,512,0,266.2700000000332,fp32,,train_step,medium,"void at::native::elementwise_kernel<128, 2, at::native::gpu_kernel_impl_nocast<at::native::neg_kernel_cuda(at::TensorIteratorBase&)::{lambda()#2}::operator()() const::{lambda()#7}::operator()() const::{lambda(float)#1}>(at::TensorIteratorBase&, at::native::neg_kernel_cuda(at::TensorIteratorBase&)::{lambda()#2}::operator()() const::{lambda()#7}::operator()() const::{lambda(float)#1} const&)::{lambda(int)#1}>(int, at::native::gpu_kernel_impl_nocast<at::native::neg_kernel_cuda(at::TensorIteratorBase&)::{lambda()#2}::operator()() const::{lambda()#7}::operator()() const::{lambda(float)#1}>(at::TensorIteratorBase&, at::native::neg_kernel_cuda(at::TensorIteratorBase&)::{lambda()#2}::operator()() const::{lambda()#7}::operator()() const::{lambda(float)#1} const&)::{lambda(int)#1})",14126.9736328125,14614.0,,ok,torch.profiler,medium_c512
24,512,0,137.95100000003004,fp32,,train_step,medium,"void at::native::(anonymous namespace)::CatArrayBatchedCopy_vectorized<at::native::(anonymous namespace)::OpaqueType<4u>, unsigned int, 1, 128, 1, 16, 4>(char*, at::native::(anonymous namespace)::CatArrInputTensorMetadata<at::native::(anonymous namespace)::OpaqueType<4u>, unsigned int, 128, 1>, at::native::(anonymous namespace)::TensorSizeStride<unsigned int, 4u>, int, unsigned int)",14126.9736328125,14614.0,,ok,torch.profiler,medium_c512
143,512,12353.118999999919,216724.92299999975,fp32,,train_step,medium,Command Buffer Full,14126.9736328125,14614.0,,ok,torch.profiler,medium_c512
1,512,218.62700000000768,44.41700000001583,fp32,,train_step,medium,autograd::engine::evaluate_function: IndexBackward0,14126.9736328125,14614.0,backward,ok,torch.profiler,medium_c512
1,512,210.32600000000093,44.41700000001583,fp32,,train_step,medium,IndexBackward0,14126.9736328125,14614.0,backward,ok,torch.profiler,medium_c512
1,512,21.452000000019325,24.384000000020023,fp32,,train_step,medium,aten::new_zeros,14126.9736328125,14614.0,,ok,torch.profiler,medium_c512
1,512,6.580000000016298,0,fp32,,train_step,medium,aten::new_empty,14126.9736328125,14614.0,,ok,torch.profiler,medium_c512
1,512,177.18900000001304,20.03299999999581,fp32,,train_step,medium,aten::_index_put_impl_,14126.9736328125,14614.0,,ok,torch.profiler,medium_c512
1,512,23.04099999999744,2.8479999999981374,fp32,,train_step,medium,aten::remainder,14126.9736328125,14614.0,,ok,torch.profiler,medium_c512
1,512,22.6820000000007,1.6009999999951106,fp32,,train_step,medium,aten::divide_,14126.9736328125,14614.0,,ok,torch.profiler,medium_c512
1,512,19.93599999998696,1.6009999999951106,fp32,,train_step,medium,aten::div_,14126.9736328125,14614.0,,ok,torch.profiler,medium_c512
2,512,0.16800000000512227,0,fp32,,train_step,medium,cudaPeekAtLastError,14126.9736328125,14614.0,,ok,torch.profiler,medium_c512
1,512,8705.613000000012,253395.7799999999,fp32,,train_step,medium,optimizer,14126.9736328125,14614.0,optimizer,ok,torch.profiler,medium_c512
1,512,8602.565000000002,253395.7799999999,fp32,,train_step,medium,Optimizer.step#AdamW.step,14126.9736328125,14614.0,optimizer,ok,torch.profiler,medium_c512
1,512,2.4170000000158325,0,fp32,,train_step,medium,cudaStreamIsCapturing,14126.9736328125,14614.0,,ok,torch.profiler,medium_c512
1,512,0.4270000000251457,0,fp32,,train_step,medium,aten::lift_fresh,14126.9736328125,14614.0,,ok,torch.profiler,medium_c512
1,512,2.6920000000100117,0,fp32,,train_step,medium,aten::detach_,14126.9736328125,14614.0,,ok,torch.profiler,medium_c512
1,512,0.875,0,fp32,,train_step,medium,detach_,14126.9736328125,14614.0,,ok,torch.profiler,medium_c512
2,512,1169.9749999999767,59457.03999999957,fp32,,train_step,medium,aten::_foreach_add_,14126.9736328125,14614.0,,ok,torch.profiler,medium_c512
2,512,726.3269999999902,74217.86799999978,fp32,,train_step,medium,aten::_foreach_mul_,14126.9736328125,14614.0,,ok,torch.profiler,medium_c512
1,512,239.72899999999208,10918.020000000135,fp32,,train_step,medium,aten::_foreach_lerp_,14126.9736328125,14614.0,,ok,torch.profiler,medium_c512
1,512,1675.390000000014,54550.419999999576,fp32,,train_step,medium,aten::_foreach_addcmul_,14126.9736328125,14614.0,,ok,torch.profiler,medium_c512
438,512,594.2540000000736,0,fp32,,train_step,medium,aten::item,14126.9736328125,14614.0,,ok,torch.profiler,medium_c512
438,512,105.33799999998882,0,fp32,,train_step,medium,aten::_local_scalar_dense,14126.9736328125,14614.0,,ok,torch.profiler,medium_c512
1,512,1179.8709999999846,3715.5200000000186,fp32,,train_step,medium,aten::_foreach_sqrt,14126.9736328125,14614.0,,ok,torch.profiler,medium_c512
1,512,252.862999999983,7438.462000000058,fp32,,train_step,medium,aten::_foreach_div_,14126.9736328125,14614.0,,ok,torch.profiler,medium_c512
1,512,427.0650000000023,43098.45000000077,fp32,,train_step,medium,aten::_foreach_addcdiv_,14126.9736328125,14614.0,,ok,torch.profiler,medium_c512
2,512,80315.09999999995,0,fp32,,train_step,medium,cudaDeviceSynchronize,14126.9736328125,14614.0,,ok,torch.profiler,medium_c512
1,512,0,2.8479999999981374,fp32,,train_step,medium,"void at::native::vectorized_elementwise_kernel<2, at::native::BUnaryFunctor<long, long, long, at::native::remainder_kernel_cuda(at::TensorIteratorBase&)::{lambda()#1}::operator()() const::{lambda()#4}::operator()() const::{lambda(long, long)#1}>, std::array<char*, 2ul> >(int, at::native::BUnaryFunctor<long, long, long, at::native::remainder_kernel_cuda(at::TensorIteratorBase&)::{lambda()#1}::operator()() const::{lambda()#4}::operator()() const::{lambda(long, long)#1}>, std::array<char*, 2ul>)",14126.9736328125,14614.0,,ok,torch.profiler,medium_c512
1,512,0,1.1209999999846332,fp32,,train_step,medium,"void at::native::vectorized_elementwise_kernel<2, at::native::AUnaryFunctor<long, long, long, at::native::binary_internal::MulFunctor<long> >, std::array<char*, 2ul> >(int, at::native::AUnaryFunctor<long, long, long, at::native::binary_internal::MulFunctor<long> >, std::array<char*, 2ul>)",14126.9736328125,14614.0,,ok,torch.profiler,medium_c512
1,512,0,1.6009999999951106,fp32,,train_step,medium,"void at::native::vectorized_elementwise_kernel<2, at::native::BUnaryFunctor<long, long, long, at::native::binary_internal::div_trunc_kernel_cuda(at::TensorIteratorBase&)::{lambda()#1}::operator()() const::{lambda()#4}::operator()() const::{lambda(long, long)#1}>, std::array<char*, 2ul> >(int, at::native::BUnaryFunctor<long, long, long, at::native::binary_internal::div_trunc_kernel_cuda(at::TensorIteratorBase&)::{lambda()#1}::operator()() const::{lambda()#4}::operator()() const::{lambda(long, long)#1}>, std::array<char*, 2ul>)",14126.9736328125,14614.0,,ok,torch.profiler,medium_c512
1,512,0,5.9210000000020955,fp32,,train_step,medium,"void at_cuda_detail::cub::DeviceRadixSortSingleTileKernel<at_cuda_detail::cub::DeviceRadixSortPolicy<long, at::cuda::cub::detail::OpaqueType<8>, unsigned long long>::Policy900, false, long, at::cuda::cub::detail::OpaqueType<8>, unsigned long long, at_cuda_detail::cub::detail::identity_decomposer_t>(long const*, long*, at::cuda::cub::detail::OpaqueType<8> const*, at::cuda::cub::detail::OpaqueType<8>*, unsigned long long, int, int, at_cuda_detail::cub::detail::identity_decomposer_t)",14126.9736328125,14614.0,,ok,torch.profiler,medium_c512
1,512,0,7.646999999997206,fp32,,train_step,medium,"void (anonymous namespace)::indexing_backward_kernel<float, 4>(long const*, long const*, float const*, float*, long, long, long, long, bool)",14126.9736328125,14614.0,backward,ok,torch.profiler,medium_c512
1,512,0,36779.43300000002,fp32,,train_step,medium,Optimizer.step#AdamW.step,14126.9736328125,14614.0,optimizer,ok,torch.profiler,medium_c512
42,512,0,7422.91399999999,fp32,,train_step,medium,"void at::native::(anonymous namespace)::multi_tensor_apply_kernel<at::native::(anonymous namespace)::TensorListMetadata<1>, at::native::(anonymous namespace)::BinaryOpScalarFunctor<float, 1, 1, 0>, std::multiplies<float>, float>(at::native::(anonymous namespace)::TensorListMetadata<1>, at::native::(anonymous namespace)::BinaryOpScalarFunctor<float, 1, 1, 0>, std::multiplies<float>, float)",14126.9736328125,14614.0,,ok,torch.profiler,medium_c512
21,512,0,5459.0100000000675,fp32,,train_step,medium,"void at::native::(anonymous namespace)::multi_tensor_apply_kernel<at::native::(anonymous namespace)::TensorListMetadata<2>, at::native::(anonymous namespace)::TernaryOpScalarFunctor<float, 2, 2, 0>, at::native::LerpFunctor<float>, float>(at::native::(anonymous namespace)::TensorListMetadata<2>, at::native::(anonymous namespace)::TernaryOpScalarFunctor<float, 2, 2, 0>, at::native::LerpFunctor<float>, float)",14126.9736328125,14614.0,,ok,torch.profiler,medium_c512
21,512,0,5455.041999999958,fp32,,train_step,medium,"void at::native::(anonymous namespace)::multi_tensor_apply_kernel<at::native::(anonymous namespace)::TensorListMetadata<3>, at::native::(anonymous namespace)::PointwiseOpScalarFunctor<float, 3, 3, 0>, std::multiplies<float>, float>(at::native::(anonymous namespace)::TensorListMetadata<3>, at::native::(anonymous namespace)::PointwiseOpScalarFunctor<float, 3, 3, 0>, std::multiplies<float>, float)",14126.9736328125,14614.0,,ok,torch.profiler,medium_c512
21,512,0,3715.5200000000186,fp32,,train_step,medium,"void at::native::(anonymous namespace)::multi_tensor_apply_kernel<at::native::(anonymous namespace)::TensorListMetadata<2>, at::native::(anonymous namespace)::UnaryOpFunctor<float, 2, 1, 1>, at::native::Sqrt<float> >(at::native::(anonymous namespace)::TensorListMetadata<2>, at::native::(anonymous namespace)::UnaryOpFunctor<float, 2, 1, 1>, at::native::Sqrt<float>)",14126.9736328125,14614.0,,ok,torch.profiler,medium_c512
21,512,0,3719.231000000029,fp32,,train_step,medium,"void at::native::(anonymous namespace)::multi_tensor_apply_kernel<at::native::(anonymous namespace)::TensorListScalarListMetadata<float, 1>, at::native::(anonymous namespace)::BinaryOpScalarListFunctor<float, 1, 1, 0>, std::divides<float> >(at::native::(anonymous namespace)::TensorListScalarListMetadata<float, 1>, at::native::(anonymous namespace)::BinaryOpScalarListFunctor<float, 1, 1, 0>, std::divides<float>)",14126.9736328125,14614.0,,ok,torch.profiler,medium_c512
21,512,0,3716.064999999973,fp32,,train_step,medium,"void at::native::(anonymous namespace)::multi_tensor_apply_kernel<at::native::(anonymous namespace)::TensorListMetadata<1>, at::native::(anonymous namespace)::BinaryOpScalarFunctor<float, 1, 1, 0>, std::plus<float>, float>(at::native::(anonymous namespace)::TensorListMetadata<1>, at::native::(anonymous namespace)::BinaryOpScalarFunctor<float, 1, 1, 0>, std::plus<float>, float)",14126.9736328125,14614.0,,ok,torch.profiler,medium_c512
21,512,0,7183.075000000128,fp32,,train_step,medium,"void at::native::(anonymous namespace)::multi_tensor_apply_kernel<at::native::(anonymous namespace)::TensorListScalarListMetadata<float, 3>, at::native::(anonymous namespace)::PointwiseOpScalarListFunctor<float, 3, 3, 0>, std::divides<float> >(at::native::(anonymous namespace)::TensorListScalarListMetadata<float, 3>, at::native::(anonymous namespace)::PointwiseOpScalarListFunctor<float, 3, 3, 0>, std::divides<float>)",14126.9736328125,14614.0,,ok,torch.profiler,medium_c512
,1024,,,fp32,"CUDA out of memory. Tried to allocate 256.00 MiB. GPU 0 has a total capacity of 23.55 GiB of which 33.75 MiB is free. Including non-PyTorch memory, this process has 23.50 GiB memory in use. Of the allocated memory 22.82 GiB is allocated by PyTorch, and 224.10 MiB is reserved by PyTorch but unallocated. If reserved but unallocated memory is large try setting PYTORCH_CUDA_ALLOC_CONF=expandable_segments:True to avoid fragmentation.  See documentation for Memory Management  (https://docs.pytorch.org/docs/stable/notes/cuda.html#optimizing-memory-usage-with-pytorch-cuda-alloc-conf)",train_step,medium,,,,,oom,torch.profiler,medium_c1024
